AREAP,avg_num_people
1302603005001,4.0948936170212775
1302603005002,4.1957971014492745
1302603005003,3.9286440677966112
1302603005004,4.084615384615383
1302603005005,3.863297872340424
1302603005006,4.007078651685391
1302603005007,3.871073825503356
1302603005008,3.5887012987013
1302603005009,4.276029411764706
1302603005010,3.666714285714286
1302603005011,3.4831884057971014
1302603005012,3.4887931034482773
1302603005013,3.8513043478260864
1302603005014,3.855217391304348
1302603005015,3.756575342465753
1302603005016,3.927121212121213
1302603005017,3.983285714285714
1302603005018,3.951341463414635
1302603005019,3.9419354838709673
1302603005020,3.737894736842105
1302603005021,3.557285714285714
1302603005022,3.471846153846154
1302603005023,4.0214285714285705
1302603005024,3.987333333333332
1302603005025,3.9401785714285715
1302603005026,3.8426470588235286
1302603005027,4.102916666666666
1302603005028,4.1933333333333325
1302603005029,4.093846153846156
1302603005030,4.031999999999999
1302603005031,3.745194805194806
1302603005032,4.07171052631579
1302603005033,3.8
2403251005001,3.4078571428571425
2403251005002,3.5381250000000004
2403251005003,3.3735
2403251005004,3.4309523809523816
2403251005005,3.586875
2403251005006,3.430400000000001
2403251005007,3.124375
2403251005008,3.154666666666666
2403251005009,3.0481818181818188
2403251005010,3.5535714285714284
2403251005011,3.194761904761905
2403608001001,3.7791666666666655
2407104003001,3.5075000000000003
2407104003002,3.5832258064516127
2408102004001,3.3392857142857144
2408102004002,3.5696296296296297
2408102004003,3.6190322580645167
2408102004004,3.3853571428571434
2408102004005,3.5493548387096774
2408102004006,3.117647058823529
2408102004007,3.498157894736841
2408102004008,3.5745161290322582
2408102004009,3.4884374999999994
2408102004010,3.450322580645161
2408102004011,3.2888888888888883
2408102004012,3.176470588235293
2408102004013,3.3294117647058825
2408102004014,3.535000000000001
2408102004015,3.516451612903225
2408102004016,3.4551515151515155
2408102004017,3.063684210526316
2408102004018,3.3392105263157896
2408102004019,3.431875
2408102004020,3.486923076923076
2408102004021,3.4814285714285718
2408102004022,3.467843137254901
2408102004023,3.506470588235292
2408201001001,3.636111111111111
2412005003001,3.5683333333333334
2412005003002,3.5076470588235296
2412005003003,3.608000000000001
2412005003004,3.6433333333333335
2412203003001,3.635555555555556
2412203003002,3.681851851851852
5103403005001,3.5564444444444456
5103403005002,3.195454545454545
5103403005003,3.2371794871794863
5103403005004,3.1478846153846165
5103403005005,3.0610526315789466
5103403005006,3.2280392156862745
5103403005007,3.298653846153845
5103403005008,3.409756097560976
5103403005009,3.442127659574468
5103403005010,3.5431372549019615
5103403005011,3.24925
5103403005012,3.0656250000000003
5103403005013,3.305853658536586
5103403005014,3.4414035087719297
5103403005015,3.3634210526315784
5103403005016,3.2784615384615385
5103403005017,3.435217391304348
5103403005018,3.2868421052631582
5108402005001,3.2605000000000004
5108402005002,3.5254545454545454
5108402005003,3.4876190476190483
5108402005004,3.4575000000000005
5108402005005,3.3768965517241383
5108402005006,3.485555555555555
5108402005007,3.375
5108402005008,3.430526315789473
5108402005009,3.518636363636364
5108402005010,3.3309523809523816
5108402005011,3.432105263157895
5108402005012,3.4426315789473687
5108402005013,3.3117647058823527
5108402005014,3.1074999999999995
5108402005015,3.282916666666668
5108402005016,3.275652173913043
5108402005017,3.4085365853658542
3106200005001,3.3720253164556957
3106200005002,3.226231884057971
3106200005003,3.2528767123287667
3106200005004,3.2947500000000005
3106200005005,3.2374000000000014
3106200005006,3.366739130434783
3106200005007,3.4826865671641785
3106200005008,2.3693846153846163
3106200005009,2.5345762711864417
3106200005010,2.406538461538462
3106200005011,2.7969767441860465
3106200005012,2.9005000000000014
3106200005013,2.7139999999999995
3106200005014,3.5639062500000005
3106200005015,2.915
3106200005016,2.8903508771929824
3106200005017,3.2533707865168537
3106200005018,2.8746376811594203
3106200005019,2.7260869565217387
3106200005020,2.9914285714285715
3106200005021,3.211041666666668
3106200005022,3.61046875
3106200005023,3.355185185185185
3106200005024,3.543877551020408
3106200005025,3.3102380952380948
3106200005026,3.2442105263157885
3106200005027,3.1592857142857134
3106200005028,3.250172413793103
3106200005029,3.2716666666666665
3106200005030,3.3888461538461536
3106200005031,3.378833333333333
3106200005032,3.2676119402985075
3106200005033,3.111666666666667
3106200005034,3.02529411764706
3106200005035,3.037560975609757
3106200005036,2.8766666666666683
3106200005037,3.110178571428572
3106200005038,3.031698113207547
3106200005039,2.955915492957747
3106200005040,3.2514583333333325
3106200005041,3.2571052631578943
3106200005042,3.1815555555555552
3106200005043,2.8837037037037043
3106200005044,2.9850793650793657
3106200005045,2.9321276595744683
3106200005046,2.8131249999999994
3106200005047,2.8932558139534885
3106200005048,3.4327777777777784
3106200005049,3.2101818181818187
3106200005050,3.2393333333333354
3106200005051,3.2455000000000003
3106200005052,3.3955769230769235
3106200005053,3.2867391304347824
3106200005054,2.8057142857142856
3106200005055,3.2235365853658533
3106200005056,2.9314893617021283
3106200005057,3.161896551724139
3106200005058,3.1057692307692317
3106200005059,3.2753731343283587
3106200005060,3.2017391304347838
3106200005061,3.3054929577464773
3106200005062,3.3907042253521134
3106200005063,3.173880597014925
3106200005064,3.255609756097561
3106200005065,3.3095454545454546
3106200005066,3.3299999999999987
3106200005067,3.3378260869565217
3106705005001,3.2736363636363635
3106705005002,3.1936170212765966
3106705005003,3.531944444444445
3106705005004,3.1072413793103446
3106705005005,3.4631999999999987
3106705005006,3.4603448275862068
3106705005007,3.239787234042553
3106705005008,3.274666666666667
3106705005009,3.32125
3106705005010,3.1795238095238094
3106705005011,3.2891666666666666
3106705005012,3.4336111111111114
3106705005013,3.367916666666668
3106705005014,3.3268965517241385
3106705005015,3.311666666666666
3106705005016,3.2694444444444435
3106705005017,3.262058823529411
3106705005018,3.4686206896551717
3106705005019,3.3202941176470584
3106705005020,3.3688
3109006003001,3.2773333333333325
3109006003002,3.031132075471698
3110004003001,3.3624999999999994
3110004003002,3.33
3112505001001,3.2256250000000004
3115904001001,2.91
3117876001001,3.464
3118601005001,3.5079012345679024
3118601005002,3.3827777777777777
3118601005003,3.475312499999999
3118601005004,3.4439506172839502
3118601005005,3.217551020408163
3118601005006,3.258999999999999
3118601005007,3.3687719298245624
3118601005008,3.33796875
3118601005009,3.0537254901960798
3118601005010,3.154782608695652
3118601005011,3.1547916666666675
3118601005012,3.1054022988505747
3118601005013,3.2660714285714296
3118601005014,3.0740740740740735
3119401003001,3.155106382978722
3119401003002,3.2379487179487185
3119401003003,3.4369230769230765
3119401003004,3.346756756756757
3119401003005,3.3218604651162797
3124104003001,3.298133333333333
3124104003002,3.372321428571428
3129806003001,3.455
3129806003002,3.5361904761904763
3129806003003,3.3520000000000008
3129806003004,3.447083333333333
3129806003005,3.4463888888888885
3129806003006,3.35695652173913
3129806003007,3.4542857142857146
3129806003008,3.4811627906976734
3130101003001,3.1826086956521737
3130101003002,3.3642307692307694
3131158001001,3.444500000000001
3131307005001,3.18
3131307005002,3.0789655172413792
3131307005003,3.3362962962962968
3131307005004,3.178611111111111
3131307005005,3.224166666666666
3131307005006,3.234090909090909
3131307005007,3.412692307692308
3131307005008,3.4075862068965512
3131307005009,3.160526315789473
3131307005010,3.244285714285714
3131307005011,3.4263636363636367
3131307005012,3.4300000000000006
3136652001001,3.197105263157895
3136702005001,3.3029870129870136
3136702005002,3.1734042553191486
3136702005003,3.1285106382978736
3136702005004,3.0977611940298497
3136702005005,2.6563636363636367
3136702005006,2.4004166666666658
3136702005007,2.72056338028169
3136702005008,3.177045454545455
3136702005009,3.0233333333333343
3136702005010,3.137500000000001
3136702005011,3.029428571428572
3136702005012,3.0115789473684216
3136702005013,3.027307692307692
3136702005014,3.154528301886793
3137601003001,3.308108108108108
3137601003002,3.3102777777777783
3140159001001,3.374117647058824
3140704003001,3.3350000000000013
3140704003002,3.1435714285714287
3140803001001,3.311851851851852
3141108003001,3.4377777777777787
3144805003001,3.1390000000000007
3144805003002,3.2589473684210524
3144805003003,3.3051351351351346
3144805003004,3.3872972972972977
3149309003001,3.2904761904761903
3149309003002,3.311666666666666
3149309003003,3.276111111111111
3153608001001,3.4947058823529416
3153905001001,3.428
3154606005001,3.473333333333333
3154606005002,3.3336842105263162
3154606005003,3.5328571428571434
3154606005004,3.3866666666666667
3154606005005,3.4994117647058824
3154606005006,3.5085714285714285
3154606005007,3.2475
3154606005008,3.3200000000000003
3154606005009,3.454583333333332
3154606005010,3.4525925925925915
3154606005011,3.475
3154606005012,3.327777777777777
3154606005013,3.38875
3154606005014,3.3961111111111117
3154606005015,3.4350000000000005
3154606005016,3.411666666666667
3154606005017,3.4503846153846145
3154606005018,3.455294117647058
3154606005019,3.478333333333333
3154606005020,3.453333333333333
3154804001001,3.340588235294118
3156700003001,3.324761904761905
3156700003002,3.384782608695652
3156700003003,3.4216
3156700003004,3.4631999999999987
3156700003005,3.5215151515151515
3156700003006,3.3783673469387763
3157807005001,3.4473076923076933
3157807005002,3.4493333333333336
3157807005003,3.4355
3157807005004,3.583125
3157807005005,3.3325
3157807005006,3.424687500000001
3157807005007,3.344761904761905
3157807005008,3.4068
3157807005009,3.35578947368421
3157807005010,3.61388888888889
3157807005011,3.638333333333333
3157807005012,3.7405555555555554
3158953001001,3.402619047619047
3162922001001,3.3940540540540534
3162955001001,3.4851999999999994
3165537001001,3.5143181818181826
3167202005001,3.5215000000000005
3167202005002,3.6515
3167202005003,3.428
3167202005004,3.473333333333333
3167202005005,3.554999999999999
3167202005006,3.3684210526315788
3167202005007,3.3523809523809516
3167202005008,3.2109090909090914
3167202005009,2.9796000000000005
3167202005010,3.5271428571428576
3167202005011,3.3247368421052634
3167202005012,3.2671428571428565
3167202005013,3.261428571428572
3168705003001,3.3183333333333334
3168705003002,3.3844444444444446
3168705003003,3.194687500000001
3168705003004,3.4085714285714284
3170206005001,3.2980000000000005
3170206005002,3.0264516129032266
3170206005003,3.208888888888888
3170206005004,3.2136666666666667
3170206005005,2.796382978723404
3170206005006,2.7972093023255815
3170206005007,2.5453125
3170206005008,3.0682608695652167
3170206005009,3.206666666666667
3170206005010,3.0617857142857146
3170206005011,3.0518518518518523
3170206005012,3.4408333333333334
3170206005013,2.94962962962963
3170206005014,3.0220454545454545
3170206005015,3.2918749999999988
3170206005016,3.1170967741935485
3170206005017,3.1286666666666667
3171204003001,3.6225000000000014
3171204003002,3.50875
3171204003003,3.641052631578948
3171204003004,3.328181818181818
3171204003005,3.504324324324325
3501152001001,3.3400000000000003
3501608005001,2.5426315789473684
3501608005002,3.268888888888889
3501608005003,3.305
3501608005004,3.0702564102564107
3501608005005,3.0617241379310345
3501608005006,3.3634210526315784
3501608005007,2.9261904761904765
3501608005008,2.908636363636364
3501608005009,2.804117647058824
3501608005010,3.1593749999999994
3502754001001,3.3919999999999995
3502903003001,3.164791666666668
3503901003001,3.48578947368421
3503901003002,3.402972972972973
3503901003003,3.5745945945945943
3504107003001,3.1830000000000003
3504107003002,2.890000000000001
3504107003003,3.287586206896552
3504107003004,3.0356666666666663
3504107003005,3.3201587301587314
3504107003006,3.54
3504107003007,3.4667272727272733
3504602001001,3.0836842105263162
3505708005001,3.12625
3505708005002,3.463846153846154
3505708005003,3.3343750000000005
3505708005004,3.449333333333333
3505708005005,3.4626315789473683
3505708005006,3.4735714285714283
3505708005007,3.3145
3505708005008,3.4207142857142854
3505708005009,3.364782608695652
3505708005010,3.3699999999999988
3505708005011,3.3095
3505708005012,2.882941176470588
3505708005013,3.5615625000000004
3506359003001,3.2078378378378383
3506359003002,3.2145
3507001003001,3.205606060606061
3507001003002,3.308181818181818
3507100001001,3.304893617021277
3508405003001,3.4603333333333333
3508405003002,3.44125
3508504003001,3.4871428571428567
3508504003002,3.1938709677419355
3508504003003,3.2874358974358984
3508504003004,3.5202380952380965
3509007003001,3.559444444444445
3509007003002,3.415652173913044
3509007003003,3.2944897959183668
3509007003004,3.343888888888889
3509205003001,3.2790909090909084
3509205003002,3.3186842105263152
3509205003003,3.3017857142857148
3509502005001,3.296818181818182
3509502005002,3.2543999999999995
3509502005003,3.029761904761905
3509502005004,3.0554838709677417
3509502005005,2.873962264150944
3509502005006,2.809622641509433
3509502005007,2.7757777777777783
3509502005008,3.332826086956523
3509502005009,3.0004347826086954
3509502005010,2.339999999999999
3509502005011,3.151136363636364
3509502005012,2.162884615384616
3509502005013,2.01609756097561
3509502005014,2.43972972972973
3509502005015,3.1742857142857157
3509502005016,3.0102380952380954
3509502005017,3.312222222222222
3509502005018,3.2231914893617035
3509502005019,3.028124999999999
3509502005020,2.7526666666666664
3509502005021,3.236153846153845
3509502005022,3.158235294117648
3509502005023,3.12
3509502005024,3.563703703703704
3509502005025,3.402340425531916
3509502005026,3.5610526315789466
3509502005027,3.5920454545454543
3509502005028,3.2719230769230774
3509502005029,3.5369999999999986
3509502005030,3.5242499999999994
3509502005031,3.4673076923076938
3509502005032,3.5891666666666664
3509502005033,3.3807317073170733
3509502005034,3.3523404255319145
3509502005035,3.3162222222222213
3509502005036,3.449642857142857
3509601003001,3.422592592592593
3509601003002,3.177499999999999
3509601003003,3.264571428571428
3509601003004,3.496666666666666
3510609005001,3.3388636363636355
3510609005002,3.111785714285713
3510609005003,3.588163265306122
3510609005004,3.3883950617283936
3510609005005,3.435074626865671
3510609005006,3.5672289156626515
3510609005007,3.4773015873015867
3511300001001,3.071875
3512803003001,3.3905555555555553
3512803003002,3.416764705882353
3512803003003,3.2325000000000013
3513009003001,3.446875
3513009003002,3.3391304347826085
3513009003003,3.3035
3513009003004,3.3539130434782614
3513009003005,3.40764705882353
3513009003006,3.4696774193548383
3513009003007,3.271304347826088
3513009003008,3.4100000000000006
3513009003009,3.3968421052631577
3513009003010,3.5206060606060614
3513504003001,3.025714285714286
3513504003002,3.2649056603773587
3513504003003,3.3299999999999987
3513504003004,3.1890476190476185
3513504003005,3.284516129032259
3513801005001,3.297916666666666
3513801005002,3.2399999999999998
3513801005003,3.4007142857142854
3513801005004,3.351666666666667
3513801005005,3.5796551724137933
3513801005006,3.17
3513801005007,3.1352631578947365
3513801005008,3.110434782608696
3513801005009,3.252
3513801005010,3.2422727272727268
3513801005011,3.4265
3513801005012,3.4125
3513801005013,3.302
3513801005014,3.408125
3513801005015,3.291111111111111
3513801005016,3.3503846153846157
3513801005017,3.363684210526316
3513801005018,3.2068421052631577
3513801005019,3.390526315789473
3513801005020,3.2715789473684214
3513801005021,3.222380952380953
3513801005022,3.3963636363636365
3515004005001,3.714999999999999
3515004005002,3.4931999999999994
3515004005003,3.638571428571429
3515004005004,3.4333333333333327
3515004005005,3.5955263157894737
3515004005006,3.5294736842105263
3515004005007,3.4896875
3515004005008,3.557999999999999
3515004005009,3.800416666666667
3515004005010,3.3237254901960784
3515004005011,3.7186666666666666
3515004005012,3.3798275862068965
3515103003001,3.4309523809523816
3515103003002,3.385172413793103
3515103003003,3.510666666666667
3515707003001,3.4576923076923074
3515707003002,3.4947368421052634
3515707003003,3.3959259259259262
3515707003004,3.550588235294118
3515707003005,3.5025
3515707003006,3.5415
3515707003007,3.4661702127659573
3515707003008,3.482400000000001
3516309003001,3.4812499999999997
3516309003002,3.4240384615384616
3516309003003,3.5670454545454544
3516309003004,3.6370967741935485
3516309003005,3.550892857142858
3516408003001,3.3149999999999995
3516408003002,3.5363157894736847
3516408003003,3.5095
3516408003004,3.3907407407407413
3516408003005,3.3031428571428574
3516408003006,3.3856521739130443
3517505001001,3.103703703703704
3518305001001,3.295555555555555
3518701005001,2.711791044776119
3518701005002,3.3233333333333333
3518701005003,3.8064
3518701005004,2.9500000000000006
3518701005005,3.512972972972973
3518701005006,3.192903225806452
3518701005007,3.4880000000000004
3518701005008,3.341111111111112
3518701005009,3.5152941176470587
3518701005010,3.539375000000001
3518701005011,3.6420000000000012
3518701005012,3.5311764705882362
3518701005013,3.6866666666666656
3518701005014,3.4496774193548387
3518701005015,3.5819047619047626
3518800005001,2.9214285714285695
3518800005002,3.0631250000000008
3518800005003,3.4749999999999988
3518800005004,3.2547368421052636
3518800005005,3.243898305084746
3518800005006,3.3156756756756764
3518800005007,3.2414285714285733
3518800005008,3.4343137254901945
3518800005009,3.23402985074627
3518800005010,3.0627118644067783
3518800005011,2.962181818181819
3518800005012,3.1754838709677427
3518800005013,3.3810526315789478
3518800005014,3.406274509803921
3518800005015,3.4816666666666665
3518800005016,3.701538461538461
3518800005017,3.395576923076924
3518800005018,3.6249999999999987
3518800005019,3.5700000000000003
3518800005020,3.601392405063291
3518800005021,3.3951612903225805
3518800005022,3.4856363636363636
3518800005023,3.494761904761904
3518800005024,3.406290322580644
3518800005025,3.4967105263157894
3518800005026,3.7582051282051276
3518800005027,3.4372222222222217
3518800005028,3.6895
3518800005029,3.4671428571428566
3518800005030,3.379111111111111
3519071005001,3.2437500000000004
3519071005002,3.4865000000000013
3519071005003,3.2817391304347834
3519071005004,3.57361111111111
3519071005005,3.3780769230769234
3519071005006,3.6081818181818175
3519071005007,3.4707407407407405
3519071005008,3.374285714285714
3519071005009,3.1589285714285733
3520509005001,3.4675
3520509005002,3.3887499999999995
3520509005003,3.202022471910113
3521002001001,3.384705882352941
3522109003001,3.2017391304347824
3522109003002,2.8680000000000003
3522109003003,3.1228
3522109003004,2.9732758620689657
3522109003005,2.889753086419753
3522208003001,3.3400000000000007
3522208003002,3.656956521739131
3522208003003,3.5577272727272726
3522208003004,3.2752631578947367
3522208003005,3.5575757575757567
3522208003006,3.3936842105263154
3522208003007,3.5285714285714267
3522505005001,3.2017647058823533
3522505005002,3.3738461538461535
3522505005003,3.5211764705882365
3522505005004,3.548571428571428
3522505005005,3.2292857142857145
3522505005006,3.686666666666667
3522505005007,3.584285714285714
3522505005008,3.5813333333333333
3522505005009,3.3935714285714287
3522505005010,3.501333333333333
3522505005011,3.441818181818182
3522505005012,3.462857142857142
3522505005013,3.667857142857143
3523107005001,3.7633333333333328
3523107005002,3.598666666666667
3523107005003,3.5715384615384616
3523107005004,3.595833333333333
3523107005005,3.471538461538462
3523107005006,3.5463414634146337
3523107005007,3.591818181818182
3523107005008,3.6011764705882365
3523107005009,3.5788235294117654
3523107005010,3.62
3523107005011,3.4299999999999997
3523107005012,3.585
3523107005013,3.598636363636364
3523107005014,3.661481481481481
3523107005015,3.6445161290322585
3523107005016,3.564615384615384
3523404003001,3.2557894736842106
3523404003002,3.3914285714285715
3523404003003,3.4769999999999994
3523404003004,3.033023255813954
3523404003005,3.218813559322033
3523909003001,3.4313333333333333
3523909003002,3.5861111111111112
3523909003003,3.5694117647058823
3523909003004,3.1318181818181814
3523909003005,3.0084
3523909003006,3.2591666666666668
3523909003007,3.200978260869565
3524006003001,3.4071875000000014
3524006003002,3.2830000000000004
3524402005001,2.8303448275862078
3524402005002,3.4331481481481485
3524402005003,3.2733333333333325
3524402005004,3.3823809523809523
3524402005005,3.2575925925925917
3524402005006,3.5796610169491534
3524402005007,3.2904166666666668
3524402005008,3.419354838709677
3524709003001,3.312333333333333
3524709003002,3.467142857142857
3525003003001,3.246875
3525003003002,3.369375
3525003003003,3.394285714285714
3525003003004,3.267
3525003003005,3.3825000000000007
3525102003001,3.1438888888888883
3525102003002,3.478666666666667
3525904005001,3.3496875000000013
3525904005002,3.088148148148148
3525904005003,2.8725714285714288
3525904005004,3.2655000000000003
3525904005005,3.0169230769230766
3525904005006,2.7625925925925934
3525904005007,2.8375862068965514
3525904005008,3.1
3525904005009,2.504193548387097
3525904005010,2.8052
3525904005011,3.022272727272728
3525904005012,3.411363636363636
3525904005013,3.088709677419355
3525904005014,3.5022580645161296
3525904005015,3.4853846153846164
3525904005016,3.1480769230769234
3525904005017,3.3449999999999998
3525904005018,3.1803846153846163
3525904005019,2.8847826086956525
3525904005020,3.255555555555555
3525904005021,3.4286363636363637
3525904005022,2.8434375
3525904005023,3.265
3525904005024,3.300454545454545
3526209003001,3.218518518518519
3527306003001,3.357272727272727
3527306003002,3.342631578947368
3528403003001,3.3966666666666665
3528403003002,3.26590909090909
3528502003001,3.37375
3528502003002,3.4314999999999984
3528502003003,3.2911475409836064
3529401005001,2.9233333333333333
3529401005002,3.37764705882353
3529401005003,3.4248571428571437
3529401005004,3.182916666666667
3529401005005,3.2593548387096773
3529401005006,3.2883333333333327
3529401005007,3.712580645161292
3529401005008,3.290454545454545
3529401005009,3.2133333333333334
3529401005010,3.4485714285714275
3529401005011,3.614827586206896
3529401005012,3.2563333333333344
3529401005013,3.3165
3529401005014,3.400416666666667
3529401005015,3.1715789473684217
3529401005016,3.217954545454546
3529401005017,3.1915384615384617
3529401005018,3.2520000000000007
3529401005019,3.24
3529401005020,3.3411764705882354
3529401005021,3.618823529411765
3530300003001,3.105588235294117
3530300003002,3.0206249999999994
3530607005001,3.06
3530607005002,3.475714285714286
3530607005003,3.393333333333333
3530607005004,2.7412
3530607005005,3.075555555555556
3530607005006,3.5059090909090913
3530607005007,3.4734146341463417
3530607005008,3.478235294117648
3530607005009,3.4473333333333334
3530607005010,3.3944444444444444
3530607005011,3.439285714285714
3530607005012,3.4552941176470595
3530607005013,3.2393750000000003
3530607005014,3.3962499999999998
3530607005015,3.605714285714285
3530607005016,2.8990476190476184
3530607005017,3.22
3530607005018,3.5212121212121215
3530607005019,3.3652941176470583
3530607005020,3.049473684210527
3530607005021,3.3222222222222224
3530607005022,3.052857142857142
3530607005023,3.675
3530607005024,3.2020000000000004
3531100003001,3.2715686274509808
3531100003002,3.004545454545455
3531803003001,3.3239999999999994
3531803003002,3.373783783783783
3532009001001,3.4351612903225806
3532405001001,3.188333333333333
3533403003001,3.261111111111111
3533403003002,3.2537288135593228
3534401005001,3.553962264150943
3534401005002,3.3934545454545466
3534401005003,3.1984444444444446
3534401005004,3.375510204081632
3534401005005,3.4507499999999998
3534401005006,3.4331707317073166
3534401005007,3.1635593220338984
3534401005008,3.1751666666666685
3534401005009,2.912363636363637
3534401005010,3.0360975609756102
3534401005011,3.3006779661016945
3534401005012,3.3319117647058825
3534401005013,3.376440677966101
3534401005014,3.5333333333333328
3534401005015,3.4537037037037037
3534401005016,3.3825581395348836
3534401005017,3.4955813953488373
3534401005018,3.467333333333333
3536505003001,3.39125
3536505003002,3.4604000000000004
3536505003003,3.469428571428572
3536505003004,3.246249999999999
3537107003001,3.25
3537107003002,3.279655172413793
3538006003001,3.5639999999999996
3538006003002,3.0292857142857144
3538006003003,3.5211764705882347
3538006003004,3.2411111111111115
3538006003005,3.4839999999999995
3538006003006,3.1407317073170726
3538006003007,3.506470588235293
3538600001001,3.188867924528301
3539103001001,3.58
3539806003001,3.589999999999999
3539806003002,3.5437500000000006
3539806003003,3.319565217391305
3539806003004,3.5424999999999995
3539806003005,3.411639344262296
3540606003001,3.203928571428572
3540606003002,3.365510204081634
3541000005001,2.607553191489361
3541000005002,2.6340860215053765
3541000005003,2.6386111111111115
3541000005004,2.77
3541000005005,3.467560975609755
3541000005006,3.61
3541000005007,3.456363636363636
3541000005008,3.5186206896551733
3541000005009,3.408571428571427
3541000005010,3.3194999999999992
3543303003001,3.365925925925925
3543303003002,3.3704347826086947
3543303003003,3.3012000000000006
3543303003004,3.25
3543303003005,3.421562499999999
3543303003006,3.2238235294117636
3543402005001,2.2652727272727273
3543402005002,2.821194029850747
3543402005003,3.281707317073171
3543402005004,3.37469387755102
3543402005005,3.511
3543402005006,3.3188059701492536
3543402005007,3.1834
3543402005008,2.502325581395349
3543402005009,2.9632500000000013
3543402005010,3.3448837209302327
3543402005011,3.0491666666666664
3543402005012,2.884615384615384
3543402005013,3.2232203389830505
3543402005014,3.499245283018868
3543402005015,2.6517741935483885
3543402005016,2.666315789473684
3543402005017,3.4683076923076923
3543402005018,3.3760784313725494
3543402005019,3.2688235294117645
3544103003001,3.390869565217392
3544103003002,3.2521875
3545209003001,3.408
3545209003002,2.864615384615385
3545209003003,3.3817391304347835
3545209003004,3.49
3545209003005,3.2875
3545209003006,3.1810714285714288
3545308003001,3.452631578947368
3545308003002,3.298095238095237
3545803003001,3.2138888888888886
3545803003002,3.5188235294117653
3545803003003,2.8400000000000003
3545803003004,3.430370370370371
3545803003005,3.2783999999999995
3545803003006,3.1925000000000003
3545803003007,3.2584375000000003
3545803003008,3.3040322580645154
3546801003001,3.2635555555555564
3546801003002,3.1904878048780487
3547304003001,3.4766666666666666
3547304003002,3.584166666666667
3547304003003,3.3860714285714275
3547304003004,3.395961538461538
3547809005001,2.804883720930233
3547809005002,3.1115909090909097
3547809005003,2.874189189189189
3547809005004,3.4206976744186046
3547809005005,2.7381666666666664
3547809005006,3.343148148148148
3547809005007,3.3117741935483878
3547809005008,2.9978
3547809005009,3.056666666666667
3547809005010,3.253571428571429
3547809005011,3.5028
3547809005012,3.0136956521739138
3547809005013,3.463684210526316
3547809005014,3.4136170212765955
3547809005015,3.1283999999999987
3547809005016,3.1864444444444446
3547809005017,3.0608333333333326
3547809005018,2.9748
3547809005019,3.0554166666666664
3547809005020,3.1202272727272735
3547809005021,3.2188888888888885
3547809005022,3.287115384615385
3547809005023,3.0496363636363637
3548500005001,3.4752380952380952
3548500005002,3.4019047619047624
3548500005003,3.3545283018867926
3548500005004,3.3752000000000004
3548500005005,2.3323178807947014
3548500005006,2.7711965811965804
3548500005007,2.9371428571428564
3548500005008,3.073684210526317
3548708005001,3.3236986301369864
3548708005002,2.9886486486486485
3548708005003,3.0196153846153844
3548708005004,3.4765789473684205
3548708005005,2.8513432835820898
3548708005006,2.8328813559322037
3548708005007,3.2390163934426237
3548708005008,3.4658974358974355
3548708005009,3.393030303030303
3548708005010,3.3182857142857145
3548708005011,3.351803278688525
3548708005012,3.20734939759036
3548708005013,3.0944871794871798
3548708005014,3.5341509433962264
3548708005015,3.514745762711865
3548708005016,2.9160714285714286
3548708005017,3.4862222222222226
3548708005018,2.8481395348837206
3548708005019,3.046875
3548807003001,2.936428571428572
3548807003002,2.9747826086956515
3548807003003,2.8488888888888884
3548807003004,2.8445454545454543
3548807003005,2.8928571428571423
3548807003006,2.9244
3548807003007,3.0969696969696963
3548807003008,2.952972972972973
3549805005001,2.2652777777777766
3549805005002,2.704615384615385
3549805005003,2.967391304347826
3549805005004,3.0610526315789475
3549805005005,2.7784000000000004
3549805005006,2.5872
3549805005007,2.9193103448275863
3549805005008,2.8026923076923067
3549805005009,2.6803125000000003
3549805005010,2.9350000000000005
3549805005011,2.999375
3549805005012,3.1362962962962966
3549805005013,3.3369230769230773
3549805005014,3.081764705882353
3549805005015,3.2794444444444437
3549805005016,3.4872222222222216
3549805005017,3.143157894736841
3549805005018,2.7487179487179487
3549805005019,2.946842105263158
3549805005020,3.183666666666667
3549805005021,3.0900000000000003
3549805005022,3.196153846153845
3549805005023,3.1590000000000003
3549904005001,3.0890361445783134
3549904005002,2.6525
3549904005003,3.41125
3549904005004,3.4098275862068963
3549904005005,3.577380952380953
3549904005006,3.389870129870129
3549904005007,3.322954545454545
3549904005008,3.0740000000000003
3549904005009,2.990705882352941
3549904005010,3.5873437500000005
3549904005011,3.6918691588785055
3549904005012,3.0825641025641044
3549904005013,3.280142857142857
3549953001001,3.147777777777777
3550605003001,3.576666666666666
3550605003002,3.2382000000000004
3550605003003,3.3030188679245285
3551009005001,3.5764705882352943
3551009005002,3.3023076923076933
3551009005003,2.2973076923076925
3551009005004,3.508035714285714
3551009005005,3.4220512820512807
3551009005006,3.6747222222222233
3551009005007,3.3125000000000004
3551009005008,3.185
3551009005009,3.4674285714285715
3551009005010,3.47
3551009005011,3.5228124999999992
3551504003001,3.603888888888888
3551504003002,3.3870370370370373
3551702003001,2.9600000000000004
3551702003002,3.4459090909090913
3551702003003,3.4204545454545463
3551702003004,3.213
3551702003005,3.4663829787234035
3551702003006,3.251212121212121
3552205005001,3.1571052631578955
3552205005002,3.463333333333333
3552205005003,3.305333333333333
3552205005004,3.54
3552205005005,2.876774193548387
3552205005006,3.1071428571428563
3552205005007,3.5365217391304338
3552205005008,3.406875
3552205005009,3.6639393939393936
3552205005010,2.597166666666667
3552205005011,2.9593333333333325
3552205005012,3.1513333333333335
3552205005013,3.53969696969697
3552205005014,3.556
3552205005015,3.1916666666666678
3552205005016,2.990303030303031
3552205005017,3.0978125
3552205005018,3.3271428571428565
3552205005019,3.4028
3552403005001,3.4069999999999987
3552403005002,3.326521739130435
3552403005003,3.2515
3552403005004,2.9780769230769226
3552403005005,3.3177272727272733
3552403005006,3.1689473684210525
3552403005007,3.333888888888889
3552403005008,3.3710526315789466
3552403005009,3.3210000000000006
3552403005010,3.3385000000000007
3552403005011,3.3015
3552403005012,3.2861111111111123
3552403005013,2.781176470588236
3552403005014,3.494210526315789
3552403005015,3.3878947368421053
3552502005001,3.4267713004484315
3552502005002,3.6729357798165134
3552502005003,3.549583333333333
3552809005001,3.278235294117648
3552809005002,3.1758823529411764
3552809005003,3.0103333333333326
3552809005004,3.1716
3552809005005,3.339
3552809005006,3.4117647058823533
3552809005007,3.579565217391305
3552809005008,3.5886666666666667
3552809005009,3.5337499999999995
3552809005010,3.4
3554102003001,3.1899999999999995
3554102003002,3.3652
3554102003003,3.5088888888888885
3554102003004,3.5381818181818185
3554102003005,3.4088888888888893
3554102003006,3.56
3554102003007,3.1111538461538464
3554102003008,3.3523999999999994
3554102003009,2.9023809523809527
3554102003010,3.3945454545454536
3554102003011,3.2858666666666667
3554102003012,3.174347826086957
3554102003013,3.0082758620689662
3554102003014,3.477727272727272
3554805003001,3.5382608695652173
3554805003002,3.4999999999999987
3556206003001,3.23
3556206003002,3.2700000000000005
3556206003003,2.9496551724137934
3556206003004,3.2802173913043475
3556206003005,3.0377777777777784
3556453003001,3.3571875
3556453003002,3.4283333333333337
3556503003001,3.487894736842105
3556503003002,3.56
3556503003003,3.3563157894736837
3556503003004,3.330129870129871
3556701003001,3.1562500000000004
3556701003002,3.4883333333333337
3556701003003,3.1925000000000012
3557006003001,3.4817647058823527
3557006003002,3.544375
3557006003003,3.497058823529412
3557006003004,3.4393333333333325
3557006003005,3.2716
3557006003006,3.2729999999999992
3201308005001,3.3886206896551734
3201308005002,3.348333333333333
3201308005003,3.2971999999999992
3201308005004,3.1831666666666654
3201308005005,3.01111111111111
3201308005006,3.0091935483870977
3201308005007,3.0982758620689657
3201308005008,3.223333333333333
3201308005009,3.2433333333333336
3201308005010,3.3873076923076932
3201308005011,3.28516129032258
3201308005012,3.3278571428571446
3201308005013,3.206470588235293
3201308005014,3.1658064516129034
3201308005015,3.293235294117647
3202405003001,2.6646808510638293
3202405003002,3.2521621621621617
3202405003003,3.0057692307692303
3202405003004,2.7755357142857155
3202405003005,3.161521739130435
3202405003006,3.11271186440678
3205002005001,3.4250000000000003
3205002005002,3.1662500000000007
3205002005003,3.2316666666666665
3205002005004,3.2171428571428566
3205002005005,3.2217647058823533
3205002005006,3.329090909090909
3205002005007,3.4175999999999997
3205002005008,2.931428571428572
3205002005009,2.9521428571428565
3205002005010,3.040645161290324
3205002005011,3.3349999999999995
3205002005012,3.397142857142857
3205002005013,3.3704761904761904
3205002005014,3.325862068965517
3205002005015,3.4209090909090913
3205002005016,3.612
3205002005017,3.4088461538461536
3205002005018,3.2444444444444454
3205002005019,3.2982142857142867
3205002005020,3.258611111111112
3205002005021,3.2062068965517247
3205101003001,3.3028571428571434
3205101003002,3.358285714285714
3205101003003,3.234666666666666
3205200005001,2.8882758620689657
3205200005002,2.8303921568627453
3205200005003,2.887105263157895
3205200005004,2.8261764705882344
3205200005005,3.129428571428572
3205200005006,3.0090476190476187
3205200005007,2.82547619047619
3205200005008,3.0365517241379307
3205200005009,3.074444444444445
3205200005010,3.048
3205200005011,3.1855263157894744
3205200005012,3.062758620689655
3205200005013,3.216470588235295
3205200005014,3.2438709677419357
3205200005015,3.214761904761905
3205200005016,3.134318181818182
3205200005017,3.126774193548387
3205200005018,3.1070588235294108
3205200005019,3.35186046511628
3205309005001,2.9082051282051284
3205309005002,3.2444
3205309005003,3.2716129032258072
3205309005004,3.209464285714286
3205309005005,3.106538461538462
3205309005006,3.1229411764705883
3205309005007,3.3408108108108103
3205309005008,2.8929268292682924
3205309005009,2.6775862068965535
3205309005010,2.7988372093023246
3205309005011,3.03
3205309005012,3.1071428571428568
3205309005013,3.3823809523809523
3205309005014,2.7823157894736843
4300604005001,3.022857142857143
4300604005002,3.0148648648648644
4300604005003,3.3053571428571438
4300604005004,3.272162162162162
4300604005005,3.421111111111111
4300604005006,3.2067857142857146
4300604005007,3.3089655172413783
4300604005008,3.3748648648648647
4300604005009,3.3204166666666666
4300877001001,2.8039130434782606
4303103003001,3.127
4303103003002,3.0942857142857148
4303103003003,3.1582051282051284
4303103003004,2.9925
4303103003005,2.997647058823529
4303103003006,2.989545454545456
4303905003001,3.086666666666667
4303905003002,2.9014705882352936
4303905003003,2.9915151515151517
4304606005001,2.8746808510638293
4304606005002,3.2802702702702713
4304606005003,3.5251851851851845
4304606005004,2.7274074074074077
4304606005005,3.1639393939393936
4304606005006,3.2680000000000007
4304606005007,2.8734210526315804
4304606005008,2.9693877551020407
4304606005009,3.3751999999999986
4304606005010,3.1188
4304606005011,3.3761904761904766
4304606005012,3.1155999999999997
4304606005013,3.0450000000000004
4304606005014,2.5547500000000003
4304606005015,3.1887499999999998
4304606005016,3.432105263157895
4304606005017,3.6006666666666667
4304606005018,3.138399999999999
4304606005019,3.0844736842105265
4304689001001,2.9564
4305108004001,3.0652631578947367
4305108004002,3.163333333333333
4305108004003,3.467826086956521
4305108004004,2.5961111111111106
4305108004005,3.010588235294118
4305108004006,2.5558823529411763
4305108004007,2.9779166666666668
4305108004008,3.0021052631578944
4305108004009,3.151034482758621
4305108004010,3.2663157894736834
4305108004011,2.835882352941176
4305108004012,3.00625
4305108004013,3.2047222222222222
4305108004014,2.9792857142857145
4305108004015,2.924
4305108004016,2.9344827586206894
4305108004017,2.68
4305108004018,3.1540740740740745
4305108004019,3.125
4305108004020,3.2268965517241384
4305108004021,3.1276
4305108004022,2.7756521739130435
4305108004023,3.09576923076923
4305108004024,2.7885714285714287
4305108004025,2.487037037037037
4305108004026,2.396818181818181
4305108004027,3.0688888888888886
4306403003001,2.8181818181818183
4306403003002,2.9747826086956524
4306767003001,2.881714285714286
4306767003002,3.218684210526317
4307609003001,3.0184999999999995
4307609003002,2.979090909090909
4307708003001,3.457
4307708003002,3.1652
4307708003003,2.6535714285714294
4307708003004,3.160487804878049
4307708003005,2.9740000000000006
4307906003001,3.2399999999999998
4307906003002,2.9120000000000004
4307906003003,3.1470786516853937
4309209005001,3.2703030303030314
4309209005002,3.1237931034482767
4309209005003,3.149666666666666
4309209005004,3.0555
4309209005005,3.028285714285714
4309209005006,3.1381081081081086
4309209005007,3.011428571428571
4309209005008,3.374166666666667
4309209005009,2.9858333333333333
4309209005010,3.0356521739130438
4309209005011,3.1244444444444444
4309209005012,3.1790909090909087
4309209005013,3.023513513513514
4309209005014,2.7929166666666667
4309209005015,3.1854838709677415
4309308003001,2.8223809523809518
4309308003002,2.8970588235294112
4309308003003,3.0452631578947367
4309308003004,3.0275
4309308003005,3.148536585365853
4310801001001,2.9538235294117645
4311627001001,2.9891666666666663
4312476001001,2.9366666666666665
4313375001001,3.1444230769230765
4313409004001,3.27590909090909
4313409004002,3.333636363636363
4313409004003,2.89175
4313409004004,3.1216666666666666
4313409004005,2.7218181818181817
4313409004006,2.4706896551724142
4313409004007,3.241666666666668
4313409004008,3.139714285714286
4313409004009,2.5792500000000005
4313409004010,2.882916666666666
4313409004011,2.71375
4313409004012,2.8969047619047616
4313409004013,3.0308510638297865
4313409004014,3.0082000000000004
4314407004001,3.006315789473684
4314407004002,3.0425
4314407004003,2.9726923076923075
4314407004004,2.9704545454545457
4314407004005,3.3520512820512818
4314407004006,3.0908
4314407004007,2.8330434782608696
4314407004008,2.7788888888888885
4314407004009,2.806666666666667
4314407004010,2.7783333333333338
4314407004011,3.19375
4314407004012,2.7166666666666663
4314407004013,2.701379310344828
4314407004014,2.6647916666666664
4314407004015,2.3433333333333333
4314407004016,2.4625000000000004
4314407004017,2.412
4314407004018,2.749642857142857
4314407004019,3.2451999999999988
4314407004020,3.1548648648648645
4314803003001,3.0095652173913043
4314803003002,3.01
4314902004001,2.0445
4314902004002,2.8452380952380945
4314902004003,2.6843243243243253
4314902004004,2.6559459459459465
4314902004005,2.6414238410596007
4314902004006,2.7306382978723405
4314902004007,2.9191891891891895
4314902004008,2.8417073170731713
4314902004009,3.1577358490566034
4314902004010,2.24695652173913
4314902004011,2.3834883720930238
4314902004012,2.21972972972973
4314902004013,1.9169767441860468
4314902004014,2.092727272727272
4314902004015,2.9389743589743578
4314902004016,2.470243902439024
4314902004017,2.3242105263157904
4314902004018,2.265714285714285
4314902004019,2.432558139534883
4314902004020,3.029861111111111
4314902004021,2.514893617021277
4314902004022,2.9382978723404256
4314902004023,2.956851851851852
4314902004024,3.2078461538461536
4314902004025,3.2332432432432427
4314902004026,2.971351351351351
4314902004027,3.2185714285714297
4314902004028,2.766111111111112
4314902004029,2.5435897435897443
4314902004030,2.6073076923076925
4314902004031,2.5900000000000003
4314902004032,2.5232203389830503
4314902004033,2.837021276595745
4314902004034,3.0328888888888903
4314902004035,3.0342105263157886
4314902004036,3.1088888888888886
4314902004037,3.1107575757575763
4314902004038,3.156388888888889
4314902004039,3.402608695652174
4314902004040,3.2673170731707324
4314902004041,2.9910126582278482
4314902004042,3.1523913043478275
4315602004001,2.801578947368421
4315602004002,2.8747368421052633
4315602004003,2.9186956521739136
4315602004004,2.7455319148936166
4315602004005,2.9266666666666667
4315602004006,2.8953125
4315602004007,2.520344827586208
4315602004008,2.8339999999999996
4315602004009,2.8808333333333334
4315602004010,2.96
4315602004011,3.1944444444444438
4318705005001,3.1672
4318705005002,3.1770588235294124
4318705005003,3.3229166666666665
4318705005004,3.1941666666666677
4318705005005,2.984285714285714
4318705005006,2.7304000000000004
4318705005007,2.387674418604651
4318705005008,3.1387499999999995
4318705005009,3.10375
4318705005010,3.2605263157894737
4318705005011,3.0125925925925916
4318705005012,2.957954545454545
4318705005013,3.128157894736842
4319901003001,3.0971428571428565
4319901003002,3.2468
4319901003003,2.8339999999999996
4319901003004,3.1166666666666667
4320008003001,3.4217241379310352
4320008003002,2.883703703703704
4320008003003,3.0003333333333333
4320008003004,3.115714285714286
4320008003005,3.1840625000000005
4320008003006,3.1397999999999997
4320008003007,2.9691379310344823
4323002004001,3.218235294117646
4323002004002,3.172613636363637
4323002004003,3.2221052631578933
4323002004004,3.106818181818181
4323002004005,3.3315
4323002004006,2.9545000000000003
4323002004007,2.7676
4323002004008,3.117391304347826
4323002004009,3.1328571428571426
4323002004010,3.2477419354838704
4323002004011,3.263548387096774
5002704005001,3.1855932203389843
5002704005002,3.1208227848101284
5002704005003,2.764859813084112
5002704005004,3.2030075187969915
5002704005005,3.2150349650349663
5002704005006,3.147272727272728
5002704005007,3.1527407407407413
5002704005008,2.901388888888888
2702207001001,3.7428571428571433
2704302004001,3.415
2704302004002,3.5614285714285705
2704302004003,2.9806250000000003
2704302004004,3.4206060606060613
2704302004005,3.585714285714286
2704302004006,3.5420000000000003
2704302004007,3.4904895104895113
2704302004008,3.5488636363636368
2704302004009,3.293783783783785
2704302004010,3.08219512195122
2704302004011,2.9964516129032264
2704302004012,3.5073846153846144
2704302004013,3.3895555555555554
2704302004014,3.476060606060605
2704302004015,3.5471428571428576
2704302004016,3.338775510204081
2704302004017,3.3926470588235302
2704302004018,3.3592105263157896
2704302004019,3.194146341463415
2704302004020,3.3426666666666667
2704302004021,3.4492982456140364
2704302004022,3.495151515151517
2707701003001,3.637727272727272
2707701003002,3.61695652173913
2707701003003,3.797297297297298
2707909001001,3.73
2708907001001,3.9341176470588235
2905701005001,3.2935483870967737
2905701005002,3.408387096774194
2905701005003,3.2630357142857127
2905701005004,3.3370588235294134
2905701005005,3.38375
2905701005006,3.188181818181817
2905701005007,3.2366666666666664
2905701005008,3.2506818181818176
2905701005009,3.2086956521739123
2905701005010,3.449642857142857
2905701005011,3.308999999999999
2905701005012,2.8554666666666657
2906501003001,3.3405882352941174
2906501003002,3.2972
2906501003003,3.3651612903225803
2906501003004,3.2881249999999995
2910057003001,3.3254166666666665
2910057003002,3.452105263157895
2910057003003,3.2343478260869576
2910800004001,3.458709677419354
2910800004002,3.2039473684210513
2910800004003,3.0986046511627894
2910800004004,3.6347692307692303
2910800004005,3.4018518518518515
2910800004006,3.29
2910800004007,3.4760000000000004
2910800004008,3.5697222222222216
2910800004009,3.5266666666666664
2910800004010,3.4768181818181816
2910800004011,3.404318181818182
2910800004012,3.4899999999999998
2910800004013,3.338928571428572
2910800004014,3.23921052631579
2913606003001,3.270151515151515
2913606003002,3.27125
2913606003003,3.3348
2913606003004,3.299166666666667
2913606003005,3.1726666666666663
2913606003006,3.317083333333333
2913606003007,3.333333333333334
2913606003008,3.3015151515151517
2913606003009,3.1842222222222216
2914802005001,3.2247619047619045
2914802005002,3.228421052631578
2914802005003,3.1494736842105264
2914802005004,3.3995238095238096
2914802005005,3.232
2914802005006,3.3827777777777768
2914802005007,3.3565000000000005
2914802005008,3.3376470588235287
2914802005009,3.2590000000000003
2914802005010,2.8068750000000007
2914802005011,3.067333333333333
2914802005012,3.0940000000000007
2914802005013,3.2638888888888884
2914802005014,3.2656000000000005
2916104001001,3.1928260869565226
2918407005001,3.310555555555556
2918407005002,3.466521739130434
2918407005003,3.520555555555556
2918407005004,3.678181818181818
2918407005005,3.7039999999999993
2918407005006,3.820384615384616
2918407005007,3.6985
2918407005008,3.5352941176470587
2918407005009,3.573095238095238
2918407005010,3.804999999999999
2918407005011,3.4225
2919207003001,3.415
2919207003002,3.40304347826087
2919207003003,3.2586666666666657
2919207003004,3.3685714285714283
2919207003005,3.212413793103448
2919207003006,3.375652173913044
2919207003007,3.1368749999999994
2919207003008,3.3683870967741933
2919926001001,3.348064516129031
2921005003001,3.4278125
2921005003002,3.3322727272727275
2927408005001,3.2228260869565224
2927408005002,3.3012499999999987
2927408005003,3.1628571428571437
2927408005004,2.662686567164179
2927408005005,3.169411764705881
2927408005006,2.8852941176470592
2927408005007,3.0920000000000014
2927408005008,3.070000000000001
2927408005009,2.9953676470588224
2927408005010,3.138076923076924
2927408005011,2.9188235294117644
2927408005012,3.1595890410958902
2927408005013,3.100370370370372
2927408005014,3.2194117647058835
2927408005015,3.2457777777777777
2927408005016,2.9646153846153847
2927408005017,2.6390196078431374
2927408005018,3.2436842105263155
2927408005019,3.1833962264150943
2927408005020,2.8390163934426225
2927408005021,3.2617647058823533
2927408005022,3.0309756097560974
2927408005023,3.1115625
2927408005024,3.295396825396824
2927408005025,3.1533333333333333
2927408005026,3.1544444444444437
2927408005027,3.43
2927408005028,2.9197727272727274
2927408005029,3.1302919708029195
2927408005030,3.2153571428571435
2927408005031,3.2370149253731344
2927408005032,3.1733333333333333
2927408005033,3.2747368421052636
2927408005034,2.871851851851852
2927408005035,2.9303448275862065
2927408005036,3.165609756097561
2927408005037,3.26938775510204
2927408005038,3.2967605633802823
2927408005039,3.0823333333333327
2927408005040,3.24253164556962
2927408005041,3.04904255319149
2927408005042,3.228461538461538
2927408005043,3.3285000000000005
2927408005044,3.2702380952380947
2927408005045,2.881142857142858
2927408005046,3.2510714285714286
2927408005047,2.684130434782608
2927408005048,3.20671875
2927408005049,3.1138461538461537
2927408005050,3.1484745762711883
2927408005051,3.2413888888888893
2927408005052,2.834166666666666
2927408005053,3.212333333333333
2927408005054,2.876486486486486
2927408005055,3.2447058823529416
2927408005056,3.2263636363636365
2927408005057,2.9434210526315785
2927408005058,3.0552173913043474
2927408005059,2.7739999999999996
2927408005060,3.0245454545454544
2927408005061,3.1535897435897433
2927408005062,3.2667187499999994
2929206003001,3.2879166666666664
2929206003002,3.6183333333333336
2929503003001,3.388095238095237
2929503003002,3.38775
2930709003001,3.3855555555555554
2930709003002,3.331111111111111
2930709003003,3.3015
2930709003004,3.389130434782609
2930709003005,3.2660869565217387
2930709003006,3.382307692307692
4201307001001,3.4112
4202305003001,3.23
4202305003002,3.096
4202305003003,3.343720930232559
4205407005001,2.710952380952381
4205407005002,2.8474074074074083
4205407005003,2.6393103448275856
4205407005004,3.085625
4205407005005,3.1163636363636367
4205407005006,2.9399999999999995
4205407005007,2.6608823529411763
4205407005008,2.678125
4205407005009,2.8592857142857144
4205407005010,3.1828571428571424
4205407005011,2.8578947368421046
4205407005012,2.805555555555556
4205407005013,3.1280952380952383
4205407005014,2.506666666666667
4205407005015,2.901052631578947
4205407005016,2.9427777777777773
4205407005017,2.468965517241379
4205407005018,2.6823999999999995
4205407005019,3.198125000000001
4205407005020,3.2935714285714286
4205407005021,2.429047619047619
4205407005022,2.3973076923076926
4205407005023,2.4858333333333333
4205407005024,2.765
4205407005025,2.7490476190476194
4205407005026,2.8826315789473687
4205407005027,3.386875
4205407005028,3.0022222222222226
4205407005029,2.8599999999999994
4205407005030,2.74
4205803001001,3.4948275862068967
4206009001001,3.1773913043478266
4206504003001,3.315416666666668
4206504003002,3.3340624999999995
4208906003001,3.38625
4208906003002,3.3625000000000007
4208906003003,3.2115
4208906003004,3.1981818181818182
4208906003005,2.776
4208906003006,2.6895238095238096
4208906003007,3.268235294117648
4208906003008,3.210652173913044
4209102005001,3.338214285714286
4209102005002,3.3472000000000004
4209102005003,3.313333333333333
4209102005004,3.0713636363636363
4209102005005,3.3654999999999995
4209102005006,2.797837837837838
4209102005007,2.9593103448275864
4209102005008,2.5552777777777784
4209102005009,3.337307692307692
4209102005010,2.9869999999999988
4209102005011,2.9919047619047623
4209102005012,3.342
4209102005013,3.0482352941176467
4209102005014,2.8160000000000003
4209102005015,2.7561538461538464
4209102005016,3.1128571428571425
4209102005017,3.113636363636364
4209102005018,3.3603571428571435
4209102005019,3.563043478260869
4209102005020,3.4083333333333337
4209102005021,3.3216
4209102005022,3.3174999999999994
4209102005023,2.83
4209102005024,3.2904166666666668
4209102005025,3.385142857142858
4209102005026,3.5121739130434784
4209102005027,3.6638095238095243
4209102005028,3.29
4209102005029,3.4676190476190474
4211900003001,3.0460465116279067
4211900003002,3.2193750000000003
4211900003003,3.3783333333333334
4211900003004,3.0794444444444435
4211900003005,3.1415789473684215
4211900003006,3.2988571428571434
4211900003007,3.1483606557377057
4212304001001,3.1591666666666662
4215703001001,3.2106666666666666
4216602005001,2.784347826086957
4216602005002,2.9622222222222216
4216602005003,3.0927272727272723
4216602005004,3.248
4216602005005,3.057058823529411
4216602005006,2.9835714285714285
4216602005007,3.4626315789473683
4216602005008,3.05
4216602005009,2.8723529411764703
4216602005010,2.493076923076923
4216602005011,2.564230769230769
4216602005012,3.1278947368421046
4216602005013,3.280000000000001
4216602005014,3.11125
4216602005015,3.0884210526315785
4217402001001,3.234090909090909
2107506003001,3.685
2107506003002,3.935636363636364
2107506003003,3.8091304347826087
2107506003004,3.7497297297297303
2109452001001,3.95340909090909
2111201003001,4.207000000000002
2111201003002,4.275
2111201003003,3.9132
2111201003004,3.898235294117647
2111201003005,3.861176470588235
2111201003006,3.552391304347826
2111201003007,3.660487804878049
2111300005001,3.512325581395349
2111300005002,3.7914285714285727
2111300005003,3.8124999999999987
2111300005004,3.6979069767441857
2111300005005,3.758108108108108
2111300005006,3.844186046511628
2111300005007,3.3493999999999997
2111300005008,3.418695652173912
2111300005009,3.6071052631578944
2111300005010,3.4882222222222223
2111300005011,3.4808695652173918
2111300005012,3.7889743589743583
2111300005013,3.080227272727273
2111300005014,3.6342424242424247
2111300005015,3.8125000000000013
2111300005016,3.723529411764705
2111300005017,3.5624242424242425
2111300005018,3.7531034482758616
2111300005019,3.8217948717948724
2111300005020,3.8046808510638295
2111300005021,3.7765625
2111300005022,3.8475757575757576
2111300005023,3.8434090909090903
2111300005024,3.8420512820512833
2111300005025,3.67125
2111300005026,3.7155172413793087
2111300005027,3.715384615384616
2111300005028,3.6848717948717953
2111300005029,3.631315789473684
2112209003001,3.9670370370370382
2112209003002,3.8272222222222223
2112209003003,3.891904761904761
2112209003004,3.8527586206896562
2112209003005,3.750416666666668
2112209003006,3.908387096774194
2112209003007,3.8004444444444423
2501807003001,3.59
2501807003002,3.614545454545454
2501807003003,3.612105263157895
2501807003004,3.5583673469387747
2503209003001,3.5252631578947367
2503209003002,3.097567567567568
2503209003003,3.466774193548388
2504009005001,2.870384615384616
2504009005002,3.5531578947368425
2504009005003,3.445
2504009005004,3.215652173913044
2504009005005,3.249655172413793
2504009005006,3.5031578947368422
2504009005007,3.6004545454545447
2504009005008,3.555
2504009005009,3.551904761904762
2504009005010,3.47
2504009005011,3.262352941176471
2504009005012,3.5200000000000005
2504009005013,3.555555555555556
2504009005014,3.159565217391304
2504009005015,3.4405
2504009005016,3.4147619047619044
2504009005017,3.5675
2504009005018,3.5114705882352943
2504009005019,3.552727272727273
2504009005020,3.560344827586207
2504009005021,3.5200000000000014
2504900001001,3.9957142857142856
2507507005001,3.111478260869565
2507507005002,3.160681818181818
2507507005003,3.410096153846154
2507507005004,3.568604651162792
2507507005005,3.3911111111111105
2507507005006,3.5785000000000005
2507507005007,3.489756097560975
2507507005008,3.4914864864864863
2507507005009,3.475
2507507005010,3.4719230769230767
2507507005011,3.248888888888889
2507507005012,3.1676470588235293
2508307001001,3.6119444444444446
2512507003001,3.3544444444444435
2512507003002,3.4711627906976736
2513703003001,3.5709375
2513703003002,3.515454545454545
2513703003003,3.5777272727272726
2513703003004,3.5047058823529413
2513703003005,3.502903225806452
2513703003006,3.752926829268292
1500800005001,3.8018181818181818
1500800005002,3.8833333333333333
1500800005003,3.7615789473684216
1500800005004,3.8011538461538463
1500800005005,3.6140625
1500800005006,3.6782499999999994
1500800005007,3.795
1500800005008,3.744864864864864
1500800005009,3.763783783783784
1500800005010,3.6822500000000007
1500800005011,3.706046511627906
1500800005012,3.79
1500800005013,3.7638235294117655
1501303003001,3.890967741935484
1501303003002,3.9640540540540528
1501303003003,4.259444444444445
1501402005001,3.3591891891891894
1501402005002,3.530882352941177
1501402005003,4.131379310344826
1501402005004,3.9190909090909103
1501402005005,4.179310344827584
1501402005006,3.8367999999999993
1501402005007,3.9225806451612906
1501402005008,3.734137931034483
1501402005009,3.5593548387096776
1501402005010,3.8081818181818186
1501402005011,3.6185294117647056
1501402005012,3.82
1501402005013,3.6132258064516134
1501402005014,3.662
1501402005015,3.2875862068965525
1501402005016,3.438709677419354
1501402005017,3.7522580645161296
1501402005018,3.9259375
1501402005019,4.240624999999999
1501402005020,4.067241379310345
1501402005021,3.9884375
1501402005022,4.071562499999999
1501402005023,4.1066666666666665
1501402005024,4.09090909090909
1501402005025,3.865624999999999
1501402005026,3.682258064516129
1501402005027,3.7044444444444435
1501402005028,3.8669999999999987
1501402005029,3.721071428571429
1501402005030,3.814333333333333
1501402005031,3.723714285714285
1501402005032,3.6312903225806448
1501402005033,3.7375
1501402005034,3.7080645161290313
1501402005035,3.731111111111111
1501402005036,3.857727272727273
1501402005037,3.6725
1501402005038,3.6929166666666657
1501402005039,3.824642857142857
1501402005040,3.815757575757577
1501402005041,3.708235294117647
1501402005042,3.638181818181818
1501402005043,3.6892307692307686
1501402005044,3.8372222222222216
1501501002001,3.7821875
1501501002002,3.7184
1504422003001,3.93878787878788
1504422003002,3.95525
1504422003003,3.8858333333333333
1600303005001,4.498181818181818
1600303005002,4.592608695652173
1600303005003,4.095909090909092
1600303005004,4.14
1600303005005,4.362916666666667
1600303005006,4.3420689655172415
1600303005007,4.380769230769231
1600303005008,4.17909090909091
1600303005009,3.9075
1600303005010,3.695652173913044
1600303005011,4.657894736842105
1600303005012,4.502142857142856
1600303005013,4.121
1600303005014,4.147777777777779
1600303005015,4.227894736842105
1600303005016,4.172380952380951
1600303005017,4.1554166666666665
1600303005018,3.957
1600303005019,4.639777777777777
1600600003001,4.700434782608695
1600600003002,4.426666666666667
1600600003003,4.591730769230769
3300308003001,3.168636363636364
3300308003002,3.313939393939394
3300308003003,3.266904761904762
3300308003004,2.878809523809524
3300308003005,3.139302325581395
3300308003006,2.9645762711864414
3300407003001,3.120416666666667
3300407003002,3.212545454545455
3300407003003,3.33
3300407003004,3.2390322580645172
3300407003005,2.9814705882352945
3300407003006,3.0917307692307694
3300407003007,2.6746875
3300407003008,3.2970422535211275
3300407003009,3.316507936507937
3300456005001,3.075183246073297
3300456005002,3.2750746268656714
3300456005003,3.2406382978723376
3300456005004,3.255090909090909
3300456005005,3.2375694444444445
3301009005001,3.172021276595744
3301009005002,3.1507975460122704
3301009005003,3.3339263803680996
3301009005004,3.351090909090908
3301009005005,3.111224489795918
3301009005006,3.0930555555555563
3301009005007,3.0544117647058817
3301009005008,3.3469696969696967
3301009005009,3.4378571428571423
3301702005000,3.2307567567567563
3301702005001,3.002368421052632
3301702005002,3.148157894736842
3301702005003,3.2742857142857145
3301702005004,3.1573809523809526
3301702005005,3.2110526315789487
3301702005006,2.9957142857142856
3301702005007,3.11340909090909
3301702005008,2.845238095238096
3301702005009,3.1518421052631576
3301702005010,3.122272727272728
3301702005011,3.1404347826086965
3301702005012,3.2528888888888883
3301702005013,3.0372972972972967
3301702005014,3.084594594594596
3301702005015,3.0771428571428565
3301702005016,3.0423255813953487
3301702005017,3.2005555555555554
3301702005018,3.206470588235294
3301702005019,3.276666666666667
3301702005020,3.140857142857142
3301702005021,3.2575757575757582
3301702005022,3.31
3301850003001,3.2885714285714287
3301850003002,3.2011475409836065
3301900005001,3.052333333333334
3301900005002,3.195813953488371
3301900005003,3.2292
3301900005004,3.1682608695652177
3301900005005,3.0180000000000002
3301900005006,3.1265
3301900005007,3.1230136986301367
3301900005008,3.045957446808511
3301900005009,3.1741999999999995
3301900005010,3.148571428571429
3301900005011,3.1009259259259268
3301900005012,3.1308333333333334
3302007003001,3.1686363636363635
3302007003002,3.257241379310345
3302007003003,3.0871428571428576
3302007003004,3.2794444444444446
3302007003005,3.0967741935483866
3302007003006,3.4377777777777774
3302270003001,3.2008695652173915
3302270003002,3.2295652173913045
3302270003003,3.3077272727272726
3302270003004,3.316388888888889
3302270003005,3.250222222222221
3302502005001,3.2119607843137254
3302502005002,3.2263063063063058
3302502005003,3.137948717948718
3302502005004,3.316857142857143
3302502005005,2.982
3302502005006,3.2685714285714287
3302502005007,3.1145714285714288
3302601003001,2.9249019607843136
3302601003002,3.1871428571428573
3302700003001,3.0123076923076932
3302700003002,2.8469565217391306
3302700003003,3.133095238095238
3302700003004,2.9708602150537624
3302700003005,2.99875
3302700003006,2.7897058823529406
3302700003007,3.1095312500000003
3303203003001,3.251666666666667
3303203003002,3.2909999999999995
3303203003003,3.125
3303203003004,3.1290909090909094
3303203003005,3.1964
3303203003006,3.034347826086957
3303203003007,3.105714285714285
3303203003008,2.93225
3303203003009,3.028717948717949
3303302005001,3.008666666666666
3303302005002,3.255
3303302005003,3.0280555555555555
3303302005004,3.1218181818181816
3303302005005,3.061875
3303302005006,3.1708823529411765
3303302005007,3.037999999999999
3303302005008,3.2441818181818176
3303302005009,3.1959999999999997
3303302005010,2.838028169014083
3303302005011,2.7842424242424246
3303302005012,2.445
3303302005013,2.6321739130434776
3303302005014,2.945102040816326
3303302005015,2.549117647058824
3303302005016,2.8645714285714283
3303302005017,2.9615238095238103
3303302005018,3.2115624999999994
3303500005001,3.307831325301203
3303500005002,3.0276271186440677
3303500005003,3.222742857142855
3303500005004,3.3201492537313446
3303500005005,3.20317708333333
3303500005006,3.341046511627908
3303500005007,3.1744186046511635
3303500005008,3.2777173913043494
3303500005009,3.175806451612904
3303609003001,2.916666666666667
3303609003002,3.0618181818181824
3303906005001,2.405277777777778
3303906005002,3.095238095238096
3303906005003,2.9862500000000005
3303906005004,2.9784210526315786
3303906005005,2.9296551724137925
3303906005006,3.1975757575757577
3303906005007,3.15375
3303906005008,3.0540540540540553
3303906005009,3.0518181818181818
3303906005010,3.2275000000000005
3303906005011,3.1504878048780487
3303906005012,3.053333333333333
3303906005013,3.1030555555555552
3303906005014,3.0482857142857145
3303906005015,3.2900000000000014
3303955001001,3.1905882352941184
3304003001001,3.2641666666666658
3304144003001,3.1643478260869564
3304144003002,3.275263157894737
3304144003003,3.361666666666667
3304144003004,3.235
3304144003005,3.5003999999999995
3304144003006,3.162820512820513
3304144003007,3.2003921568627454
3304557005001,3.0654794520547948
3304557005002,2.633333333333334
3304557005003,2.3456410256410263
3304557005004,3.1563265306122448
3304557005005,3.2912500000000007
3304557005006,3.3660294117647047
3304557005007,3.1802173913043474
3304557005008,3.1910294117647053
3304557005009,3.2303921568627447
3304557005010,3.2922950819672128
3304557005011,3.3401886792452826
3304557005012,3.3560416666666675
3304557005013,3.2710000000000004
3304557005014,3.226818181818181
3304557005015,3.3822413793103445
3304557005016,3.275800000000001
3304557005017,3.275111111111111
3304557005018,3.1754761904761897
3304557005019,3.0060606060606068
3304557005020,3.3441463414634143
3304557005021,3.191967213114754
3304557005022,3.34072463768116
3304557005023,3.253283582089552
3304557005024,3.1832075471698116
3304557005025,3.04375
3304557005026,2.903541666666667
3304557005027,3.3215384615384616
3304557005028,3.4511764705882344
3304557005029,3.2338
3304557005030,2.2400000000000007
3304557005031,3.0464516129032253
3304557005032,3.1035555555555554
3304557005033,3.142368421052632
3304557005034,3.0830769230769235
3304557005035,2.3639999999999994
3304557005036,2.3473333333333333
3304557005037,2.4836363636363643
3304557005038,2.58
3304557005039,2.1543902439024403
3304557005040,2.1948979591836744
3304557005041,2.118552631578948
3304557005042,2.143333333333333
3304557005043,2.150983606557377
3304557005044,2.5423255813953487
3304557005045,2.1790410958904105
3304557005046,2.1511764705882355
3304557005047,2.298557692307692
3304557005048,2.2651785714285704
3304557005049,2.484090909090909
3304557005050,2.5292105263157896
3304557005051,2.5619999999999985
3304557005052,2.976486486486486
3304557005053,2.202407407407408
3304557005054,2.046444444444445
3304557005055,2.8602272727272733
3304557005056,2.5197916666666678
3304557005057,3.1165789473684207
3304557005058,2.4741860465116288
3304557005059,2.973214285714288
3304557005060,2.4866666666666672
3304557005061,2.5117142857142865
3304557005062,2.5791304347826087
3304557005063,3.442325581395349
3304557005064,2.6371666666666678
3304557005065,2.578285714285714
3304557005066,2.7840277777777778
3304557005067,2.7435087719298257
3304557005068,3.3407317073170733
3304557005069,2.8517857142857133
3304557005070,2.8755102040816323
3304557005071,3.0498113207547166
3304557005072,2.7853658536585355
3304557005073,3.8982608695652177
3304557005074,2.8864102564102567
3304557005075,3.0831395348837214
3304557005076,3.0888
3304557005077,3.0365909090909096
3304557005078,3.153617021276596
3304557005079,3.331136363636364
3304557005080,3.173142857142857
3304557005081,3.2882812499999994
3304557005082,3.1283333333333334
3304557005083,2.92878787878788
3304557005084,3.0441176470588247
3304557005085,2.9778947368421047
3304557005086,3.0022857142857142
3304557005087,2.974125
3304557005088,3.002835820895523
3304557005089,2.9745588235294127
3304557005090,3.0088888888888894
3304557005091,2.6419047619047618
3304557005092,2.6869230769230774
3304557005093,2.7975675675675675
3304557005094,2.8243055555555565
3304557005095,2.89527027027027
3304557005096,2.8990384615384612
3304557005097,2.889253731343284
3304557005098,2.915609756097562
3304557005099,2.9486746987951813
3304557005100,2.7685365853658532
3304557005101,3.0445161290322584
3304557005102,2.895142857142857
3304557005103,2.8346808510638297
3304557005104,2.9232500000000003
3304557005105,3.0180555555555557
3304557005106,3.0931707317073163
3304557005107,2.948333333333332
3304557005108,3.1022916666666656
3304557005109,3.063414634146341
3304557005110,2.864615384615385
3304557005111,3.1050000000000013
3304557005112,3.180869565217392
3304557005113,2.9680392156862747
3304557005114,3.004390243902439
3304557005115,3.220757575757575
3304557005116,2.928181818181818
3304557005117,2.9686363636363637
3304557005118,3.035128205128204
3304557005119,2.8926153846153837
3304557005120,3.002978723404256
3304557005121,2.8491836734693874
3304557005122,2.946944444444444
3304557005123,3.0075999999999987
3304557005124,3.1987499999999986
3304557005125,2.821020408163266
3304557005126,2.493636363636364
3304557005127,2.9568656716417907
3304557005128,3.1481578947368423
3304557005129,3.195098039215688
3304557005130,3.0977142857142854
3304557005131,3.008809523809524
3304557005132,2.9705660377358485
3304557005133,3.329285714285714
3304557005134,3.185844155844154
3304557005135,3.2306818181818184
3304557005136,3.3096078431372558
3304557005137,3.0517543859649137
3304557005138,2.9973684210526312
3304557005139,2.7120512820512825
3304557005140,3.147333333333333
3304557005141,2.8712765957446815
3304557005142,3.2169230769230768
3304557005143,2.9693877551020407
3304557005144,2.7955789473684214
3304557005145,3.230444444444444
3304557005146,3.0927272727272723
3304557005147,2.93203125
3304557005148,3.0048888888888885
3304557005149,2.7798076923076924
3304557005150,2.8602040816326526
3304557005151,3.161428571428572
3304557005152,3.101666666666666
3304557005153,3.0439622641509416
3304557005154,3.1257999999999995
3304557005155,3.071190476190476
3304557005156,3.020454545454545
3304557005157,2.98404255319149
3304557005158,2.6915909090909085
3304557005159,2.988260869565217
3304557005160,2.5084782608695657
3304557005161,2.6584375
3304557005162,2.4000000000000004
3304557005163,2.150000000000001
3304557005164,2.193333333333333
3304557005165,3.2595
3304557005166,3.004693877551021
3304557005167,2.839811320754716
3304557005168,2.843103448275861
3304557005169,3.1363793103448283
3304557005170,3.0362068965517235
3304557005171,3.1797435897435897
3304557005172,2.953773584905659
3304557005173,3.0245945945945945
3304557005174,3.1884615384615387
3304557005175,3.0474358974358964
3304557005176,2.9722950819672134
3304557005177,3.0325581395348835
3304557005178,3.0650000000000004
3304557005179,3.2258974358974357
3304557005180,3.2205263157894737
3304557005181,3.233695652173913
3304557005182,3.2718421052631586
3304557005183,2.9749152542372883
3304557005184,2.9215217391304344
3304557005185,3.1347499999999995
3304557005186,3.1534482758620688
3304557005187,3.043877551020408
3304557005188,3.1374509803921566
3304557005189,3.171052631578948
3304557005190,3.4025
3304557005191,3.1378378378378367
3304557005192,3.2075
3304557005193,3.1768000000000005
3304557005194,3.0991304347826087
3304557005195,3.1992307692307698
3304557005196,3.1591891891891892
3304557005197,3.0533333333333337
3304557005198,3.0768181818181817
3304557005199,2.9840540540540545
3304557005200,3.210175438596491
3304904005001,3.0008510638297867
3304904005002,3.142861035422344
3304904005003,3.1281593406593386
3304904005004,2.9834059945504103
3304904005005,3.0105917159763305
3305109005001,3.1455294117647057
3305109005002,3.1168965517241363
3305109005003,3.173928571428571
3305109005004,3.0049681528662413
3305109005005,3.1316580310880844
3305554003001,3.2622222222222224
3305554003002,3.2070833333333333
3305554003003,3.073870967741936
3305554003004,3.303636363636364
3306305005001,3.077884615384616
3306305005002,2.76245283018868
3306305005003,3.210624999999999
3306305005004,3.2075757575757584
3306305005005,3.1153488372093014
3306305005006,2.9157692307692296
3306305005007,3.2093877551020413
3306305005008,3.157321428571428
3306305005009,3.194444444444444
3306305005010,3.0658928571428565
5200050001001,3.189090909090909
5200258003001,3.5283333333333338
5200258003002,3.4106666666666667
5200258003003,3.420833333333334
5200258003004,3.5830000000000006
5200258003005,3.732962962962963
5200258003006,3.620294117647058
5200258003007,3.5342857142857147
5201405005001,3.3242222222222235
5201405005002,3.367636363636364
5201405005003,3.4344444444444457
5201405005004,3.5956603773584908
5201405005005,3.4034090909090913
5201405005006,2.910655737704918
5201405005007,3.277096774193548
5201405005008,3.3474074074074083
5201405005009,3.3004761904761906
5201405005010,3.4914285714285698
5201405005011,3.392
5201405005012,3.3182857142857136
5201405005013,3.1954545454545453
5205497003001,3.538085106382978
5205497003002,3.4406250000000003
5208004003001,3.390000000000001
5208004003002,3.4925
5208004003003,3.3442857142857148
5208004003004,3.0131250000000014
5208004003005,3.254642857142858
5208707005001,2.927924528301887
5208707005002,2.981428571428572
5208707005003,2.9015625
5208707005004,2.9090322580645163
5208707005005,2.5376470588235294
5208707005006,2.537
5208707005007,2.8132727272727283
5208707005008,3.2602857142857147
5208707005009,3.4118918918918912
5208707005010,3.2009375
5208707005011,3.34516129032258
5208707005012,3.162941176470588
5208707005013,3.2447058823529416
5208707005014,3.1162500000000004
5208707005015,3.2565853658536588
5208707005016,3.3875
5208707005017,3.3095652173913046
5208707005018,3.3671428571428565
5208707005019,3.2700000000000005
5208707005020,3.336333333333333
5208707005021,3.2359375
5208707005022,3.154375
5208707005023,3.177647058823529
5208707005024,3.1688235294117635
5208707005025,3.0685294117647066
5208707005026,3.1319512195121937
5208707005027,3.2602941176470583
5208707005028,3.4644736842105264
5208707005029,2.9402631578947367
5208707005030,3.1387096774193552
5208707005031,3.2088235294117657
5208707005032,3.138
5208707005033,3.155714285714286
5208707005034,3.3499999999999988
5208707005035,3.4431818181818183
5208707005036,2.700625
5208707005037,2.8336585365853657
5208707005038,2.8730952380952384
5208707005039,2.8427027027027023
5208707005040,2.7308108108108105
5208707005041,2.7413513513513514
5208707005042,2.9002127659574466
5208707005043,2.96775
5208806003001,3.2342105263157888
5208806003002,3.2629999999999995
5212501003001,3.5277419354838706
5212501003002,3.466842105263158
5212501003003,3.30156862745098
5212501003004,3.5388235294117645
5212501003005,3.6072727272727274
5212501003006,3.6494444444444447
5212501003007,3.3990909090909085
5214507001001,3.2812903225806447
5215231003001,3.5409375
5215231003002,3.4847222222222225
5215231003003,3.7957142857142863
5215231003004,3.5222857142857142
5215603001001,3.2981818181818188
5217609003001,3.880833333333333
5217609003002,3.470625
5217609003003,3.4925925925925916
5219753003001,3.609459459459459
5219753003002,3.4317777777777767
5220454003001,3.2931034482758617
5220454003002,3.494166666666667
5220454003003,3.506885245901639
5221403003001,3.3173333333333344
5221403003002,3.4086666666666665
5221403003003,3.155
5221403003004,3.32842105263158
5221403003005,3.08377358490566
5221858003001,3.3441666666666667
5221858003002,3.5510526315789472
5221858003003,3.2676470588235302
5221858003004,3.4505882352941173
5221858003005,3.4319354838709684
5221858003006,3.202727272727272
5221858003007,3.5455555555555565
2301000003001,3.726
2301000003002,3.65258064516129
2301000003003,3.492884615384614
2301901003001,3.9146666666666663
2301901003002,3.741555555555556
2303709005010,3.6592
2303709005012,3.755217391304348
2303709005017,3.667407407407408
2303709005019,3.507692307692308
2303709005030,3.5605882352941167
2303709005036,3.8219999999999987
2303709005041,3.5435294117647063
2303709005043,3.768148148148149
2303709005046,3.8331707317073165
2303709005047,3.5351428571428567
2303709005048,3.3322222222222213
2303709005049,3.7806666666666673
2303709005053,3.645227272727273
2303709005054,3.76157894736842
2304202003001,3.7653571428571433
2304202003002,3.850434782608695
2304202003003,3.595172413793103
2304202003004,3.618636363636364
2304202003005,3.3911111111111096
2304202003006,3.387499999999999
2304285003001,3.643928571428572
2304285003002,3.5984
2304400005002,3.084067796610169
2304400005006,3.57129411764706
2304400005009,3.499565217391305
2304400005010,2.9362068965517234
2304400005011,3.2855172413793112
2304400005012,3.697368421052631
2304400005016,3.1919148936170227
2304400005017,3.5265151515151505
2304400005018,3.3950000000000014
2304400005019,3.307380952380953
2304400005022,3.218666666666667
2304400005024,2.8538461538461535
2304400005027,3.1852238805970137
2304400005029,3.3495238095238102
2304400005033,3.4064062500000003
2304400005034,3.20309090909091
2304400005035,3.344102564102565
2304400005037,3.5572941176470563
2304400005039,3.54
2304400005040,3.4457777777777783
2304400005041,3.662249999999999
2304400005044,3.539384615384616
2304400005045,3.4751851851851847
2304400005048,3.5949019607843136
2304400005049,3.521875
2304400005050,3.39375
2304400005051,3.442166666666666
2304400005058,3.5260526315789487
2304400005061,3.5459615384615377
2304400005062,3.4860655737704915
2304400005063,3.568541666666665
2304400005064,3.73875
2304400005065,3.4235294117647057
2304400005072,3.5986046511627907
2304400005073,3.510434782608696
2304400005074,3.566666666666667
2304400005076,3.491025641025641
2304400005078,3.622459016393443
2304400005079,3.617466666666668
2304400005081,3.4424590163934434
2304400005083,3.4216470588235297
2304400005084,3.588461538461538
2304400005088,3.4072307692307686
2304400005089,3.405833333333332
2304400005090,3.623783783783783
2304400005094,3.384594594594595
2304400005098,3.4832558139534897
2304400005101,3.4010256410256408
2304400005103,3.285098039215685
2304400005105,3.3776119402985065
2304400005106,3.5908
2304400005107,3.3220967741935463
2304400005109,3.4513999999999987
2304400005116,3.5526923076923067
2304400005118,3.9648648648648654
2306256003001,3.502666666666667
2306256003002,3.8514634146341455
2307304005000,3.7940740740740733
2307304005001,3.4860869565217394
2307304005003,3.393809523809523
2307304005012,3.673666666666667
2307304005014,3.4612121212121214
2307304005015,3.5931818181818183
2307304005016,3.5438461538461543
2307304005018,3.7047368421052624
2307304005019,3.6158064516129036
2307304005022,3.4882142857142853
2307304005029,3.5859999999999994
2307304005032,3.7440909090909087
2307304005035,3.748750000000001
2307650005004,3.626315789473684
2307650005005,3.655789473684212
2307650005006,3.5928571428571425
2307650005009,3.5055555555555555
2307650005010,3.5215
2307650005014,3.8843478260869575
2307650005020,3.7822222222222215
2307650005029,3.683333333333333
2307650005033,3.653571428571428
2307650005038,3.4985
2307650005045,3.629
2307700003001,4.106800000000002
2307700003002,3.879999999999999
2307700003003,3.846315789473684
2307700003004,3.85
2307700003005,3.920888888888888
2309706003001,3.8641176470588237
2309706003002,3.776071428571429
2309706003003,3.930000000000001
2600054003001,3.3227777777777785
2600054003002,3.2938888888888886
2600054003003,3.4655
2600054003004,3.337931034482758
2600054003005,3.3568965517241383
2602902003001,3.5042857142857136
2602902003002,3.0596774193548395
2602902003003,3.3685185185185182
2602902003004,3.4836666666666662
2602902003005,3.7534375
2602902003006,3.65054054054054
2602902003007,3.677368421052632
2602902003008,3.40611111111111
2603454003001,3.276666666666667
2603454003002,3.4500000000000006
2603454003003,3.4105263157894736
2603454003004,3.538
2603454003005,3.3459090909090907
2603454003006,3.3440540540540535
2603454003007,3.373448275862069
2605202003001,3.4625806451612915
2605202003002,3.699090909090911
2606804003001,3.4762500000000007
2606804003002,3.4008695652173917
2606804003003,3.335
2606804003004,3.4862857142857147
2606804003005,3.3519444444444435
2607604001001,3.3313333333333337
2607752001001,3.533636363636364
2607901005001,3.3356097560975613
2607901005002,3.3096
2607901005003,3.021388888888889
2607901005004,3.1369230769230776
2607901005005,3.22
2607901005006,3.1575471698113207
2607901005007,3.4052727272727283
2607901005008,3.39625
2607901005009,3.3211320754716995
2607901005010,3.3899999999999992
2607901005011,3.5069999999999997
2607901005012,3.1904687500000004
2607901005013,3.0497222222222233
2607901005014,3.3284615384615392
2607901005015,3.3817021276595733
2607901005016,3.2406060606060607
2607901005017,3.239655172413794
2609402003001,3.3213793103448275
2609402003002,3.6645652173913037
2609600005001,3.459318181818181
2609600005002,3.4040000000000004
2609600005003,3.4610344827586195
2609600005004,3.456428571428572
2609600005005,3.2468749999999997
2609600005006,3.385882352941177
2609600005007,3.261481481481481
2609600005008,3.3520588235294118
2609600005009,3.4078947368421066
2609600005010,3.120000000000001
2609600005011,3.2813725490196077
2609600005012,3.4405
2609600005013,3.3938095238095243
2609600005014,3.3262068965517244
2609600005015,3.2298181818181826
2610608003001,3.557666666666667
2610608003002,3.633958333333332
2610707003001,3.1488888888888886
2610707003002,3.0588888888888883
2610707003003,3.4544444444444435
2610707003004,3.463125
2610707003005,3.3116363636363646
2610707003006,3.0710526315789477
2610707003007,3.156
2610707003008,3.2790909090909093
2610707003009,3.325
2610707003010,3.3319047619047626
2610707003011,3.265625
2610707003012,3.40390243902439
2610707003013,3.367435897435897
2611101003001,3.4960000000000004
2611101003002,3.3327777777777783
2611101003003,3.9644
2611101003004,3.572666666666666
2611101003005,3.657692307692308
2611101003006,3.889999999999999
2611101003007,3.103333333333333
2611101003008,3.8284000000000016
2611101003009,3.7511764705882342
2611101003010,3.894210526315789
2611101003011,3.5585714285714287
2611101003012,3.723529411764706
2611101003013,3.58
2611101003014,3.5884375
2611606005001,3.2558695652173917
2611606005002,2.905
2611606005003,3.213999999999998
2611606005004,3.3294444444444435
2611606005005,3.5351063829787233
2611606005006,3.3823529411764706
2611606005007,3.5848571428571425
2611606005008,3.503870967741935
2611606005009,2.934642857142857
2611606005010,3.0724242424242423
2611606005011,3.1838095238095243
2611606005012,3.3362162162162163
2611606005013,3.4489583333333336
2611606005014,3.4197142857142864
2611606005015,3.440697674418605
2611606005016,3.4599999999999986
2611606005017,3.4887037037037034
2611606005018,3.035151515151515
2611606005019,3.098333333333333
2611606005020,3.1690196078431367
2611606005021,3.4038636363636368
2611606005022,3.1967741935483867
2611606005023,3.1914516129032253
2611606005024,3.389375
2611606005025,3.265116279069768
2611606005026,3.349830508474576
2611606005027,3.2926865671641785
2611606005028,3.2785294117647057
2611606005029,3.360208333333333
2611606005030,3.30840909090909
2611606005031,3.1890476190476185
2611606005032,2.8132142857142854
2611606005033,2.9013043478260867
2611606005034,3.0267441860465114
2611606005035,3.3333333333333326
2611606005036,3.198125000000001
2611606005037,3.2587878787878783
2611606005038,3.4367307692307687
2611606005039,3.458333333333334
2611606005040,3.4322857142857144
2613701003001,3.3984210526315795
2613701003002,3.44608695652174
2613701003003,3.4390322580645174
2613701003004,3.4000000000000004
2613701003005,3.3568421052631585
3550308005001,2.623953488372093
3550308005002,2.0519642857142864
3550308005003,2.2467901234567904
3550308005004,3.0528000000000004
3550308005005,2.860181818181818
3550308005006,2.828545454545454
3550308005007,2.6508196721311488
3550308005008,2.2909090909090915
3550308005009,2.0797368421052638
3550308005010,2.374576271186441
3550308005011,2.2122727272727283
3550308005012,2.2155555555555555
3550308005013,2.126027397260274
3550308005014,2.1535
3550308005015,3.1410714285714287
3550308005016,3.015384615384616
3550308005017,2.8109210526315787
3550308005018,2.838035714285714
3550308005019,2.9061702127659577
3550308005020,2.3965853658536584
3550308005021,2.4189705882352945
3550308005022,2.3981395348837204
3550308005023,2.168181818181818
3550308005024,2.4347142857142856
3550308005025,2.1071794871794864
3550308005026,2.5701818181818186
3550308005027,2.460975609756098
3550308005028,2.387142857142857
3550308005029,2.523124999999999
3550308005030,3.011851851851852
3550308005031,3.082682926829268
3550308005032,3.1052500000000003
3550308005033,3.0748529411764705
3550308005034,3.0807142857142846
3550308005035,3.39514705882353
3550308005036,2.789634146341464
3550308005037,2.7819607843137253
3550308005038,2.7520930232558136
3550308005039,2.9235064935064945
3550308005040,3.0316417910447746
3550308005041,3.070754716981132
3550308005042,2.9640625000000003
3550308005043,2.84
3550308005044,3.05171875
3550308005045,2.8012195121951224
3550308005046,2.6605194805194814
3550308005047,2.5975949367088598
3550308005048,2.5446875000000007
3550308005049,2.4980555555555544
3550308005050,2.4720833333333325
3550308005051,2.1707692307692303
3550308005052,2.2570370370370374
3550308005053,2.5973333333333333
3550308005054,2.4167241379310354
3550308005055,2.483333333333334
3550308005056,2.467017543859649
3550308005057,2.536938775510204
3550308005058,2.713731343283581
3550308005059,2.6883561643835603
3550308005060,3.3622222222222238
3550308005061,3.143709677419356
3550308005062,3.2557692307692307
3550308005063,2.715
3550308005064,2.8093750000000006
3550308005065,2.9195180722891565
3550308005066,3.0312903225806456
3550308005067,3.21253164556962
3550308005068,3.3018965517241363
3550308005069,3.319523809523808
3550308005070,3.2775903614457813
3550308005071,3.1080000000000005
3550308005072,3.3277083333333333
3550308005073,3.2342222222222214
3550308005074,2.9367164179104464
3550308005075,3.0675609756097555
3550308005076,3.160000000000001
3550308005077,3.0317307692307693
3550308005078,3.1167796610169507
3550308005079,3.2036923076923074
3550308005080,3.11122807017544
3550308005081,3.05325
3550308005082,3.039761904761905
3550308005083,2.9512962962962965
3550308005084,2.96955223880597
3550308005085,2.873561643835616
3550308005086,3.4102040816326533
3550308005087,3.041590909090908
3550308005088,3.2435714285714288
3550308005089,3.086949152542372
3550308005090,3.1043902439024387
3550308005091,3.2610389610389614
3550308005092,2.7177777777777785
3550308005093,2.9268115942028983
3550308005094,2.9145454545454546
3550308005095,3.0563157894736843
3550308005096,2.9289795918367347
3550308005097,3.2738095238095224
3550308005098,2.2695
3550308005099,2.3920454545454546
3550308005100,2.7363529411764707
3550308005101,2.7223728813559327
3550308005102,2.219795918367347
3550308005103,2.515454545454546
3550308005104,3.058906250000001
3550308005105,2.783456790123456
3550308005106,2.800641025641025
3550308005107,2.8032835820895534
3550308005108,3.0282524271844657
3550308005109,3.1602941176470587
3550308005110,3.0833783783783786
3550308005111,3.4138775510204087
3550308005112,3.0249999999999995
3550308005113,3.153125000000001
3550308005114,3.3106153846153856
3550308005115,3.2707017543859647
3550308005116,3.0404347826086964
3550308005117,3.0553061224489815
3550308005118,3.2523636363636363
3550308005119,3.350181818181817
3550308005120,3.335507246376811
3550308005121,3.3349056603773586
3550308005122,3.4979661016949155
3550308005123,3.4927272727272736
3550308005124,3.2758620689655182
3550308005125,3.2522
3550308005126,3.5414754098360666
3550308005127,3.608125
3550308005128,3.0928787878787887
3550308005129,3.069137931034482
3550308005130,3.025
3550308005131,2.9981666666666658
3550308005132,3.0439215686274506
3550308005133,3.219404761904762
3550308005134,3.3497260273972587
3550308005135,3.618115942028985
3550308005136,3.59484375
3550308005137,3.392253521126761
3550308005138,3.25
3550308005139,3.378166666666665
3550308005140,3.331276595744679
3550308005141,3.3296551724137933
3550308005142,3.1766666666666667
3550308005143,3.372727272727272
3550308005144,3.0445238095238087
3550308005145,3.0789999999999997
3550308005146,3.1948148148148148
3550308005147,3.1502702702702705
3550308005148,2.9556363636363643
3550308005149,3.24325
3550308005150,3.356875
3550308005151,3.225757575757576
3550308005152,3.40948275862069
3550308005153,3.267241379310344
3550308005154,3.30734375
3550308005155,3.3177358490566027
3550308005156,3.3784375000000013
3550308005157,3.3775362318840574
3550308005158,3.0878787878787883
3550308005159,3.1852542372881363
3550308005160,3.3347540983606563
3550308005161,3.3408510638297875
3550308005162,3.3150000000000017
3550308005163,3.3822222222222234
3550308005164,3.3374999999999995
3550308005165,3.3481538461538465
3550308005166,3.3343835616438358
3550308005167,3.316923076923076
3550308005168,3.477636363636364
3550308005169,3.1016393442622947
3550308005170,3.139491525423729
3550308005171,2.9889090909090905
3550308005172,2.9771666666666667
3550308005173,2.94
3550308005174,2.7301282051282043
3550308005175,3.316756756756756
3550308005176,3.0873684210526315
3550308005177,2.8856818181818182
3550308005178,3.0823456790123456
3550308005179,3.0173737373737364
3550308005180,2.921269841269841
3550308005181,3.1473076923076935
3550308005182,3.223625
3550308005183,3.2480821917808234
3550308005184,3.0240740740740732
3550308005185,3.4715624999999988
3550308005186,3.5685294117647053
3550308005187,3.2607843137254915
3550308005188,3.4232
3550308005189,3.6091139240506336
3550308005190,3.5820454545454554
3550308005191,3.515657894736842
3550308005192,3.3325714285714283
3550308005193,3.336470588235295
3550308005194,3.5163513513513505
3550308005195,3.4565714285714293
3550308005196,3.211044776119404
3550308005197,3.372820512820514
3550308005198,3.506724137931035
3550308005199,3.6252459016393455
3550308005200,3.270408163265305
3550308005201,3.266176470588235
3550308005202,3.3778723404255317
3550308005203,3.3943902439024387
3550308005204,3.311960784313725
3550308005205,3.5121951219512195
3550308005206,3.30265306122449
3550308005207,3.373749999999999
3550308005208,3.316825396825397
3550308005209,3.517659574468085
3550308005210,3.4325
3550308005211,3.583055555555555
3550308005212,3.4091044776119404
3550308005213,3.43027397260274
3550308005214,3.460394736842105
3550308005215,3.4801851851851837
3550308005216,3.5075925925925935
3550308005217,3.4461290322580647
3550308005218,3.589756097560976
3550308005219,3.2551219512195115
3550308005220,3.048928571428571
3550308005221,3.270147058823529
3550308005222,3.200212765957447
3550308005223,3.305400000000001
3550308005224,3.233220338983052
3550308005225,3.227818181818181
3550308005226,3.3083050847457636
3550308005227,3.3426666666666662
3550308005228,3.160512820512821
3550308005229,3.3304838709677433
3550308005230,3.3209459459459447
3550308005231,3.2622388059701497
3550308005232,3.2894
3550308005233,3.3324561403508777
3550308005234,3.3320312500000004
3550308005235,3.3680327868852453
3550308005236,3.5266666666666677
3550308005237,3.2960759493670886
3550308005238,3.2903703703703684
3550308005239,3.4182539682539668
3550308005240,3.24125
3550308005241,3.3908333333333323
3550308005242,3.4847368421052636
3550308005243,3.640149253731342
3550308005244,3.571964285714286
3550308005245,3.631636363636363
3550308005246,3.511176470588236
3550308005247,3.5215254237288147
3550308005248,3.4872972972972964
3550308005249,3.3020253164556963
3550308005250,3.5466666666666664
3550308005251,3.497910447761194
3550308005252,3.4746376811594204
3550308005253,3.3747826086956536
3550308005254,3.5911290322580647
3550308005255,3.580408163265305
3550308005256,3.5047058823529427
3550308005257,3.4626
3550308005258,3.564772727272727
3550308005259,3.5636708860759496
3550308005260,3.5035616438356167
3550308005261,3.2724137931034485
3550308005262,3.323555555555555
3550308005263,3.0971794871794884
3550308005264,3.3782142857142845
3550308005265,3.389791666666667
3550308005266,3.51910447761194
3550308005267,3.4135384615384616
3550308005268,3.5405633802816907
3550308005269,3.5061363636363625
3550308005270,3.655098039215685
3550308005271,3.61686274509804
3550308005272,3.405151515151516
3550308005273,3.3075
3550308005274,3.4537209302325578
3550308005275,3.5509090909090912
3550308005276,3.5598181818181818
3550308005277,3.6394230769230775
3550308005278,3.5604444444444434
3550308005279,3.55675
3550308005280,3.5219047619047616
3550308005281,3.705116279069768
3550308005282,3.635593220338982
3550308005283,3.3665882352941168
3550308005284,3.5368831168831183
3550308005285,3.5620000000000003
3550308005286,3.4273170731707316
3550308005287,3.3813043478260862
3550308005288,3.4911111111111106
3550308005289,3.4365116279069765
3550308005290,3.6492307692307686
3550308005291,3.416478873239435
3550308005292,3.3577192982456134
3550308005293,3.393692307692308
3550308005294,3.3372549019607844
3550308005295,3.3832558139534887
3550308005296,3.3645121951219505
3550308005297,3.4400000000000013
3550308005298,3.5406666666666675
3550308005299,3.5290384615384616
3550308005300,3.5669014084507045
3550308005301,3.443972602739726
3550308005302,3.565735294117648
3550308005303,3.56593220338983
3550308005304,3.5147368421052634
3550308005305,3.1431707317073165
3550308005306,3.6410256410256423
3550308005307,3.4417021276595743
3550308005308,3.053125
3550308005309,3.584375000000001
3550308005310,3.0152173913043483
2203305001001,3.511428571428571
2211001003001,3.72025641025641
2211001003002,3.4625641025641025
2211001003003,3.7485294117647054
2211001003004,3.6867647058823536
2211001003005,3.6946153846153846
2211001003006,3.737092511013216
2211001003007,3.5764331210191083
2211001003008,3.718780487804879
2211001003009,3.5507692307692307
2211001003010,3.585681818181818
2211001003011,3.6307407407407406
2211001003012,3.4900000000000007
2211001003013,3.909230769230769
2211001003014,3.896153846153845
2211001003015,3.785833333333332
2211001003016,3.664444444444445
2800308005001,3.2742553191489376
2800308005002,3.5766666666666675
2800308005003,3.2743589743589743
2800308005004,3.1262745098039217
2800308005005,3.2884313725490197
2800308005006,3.1368750000000003
2800308005007,3.2093333333333325
2800308005008,3.167027027027028
2800308005009,3.3066000000000004
2800308005010,3.2172916666666675
2800308005011,3.605510204081632
2800308005012,3.4822222222222234
2800308005013,3.5057142857142853
2800308005014,3.5047169811320766
2800308005015,3.4789473684210535
2800308005016,3.5342307692307697
2800605001001,3.5951351351351364
2803609001001,3.9276923076923067
2804003001001,3.668461538461538
2804805003001,3.483333333333333
2804805003002,3.4695000000000014
2804805003003,3.4386666666666668
2804805003004,3.5595
2804805003005,3.529629629629629
2804805003006,3.5184
2804805003007,3.6729729729729734
2804805003008,3.505581395348838
2806701003001,3.4176470588235297
2806701003002,3.4879310344827585
2806701003003,3.5167272727272727
2806701003004,3.5239999999999987
4100400003001,3.2642857142857142
4100400003002,3.4536
4100400003003,3.4978
4100400003004,3.3853333333333326
4101804003001,3.459090909090909
4101804003002,3.3526923076923074
4101804003003,3.425652173913043
4101804003004,3.2053571428571432
4101804003005,3.3812903225806443
4101804003006,3.377317073170732
4103701003001,3.155333333333333
4103701003002,3.063333333333334
4103701003003,3.286111111111111
4103701003004,3.2035483870967743
4103701003005,3.2247058823529406
4104006003001,3.324193548387097
4104006003002,3.312962962962963
4104204003001,3.1811111111111114
4104204003002,3.1977777777777785
4104204003003,3.3588
4104204003004,3.3190476190476192
4104204003005,3.2851282051282054
4104253001001,3.356388888888889
4105805005001,3.2759259259259266
4105805005002,3.381081081081081
4105805005003,3.3520000000000003
4105805005004,3.349333333333333
4105805005005,3.2342105263157896
4105805005006,3.3236363636363646
4105805005007,3.655
4105805005008,3.2670833333333333
4105805005009,3.2645714285714287
4105805005010,3.440588235294117
4105805005011,3.3609090909090913
4106902005001,3.121666666666667
4106902005002,2.466562500000001
4106902005003,1.9710810810810808
4106902005004,3.2135000000000007
4106902005005,2.421764705882353
4106902005006,2.619090909090909
4106902005007,3.1808333333333336
4106902005008,2.8568421052631585
4106902005009,2.8230000000000013
4106902005010,3.0771875
4106902005011,3.0971428571428583
4106902005012,3.088611111111112
4106902005013,2.8363636363636364
4106902005014,2.6122033898305084
4106902005015,3.12375
4106902005016,3.076756756756757
4106902005017,3.2077083333333327
4106902005018,2.8589285714285717
4106902005019,3.143243243243242
4106902005020,3.3597368421052636
4106902005021,3.2310256410256413
4106902005022,3.1168571428571425
4106902005023,3.34
4106902005024,3.1557500000000003
4106902005025,3.1074418604651166
4106902005026,3.1465116279069782
4106902005027,3.05054054054054
4106902005028,3.2077500000000008
4106902005029,3.135588235294118
4106902005030,2.603939393939394
4106902005031,2.6081395348837213
4106902005032,3.27952380952381
4106902005033,3.24735294117647
4106902005034,2.939090909090908
4106902005035,2.8691891891891896
4106902005036,2.8723880597014926
4106902005037,2.9414634146341467
4106902005038,3.197179487179488
4106902005039,3.0909836065573773
4106902005040,2.9672727272727264
4106902005041,3.414090909090908
4106902005042,3.505882352941177
4106902005043,3.3745945945945945
4106902005044,3.2535384615384624
4106902005045,3.3051282051282054
4106902005046,3.305434782608696
4106902005047,3.2768115942028984
4106902005048,3.4134782608695664
4106902005049,3.2229411764705884
4106902005050,3.3413793103448266
4106902005051,3.18530612244898
4106902005052,3.125142857142857
4106902005053,2.1239024390243904
4106902005054,3.217647058823529
4106902005055,3.1248275862068966
4107652003001,3.374375
4107652003002,3.3764705882352937
4107652003003,3.464137931034483
4107652003004,3.4742857142857138
4107900001001,3.0206666666666657
4109807003001,3.2466666666666666
4109807003002,3.1330303030303037
4111258001001,3.5147058823529416
4113700005001,2.677605633802815
4113700005002,3.214468085106384
4113700005003,3.139322033898305
4113700005004,3.2291194968553465
4113700005005,3.132764227642277
4113700005006,3.2173737373737383
4114203003001,3.1344444444444446
4114203003002,3.0068085106382982
4114807003001,3.233414634146342
4114807003002,3.1769230769230763
4115200004001,3.1444444444444444
4115200004002,3.121428571428572
4115200004003,3.3290909090909087
4115200004004,3.1779999999999995
4115200004005,2.778928571428572
4115200004006,3.298695652173914
4115200004007,3.2438461538461545
4115200004008,3.1460714285714286
4115200004009,2.5043333333333333
4115200004010,3.140344827586208
4115200004011,3.2108571428571437
4115200004012,3.016363636363637
4115200004013,2.6578124999999995
4115200004014,2.864285714285714
4115200004015,2.8696296296296286
4115200004016,3.173333333333334
4115200004017,3.075
4115200004018,3.2479166666666672
4115200004019,3.114772727272728
4115200004020,3.127142857142857
4117503003001,3.1873913043478264
4117503003002,3.212857142857142
4119152003001,3.195625
4119152003002,3.243125
4119152003003,3.3790909090909085
4119152003004,3.2438235294117663
4119152003005,3.271142857142857
4119509003001,3.2983999999999987
4119509003002,3.3315789473684205
4119509003003,3.435227272727273
4119509003004,3.285
4120804001001,3.2223333333333333
4122206003001,3.370588235294118
4122206003002,3.2912195121951227
4122404003001,2.9881249999999997
4122404003002,3.2325000000000004
4122404003003,3.231935483870968
4125506005001,3.17543307086614
4125506005002,3.213392857142856
4125506005003,3.4326666666666674
4125506005004,3.432272727272728
4125506005005,3.3544444444444435
4125506005006,3.3067741935483865
4126256003001,3.2046666666666668
4126256003002,3.2972222222222225
4126256003003,3.187058823529412
4126256003004,3.057826086956521
4126256003005,3.1665625000000004
5300108005001,2.514708520179373
5300108005002,2.760387096774193
5300108005003,2.8298214285714285
5300108005004,3.1639189189189203
5300108005005,3.4218518518518533
5300108005006,3.525857142857142
5300108005007,3.3179850746268644
5300108005008,3.0599259259259264
5300108005009,3.1918103448275863
5300108005010,3.633888888888888
5300108005011,2.8003529411764694
5300108005012,3.575172413793103
5300108005013,3.5690909090909098
5300108005014,3.5426470588235315
5300108005015,3.410816326530612
5300108005016,3.496475409836066
5300108005017,3.6809090909090902
5300108005018,3.5957894736842086
5300108005019,3.55801724137931
5300108005020,3.3708749999999994
5300108005021,3.209375
5300108005022,3.193888888888889
5300108005023,3.1986792452830177
5300108005024,3.122112676056338
5300108005025,3.3518181818181816
5300108005026,3.410344827586207
5300108005027,3.3679166666666664
5300108005028,3.451647058823528
5300108005029,3.57231884057971
5300108005030,3.6174418604651137
5300108005031,3.737368421052632
5300108005032,3.105131578947369
5300108005033,3.2202
5300108005034,3.1078723404255317
5300108005035,2.4219230769230773
5300108005036,3.5857575757575764
5300108005037,3.542727272727272
5300108005038,3.654862385321104
5300108005039,3.4676666666666667
5300108005040,3.6335294117647035
5300108005041,3.719500000000002
5300108005042,3.4142222222222234
5300108005043,3.63378947368421
5300108005044,3.6843055555555564
5300108005045,3.63671052631579
5300108005046,3.2715000000000005
5300108005047,3.6401639344262304
5300108005048,3.2329729729729744
5300108005049,3.49
5300108005050,3.469642857142856
5300108005051,3.5203092783505148
