mun_code,2001,2002,2003,2004,2005,2006,2008,2009,2011,2012,2013,2014,2015,2016,2017
1302603,1451958,1488805,1527314,1592555,1644690,1688524,1709008,1738641,1832424,1861838,1982177,2020301,2057711,2094391,2130264
1500800,410234,423325,437135,468463,482171,498095,495480,505512,477999,483821,493976,499776,505404,510834,516057
1501303,65385,66913,68604,72441,74120,76071,89909,92567,102668,105385,109975,112921,115779,118537,121190
1501402,1304314,1322683,1342202,1386482,1405871,1428368,1424120,1437600,1402056,1410430,1425922,1432844,1439561,1446042,1452275
1501501,37025,38458,39809,42874,44216,45774,45616,46611,52888,54083,56112,57393,58637,59836,60990
1504422,80046,82095,85652,93723,97254,101356,98746,101158,110842,113353,117614,120305,122916,125435,127858
1600303,295898,306583,318761,326466,355408,368367,359022,366484,407023,415554,437256,446757,456171,465495,474706
1600600,84602,87478,89369,91310,98600,101864,95733,97220,102861,104407,108897,110565,112218,113854,115471
2107506,80371,83409,86760,93796,97689,101554,101452,103958,107764,110321,113378,115693,117877,119915,122420
2109452,17542,18300,18863,20044,20698,21347,25042,25837,27037,27723,28543,29167,29755,30304,30863
2111201,111884,115130,118725,126271,130448,134593,135821,139473,165418,167714,170423,172402,174267,176008,176418
2111300,889129,906567,923526,959124,978824,998385,986825,997098,1027430,1039610,1053922,1064197,1073893,1082935,1091868
2112209,131821,134374,136547,141109,143634,146139,148804,150635,157438,159471,161721,163342,164869,166295,167619
2203305,12744,12909,13105,13514,13741,13966,13173,13232,13339,13398,13496,13526,13552,13575,13595
2211001,728881,740016,751464,775477,788773,801971,794605,802537,822364,830231,836475,840600,844245,847430,850198
2301000,62326,63449,64832,67736,69343,70938,70439,71400,73562,74465,76186,76967,77717,78438,79128
2301901,48049,48841,49681,51444,52420,53388,52496,53011,55960,56576,57818,58347,58855,59343,59811
2303709,260700,268443,276781,294284,303970,313584,326811,334364,330855,336091,344936,349526,353932,358164,362223
2304202,106078,107618,108998,111894,113497,115087,115724,116759,122717,123963,126591,127657,128680,129662,130604
2304285,32867,33833,34916,37190,38448,39697,40426,41307,47030,47993,49455,50308,51127,51913,52667
2304400,2183612,2219837,2256233,2332657,2374944,2416920,2473614,2505552,2476589,2500194,2551806,2571896,2591188,2609716,2627482
2306256,30001,30562,31186,32496,33221,33941,32382,32678,36324,36814,37705,38131,38540,38933,39310
2307304,216560,220248,224014,231920,236296,240638,246515,249829,252841,255648,261289,263704,266022,268248,270383
2307650,176741,184483,186688,191317,193879,196422,199808,201693,211267,213404,217922,219749,221504,223188,224804
2307700,89742,91592,93196,96565,98429,100279,108525,110523,115465,117306,120405,122020,123570,125058,126486
2309706,53591,54720,56124,59071,60701,62320,70018,71839,73881,75411,77723,79077,80378,81627,82824
2403251,132237,137604,143598,156181,163144,170055,178819,184222,208426,214199,229414,235983,242384,248623,254709
2403608,20106,20546,20999,21948,22473,22995,22473,22751,24953,25324,26677,27107,27525,27933,28331
2407104,56207,57289,58405,60749,62046,63333,65361,66380,70587,71670,75548,76801,78021,79211,80031
2408102,722144,734505,744794,766081,778040,789896,798071,806203,810780,817590,853928,862044,869954,877662,885180
2408201,19613,20114,20613,21660,22239,22814,23655,24109,24149,24501,25800,26208,26606,26994,27372
2412005,72274,74479,76820,82063,84788,87493,79776,80737,89045,90376,95218,96759,98260,99724,101492
2412203,35734,36335,36995,38381,39148,39909,38109,38404,40150,40511,42345,42773,43191,43598,43995
2501807,88502,89680,90663,92728,93870,95004,95470,96198,100137,100543,95196,95677,96140,96583,97010
2503209,44476,45731,47077,49902,51465,53017,51064,51865,59104,60226,63035,64360,65634,66858,68033
2504009,358526,362317,365559,372366,376132,379871,381422,383764,387644,389995,400002,402912,405072,407754,410332
2504900,14248,14382,14522,14815,14977,15138,15702,15854,16158,16317,16836,17028,17212,17389,17559
2507507,607441,619049,628838,649410,660798,672081,693080,702235,733155,742478,769607,780738,791438,801718,811598
2508307,24449,24679,24922,25434,25717,25997,25636,25766,26035,26164,26788,26950,27247,27398,27543
2512507,36454,36764,37103,37816,38210,38602,39956,40323,41298,41538,42586,42884,43667,43945,44214
2513703,118207,120353,122446,126839,129271,131684,125858,126775,121166,121994,132871,133927,134940,135915,136851
2600054,90571,91565,92737,95198,96560,97911,95670,96266,94843,95243,97786,98201,98602,98990,99364
2602902,156004,158435,160968,166286,169229,172150,169986,171583,187159,189222,196152,198383,200546,202636,204653
2603454,132215,134866,137727,143732,147056,150354,141972,143210,145676,146847,151587,152840,154054,155228,156361
2605202,57377,57657,57803,58111,58281,58450,62163,62604,63963,64422,66419,66907,67381,67839,68281
2606804,83424,85174,86519,89342,90904,92455,98601,100191,103537,105003,109322,110917,112463,113956,115398
2607604,16376,16753,17168,18040,18522,19001,18412,18658,22347,22794,23923,24413,24888,25346,25789
2607752,20590,20896,21258,22018,22439,22857,24026,24406,24050,24321,25220,25514,25798,26073,26338
2607901,592297,601426,610648,630008,640722,651355,678346,687688,649788,654786,675599,680943,686122,691125,695956
2609402,50401,51324,52308,54373,55516,56650,55102,55659,57271,57828,59836,60435,61016,61577,62119
2609600,372014,373479,376068,381502,384510,387494,394850,397268,378538,379271,388127,388821,389494,390144,390771
2610608,45733,46302,46842,47975,48603,49225,47337,47521,51835,52297,54051,54547,55028,55493,55942
2610707,268282,272914,277870,288273,294030,299744,314302,319373,303401,306239,316714,319769,322730,325590,328353
2611101,225199,230342,235821,247322,253686,260004,276174,281851,299752,305352,319893,326017,331951,337683,343219
2611606,1437190,1449135,1461320,1486869,1501008,1515052,1549983,1561659,1546516,1555039,1599513,1608488,1617183,1625583,1633697
2613701,90894,91357,91801,92732,93247,93758,99136,99945,103854,104782,108301,109298,110264,111197,112099
2702207,5163,5208,5242,5314,5353,5393,5493,5525,5557,5586,5817,5844,5870,5895,5918
2704302,817444,833261,849734,884320,903463,922458,924147,936314,943110,953393,996733,1005319,1013773,1021709,1029129
2707701,63450,64317,65155,66915,67889,68856,67359,67797,68885,68952,71834,75267,75645,75688,76019
2707909,6452,6513,6570,6692,6759,6826,7468,7572,6930,6967,7257,7292,7325,7357,7386
2708907,12970,13264,13593,14283,14666,15045,14584,14779,14815,15020,15737,13241,13381,13824,13949
2800308,468297,473991,479767,491898,498619,505286,536784,544039,579563,587701,614577,623766,632744,641523,650106
2800605,18435,18876,19372,20413,20990,21562,19809,19998,25527,26059,27495,28093,28677,29248,29807
2803609,24114,24531,24982,25928,26452,26972,24626,24714,27177,27442,28533,28835,29130,29418,29700
2804003,15491,15616,15692,15850,15937,16024,15583,15582,16412,16478,16998,17076,17151,17225,17297
2804805,138662,145167,151427,164569,171841,179060,153253,155334,163047,165194,172547,174974,177344,179661,181928
2806701,66654,68243,69911,73415,75353,77278,74190,75104,79956,81011,84620,85814,86979,88118,89232
2905701,166985,171845,176541,186399,191855,197144,227955,234558,249206,255238,275575,281413,286919,292074,296893
2906501,77829,78643,79507,81319,82323,83295,81306,81699,83648,84121,89419,88308,88806,89271,89707
2910057,47037,48294,49668,52553,54150,55698,56600,57708,68061,69628,75103,76624,78058,79401,80657
2910800,490307,496625,503900,519173,527625,535820,583426,591707,562466,568099,606139,612000,617528,622639,627477
2913606,221654,221786,221627,221294,221110,220932,219710,219266,185801,187315,184616,182350,180213,178210,176341
2914802,197829,199073,200186,202523,203816,205070,212245,213656,205286,205885,218124,218925,219680,220386,221046
2916104,19420,19763,20143,20941,21382,21810,20641,20796,20862,20994,22329,22476,22615,22744,22866
2918407,179667,184204,188676,198065,203261,208299,237626,243896,199761,201499,214748,216588,218324,220253,221773
2919207,118678,122858,127182,136258,141280,146150,153016,156936,167309,171042,184383,188013,191436,194641,197636
2919926,12499,12636,12915,13500,13823,14137,16354,16783,17786,18183,19600,19985,20348,20689,21007
2921005,32800,32996,33194,33611,33842,34065,38962,39585,40866,41527,44538,45194,45813,46392,46998
2927408,2485702,2520504,2556429,2631831,2673560,2714018,2948724,2998056,2693606,2710968,2883682,2902927,2921087,2938092,2953986
2929206,26941,27554,28144,29383,30069,30733,31219,31699,33713,34226,36677,38838,39329,39790,40220
2929503,40297,40620,40926,41568,41924,42269,41624,41758,42322,42485,45090,45292,45482,45660,45827
2930709,96601,98598,100702,105117,107561,109930,114649,116662,119760,121416,129964,131630,133202,134674,136050
3106200,2258857,2284468,2305812,2350564,2375329,2399920,2434632,2452617,2385640,2395785,2479165,2491109,2502557,2513451,2523794
3106705,323188,335236,348491,376318,391718,407003,429507,441748,383571,388873,406474,412003,417307,422354,427146
3109006,27503,28151,28865,30362,31191,32014,33693,34391,34538,35085,36748,37314,37857,38373,38863
3110004,36650,36940,37238,37863,38209,38552,40634,41043,41092,41423,43036,43395,43739,44066,44377
3112505,8088,8227,8379,8698,8875,9050,9155,9276,8957,9030,9382,9461,9537,9609,9678
3115904,2261,2183,2097,1915,1814,1714,2728,2762,2825,2856,2977,3010,3042,3072,3101
3117876,5036,5142,5264,5520,5661,5802,5966,6072,6008,6077,6336,6409,6478,6545,6608
3118601,548637,556623,565258,583386,593419,603376,617749,625393,608715,613815,637961,643476,648766,653800,658580
3119401,98636,99558,100535,102588,103724,104851,104415,105037,104174,104637,108302,108843,109363,109857,110326
3124104,49868,51886,54111,58784,61369,63936,58307,59408,61283,62262,65224,66237,67208,68133,69010
3129806,139703,144594,149955,161208,167436,173617,155290,157438,160943,162867,169908,171932,173873,175721,177475
3130101,25848,26741,27625,29479,30505,31524,32967,33773,35620,36363,38285,39045,39774,40468,41127
3131158,14871,15104,15370,15929,16238,16544,15351,15422,16876,17037,17729,17902,18068,18225,18375
3131307,216429,219319,222485,229133,232812,236463,241720,244508,241539,243541,253098,255266,257345,259324,261203
3136652,17255,17848,18524,19946,20732,21513,20567,20978,22649,23080,24255,24662,25087,25490,25874
3136702,465080,471693,478607,493121,501153,509125,520612,526706,520811,525225,545942,550710,555284,559636,563769
3137601,39286,40330,41470,43865,45190,46506,47287,48213,53645,54732,57589,58702,59770,60787,61752
3140159,11164,11632,12142,13211,13802,14389,11899,12029,13396,13594,14222,14427,14624,14811,14988
3140704,24928,25526,26167,27514,28259,28998,26631,26862,28141,28417,29578,29873,30155,30423,30678
3140803,12476,12611,12744,13025,13180,13334,13738,13872,13521,13603,14104,14196,14285,14369,14449
3141108,30958,31544,32184,33529,34273,35011,34789,35233,34295,34624,36031,36382,36719,37040,37344
3144805,65755,66909,68080,70537,71897,73247,75530,76608,82273,83507,87391,88672,89900,91069,92178
3149309,55413,56558,57766,60300,61703,63095,58635,59064,59213,59670,61975,62473,62951,63406,63837
3153608,8354,8529,8667,8957,9117,9276,9239,9335,9676,9776,10181,10287,10388,10485,10577
3153905,14271,14299,14303,14313,14318,14324,15418,15521,15423,15502,16055,16144,16230,16312,16390
3154606,259203,268516,278574,299687,311372,322969,340033,349307,299729,303029,315819,319310,322659,325846,328871
3154804,7723,7783,7840,7962,8029,8096,8597,8685,9200,9307,9704,9816,9924,10026,10123
3156700,118429,120741,123242,128492,131398,134282,125285,126195,127097,127897,132636,133528,134382,135196,135968
3157807,190479,194808,199406,209057,214398,219699,227438,231607,204327,205666,213345,214830,216254,217610,218897
3158953,18740,19223,19719,20760,21336,21907,24105,24695,27965,28641,30255,30943,31604,32232,32828
3162922,18960,19529,20168,21509,22252,22989,23462,23986,26104,26653,28064,28624,29162,29674,30160
3162955,16011,16709,17502,19168,20089,21004,18855,19234,20168,20524,21538,21905,22257,22592,22910
3165537,18292,18972,19760,21414,22329,23238,24828,25583,26470,27104,28625,29270,29889,30478,31037
3167202,189686,193468,197457,205833,210468,215069,221764,225358,216400,218574,227571,229887,232107,234221,236228
3168705,73072,74251,75538,78240,79735,81219,79100,79813,81993,82718,86014,86794,87542,88255,88931
3170206,516870,529441,542541,570042,585262,600368,622441,634345,611904,619536,646673,654681,662362,669672,676613
3171204,79918,82404,85180,91009,94234,97436,99557,101846,106685,108771,114365,116506,118557,120510,122365
3201308,329918,334753,339612,349811,355456,361058,362277,365859,350615,352431,375974,378915,381802,384621,387368
3202405,91469,94014,96619,102089,105116,108120,103113,104534,106583,107836,116278,118056,119802,121506,123166
3205002,334840,342016,351686,371986,383220,394370,397226,404688,416029,422569,467318,476428,485376,494109,502618
3205101,54539,55469,56405,58370,59458,60537,60191,60829,65888,66745,72115,73318,74499,75652,76776
3205200,355739,362877,370727,387204,396323,405374,407579,413548,419854,424948,458489,465690,472762,479664,486388
3205309,296012,299357,302633,309507,313312,317085,317815,320156,330526,333162,348268,352104,355875,359555,363140
3300308,89614,90461,91369,93277,94332,95380,102487,103833,95260,95726,96261,96568,96865,97152,97460
3300407,171470,172290,173003,174500,175328,176151,176469,176899,178355,178880,179472,179697,179915,180126,179451
3300456,442012,449997,457201,472325,480695,489002,495694,501544,472008,474596,477583,479386,481127,494141,495783
3301009,410220,413445,416441,422731,426212,429667,431839,434008,468087,472300,477208,480648,483970,487186,490288
3301702,783517,798103,808614,830679,842890,855010,864392,872762,861158,867067,873921,878402,882729,886917,890997
3301850,39151,40030,40994,43019,44139,45251,48688,49748,52522,53527,54706,55626,56515,57105,57921
3301900,192649,197016,201443,210735,215877,220981,225309,228996,220352,222618,225263,227168,229007,230786,232394
3302007,84231,85918,87736,91551,93662,95757,103515,105633,111171,113182,115542,117374,119143,120855,122369
3302270,85294,86959,88668,92254,94239,96209,100055,101690,96430,97337,98393,99141,99863,100562,101237
3302502,210861,214703,218821,227467,232251,237000,240940,244334,228972,230568,232419,233634,234809,236319,237420
3302601,25705,26369,27050,28480,29272,30057,31848,32533,37343,38201,39210,40008,40779,41557,42415
3302700,80241,83090,86038,92227,95653,99052,119231,123492,131355,135121,139552,143111,146549,149876,153008
3303203,153017,152790,152363,151465,150968,150475,159005,159408,157710,157986,158288,158299,158309,158319,158329
3303302,461204,464353,466628,471403,474046,476669,477912,479384,489720,491807,494200,495470,496696,497883,499028
3303500,764879,780343,792208,817117,830902,844583,855500,865089,799047,801746,804815,806177,807492,797435,798647
3303609,40901,41327,41722,42552,43011,43467,44629,45016,47635,48129,48705,49120,49521,50071,50447
3303906,290139,293074,296108,302477,306002,310216,312766,315119,296565,297192,297888,298017,298142,298158,298235
3303955,20068,20487,20954,21933,22476,23014,22129,22382,22968,23208,23488,23691,23887,24076,24282
3304003,22447,22757,23054,23676,24021,24363,25762,26114,26637,26948,27311,27579,27838,28088,28222
3304144,124495,126868,129131,133881,136509,139118,137870,139378,139188,140374,141753,142709,143632,144525,145386
3304557,5897485,5937253,5974081,6051399,6094183,6136652,6161047,6186710,6355949,6390290,6429923,6453682,6476631,6498837,6520266
3304904,903333,914534,925402,948216,960841,973372,982832,991382,1008065,1016128,1025507,1031903,1038081,1044058,1049826
3305109,452109,454463,456778,461638,464327,466996,468309,469827,459379,460062,460799,460711,460625,460541,460461
3305554,66906,68542,70065,73262,75032,76788,77618,78819,79179,80138,81260,82090,82892,83667,84416
3306305,244715,246641,248766,253226,255695,258145,259811,261403,259012,260180,261522,262259,262970,263659,265201
3501152,15432,15567,15713,16019,16189,16357,16331,16427,16961,17079,17784,17924,18061,18194,18324
3501608,185552,188643,191451,197345,200607,203845,203283,205229,212791,214873,224551,226970,229322,231621,233868
3502754,11652,12044,12457,13324,13804,14280,13027,13208,17535,17975,19144,19636,20114,20581,21038
3502903,20408,20925,21440,22521,23119,23713,26012,26626,27874,28429,30088,30713,31321,31915,32495
3503901,61715,63722,65828,70248,72694,75122,78960,80922,76112,77279,81326,82651,83939,85199,86430
3504107,114090,116553,118990,124108,126940,129751,125418,126757,127778,128914,134567,135895,137187,138449,139683
3504602,12253,12777,13347,14543,15204,15861,13898,14127,14838,15065,15851,16109,16359,16604,16843
3505708,217510,224584,232150,248034,256824,265549,264619,270173,243242,245652,256756,259555,262275,264935,267534
3506359,33289,33946,35759,39565,41672,43763,42945,44233,48997,50304,53679,55138,56555,57942,59297
3507001,35577,36730,37827,40129,41402,42667,43959,44906,49385,50420,53431,54594,55725,56830,57910
3507100,13625,14041,14379,15088,15480,15870,17571,17993,20199,20674,21976,22508,23025,23530,24023
3508405,34838,36106,37501,40430,42050,43659,41839,42700,42257,42889,45112,45830,46528,47210,47877
3508504,77011,78249,79233,81298,82440,83574,84406,85181,85414,86054,89668,90426,91162,91883,92587
3509007,74751,77986,81126,87717,91365,94985,86698,88212,87704,88841,93215,94516,95780,97016,98223
3509205,52378,54343,56006,59496,61427,63344,62522,63675,65139,66131,69584,70710,71805,72875,73921
3509502,982977,995024,1006918,1031887,1045706,1059420,1056644,1064669,1090386,1098630,1144862,1154617,1164098,1173370,1182429
3509601,65956,67582,69373,73132,75212,77277,73885,74863,74869,75637,79091,79982,80847,81693,82520
3510609,351041,357417,363368,375859,382772,389634,388532,392701,371502,373358,387788,390073,392294,394465,396587
3511300,6811,6910,7007,7211,7324,7436,8119,8258,8070,8165,8553,8662,8767,8870,8971
3512803,45345,46111,46927,48638,49585,50525,57951,59297,59938,61013,64415,65628,66807,67960,69086
3513009,153070,157726,161782,170296,175008,179685,179109,182045,205154,209027,220941,225306,229548,233696,237750
3513504,109963,111922,113599,117120,119068,121002,127702,129582,119520,120293,125178,126105,127006,127887,128748
3513801,362663,367958,373014,383629,389503,395333,394266,397738,388576,390980,406718,409613,412428,415180,417869
3515004,213017,218535,223581,234174,240037,245855,245093,248722,242730,245148,256247,259053,261781,264448,267054
3515103,59218,61259,63274,67505,69847,72170,61701,62137,63219,63653,66273,66792,67296,67788,68270
3515707,147966,152100,156613,166086,171329,176532,175939,179231,170297,172222,180326,182544,184700,186808,188868
3516309,139309,144227,149096,159316,164971,170585,155224,157294,156064,157603,164718,166505,168243,169942,171602
3516408,110755,112874,115080,119710,122273,124816,129304,131366,133407,135150,141824,143817,145755,147650,149502
3517505,14477,14807,15141,15844,16232,16618,17593,17938,18160,18441,19409,19728,20037,20340,20637
3518305,22361,22734,23119,23927,24374,24818,26523,26974,26147,26439,27679,28016,28344,28664,28978
3518701,271902,276301,281634,292828,299023,305171,304274,308058,292744,294669,306683,308989,311230,313421,315563
3518800,1106064,1132651,1160468,1218862,1251179,1283253,1279202,1299283,1233436,1244518,1299249,1312197,1324781,1337087,1349113
3519071,159749,166549,173060,186726,194289,201795,201049,205856,195776,198758,209139,212527,215819,219039,222186
3520509,152462,156750,161252,170703,175933,181124,180524,183803,205808,209859,222042,226602,231033,235367,239602
3521002,20240,20027,20790,22390,23276,24156,26696,27526,29062,29798,31745,32568,33367,34149,34913
3522109,75124,77449,79980,85294,88235,91153,85977,87338,88214,89332,93696,94977,96222,97439,98629
3522208,134499,138952,143253,152283,157280,162239,159102,161983,154374,156077,163363,165327,167236,169103,170927
3522505,169106,173891,179209,190373,196551,202683,201995,205881,203712,206558,217005,220250,223404,226488,229502
3523107,285610,295663,306208,328345,340596,352755,351493,359253,325518,329144,344558,348739,352801,356774,360657
3523404,83246,85311,87220,91228,93447,95648,97462,99047,103028,104533,109907,111620,113284,114912,116503
3523909,138741,141268,144008,149758,152941,156100,155457,157384,155589,156983,163882,165511,167095,168643,170157
3524006,27142,27854,28638,30283,31193,32097,40972,42458,46294,47682,51082,52627,54128,55596,57031
3524402,194733,197061,199739,205360,208471,211559,210988,212824,212744,214223,223064,224826,226539,228214,229851
3524709,30293,31072,31757,33194,33989,34779,40066,41107,45441,46533,49497,50719,51907,53069,54204
3525003,95285,97932,100775,106742,110045,113323,110325,112130,109614,110842,116041,117457,118832,120177,121492
3525102,31533,32119,32764,34118,34868,35612,36872,37471,38194,38708,40640,41228,41799,42358,42904
3525904,326915,330578,333910,340907,344779,348621,347738,349929,373713,377183,393920,397965,401896,405740,409497
3526209,27278,27825,28458,29789,30525,31256,29090,29335,28912,29081,30239,30443,30642,30837,31027
3527306,24917,25511,26258,27825,28692,29553,32406,33251,38140,39122,41700,42796,43862,44904,45922
3528403,40945,42190,43218,45376,46570,47756,43349,43658,43473,43714,45436,45729,46015,46294,46567
3528502,62136,64356,66326,70461,72750,75022,77443,79155,82556,84104,88883,90627,92323,93981,95601
3529401,371475,377782,384461,398482,406242,413943,412753,417458,421184,425169,444136,448776,453286,457696,462005
3530300,49420,50229,51112,52966,53991,55009,54350,54920,54212,54618,56910,57390,57857,58314,58760
3530607,336618,342248,347821,359519,365993,372419,371372,375268,392196,396468,414907,419839,424633,429321,433901
3531100,37080,38480,40049,43344,45167,46977,43284,44087,47153,47984,50641,51580,52492,53384,54257
3531803,38529,39819,40969,43384,44721,46047,45811,46641,49841,50702,53488,54462,55409,56335,57240
3532009,10129,10269,10435,10784,10977,11168,12999,13305,11912,12050,12621,12779,12934,13085,13232
3532405,14711,14986,15254,15815,16126,16434,15168,15232,16568,16717,17451,17625,17794,17959,18121
3533403,43049,43756,44538,46180,47088,47990,48170,48754,51946,52627,55229,56008,56764,57504,58227
3534401,661155,670345,678583,695879,705450,714950,713066,718646,667826,668877,691652,693271,694844,696382,697886
3536505,53027,54402,55830,58827,60486,62132,81544,84577,84512,86800,92668,95221,97702,100128,102499
3537107,36135,36744,37452,38937,39759,40575,40269,40752,42045,42516,44509,45052,45579,46094,46598
3538006,128627,131068,133408,138320,141039,143737,142997,144613,148605,150162,157062,158864,160614,162327,164000
3538600,23476,24262,24686,25578,26071,26561,22815,22740,25252,25384,26371,26532,26688,26841,26991
3539103,12876,13329,13762,14672,15176,15676,15410,15706,15990,16238,17091,17372,17646,17913,18174
3539806,98109,99904,101808,105805,108017,110213,111016,112481,106797,107556,112015,112917,113793,114650,115488
3540606,46498,47319,48157,49915,50888,51854,47774,47964,49153,49404,51320,51628,51928,52221,52507
3541000,200199,208329,215174,229542,237494,245386,244533,249551,267307,272390,287967,293695,299261,304705,310024
3543303,106700,108595,110491,114473,116677,118864,111402,112011,113726,114361,118871,119644,120396,121130,121848
3543402,514160,520502,527733,542912,551312,559650,558136,563107,612340,619746,649556,658059,666323,674405,682302
3544103,37144,38604,39306,40780,41596,42405,41215,41602,44503,45014,47142,47731,48302,48861,49408
3545209,95717,97541,99575,103844,106207,108552,108471,109948,106465,107382,112052,113127,114171,115193,116191
3545308,36284,37119,38069,40063,41167,42262,39224,39616,40521,40897,42710,43148,43574,43990,44397
3545803,172739,175299,177722,182808,185623,188417,187908,189573,180772,181509,188302,189233,190139,191024,191889
3546801,44302,44953,45516,46698,47352,48001,46645,46902,50969,51467,53784,54363,54926,55476,56014
3547304,79260,82627,86247,93845,98050,102224,110730,114321,111422,113945,120998,123825,126574,129261,131887
3547809,652305,656136,659294,665923,669592,673234,671696,673396,678486,680496,704942,707613,710210,712749,715231
3548500,417817,418095,418147,418255,418316,418375,417518,417098,419509,419614,433153,433565,433966,434359,434742
3548708,717790,731852,745161,773099,788560,803906,801580,810979,770253,774886,805895,811489,816925,822242,827437
3548807,138993,138190,137276,135357,134295,133241,151103,152093,149962,150638,156362,157205,158024,158825,159608
3549805,367247,374745,382274,398079,406826,415508,414272,419632,412076,415769,434039,438354,442548,446649,450657
3549904,550762,559710,569177,589050,600049,610965,609229,615871,636876,643603,673255,681036,688597,695992,703219
3549953,12759,13186,13645,14607,15139,15668,17763,18319,14110,14241,14874,15028,15177,15323,15465
3550308,10499133,10600060,10677019,10838581,10927985,11016703,10990252,11037593,11316119,11376685,11821873,11895893,11967825,12038175,12106920
3550605,67591,68670,69613,71594,72690,73778,67669,67715,79757,80661,84460,85502,86515,87506,88473
3551009,306860,310901,314312,321474,325437,329370,328522,330795,334663,336809,350465,353040,355542,357989,360380
3551504,33738,34577,35494,37418,38482,39539,38956,39574,39360,39826,41728,42264,42784,43293,43790
3551702,96605,98007,99558,102815,104618,106407,109565,110999,111257,112401,117539,118864,120152,121412,122643
3552205,508848,517551,528729,552194,565180,578068,576312,584313,593776,600692,629231,637187,644919,652481,659871
3552403,202813,208445,213886,225307,231627,237900,237135,241077,242960,246247,258556,262308,265955,269522,273007
3552502,236985,243387,250208,264528,272452,280318,279394,284356,265074,267583,279520,282441,285280,288056,290769
3552809,202049,205547,209215,216914,221176,225405,224757,227343,248127,251608,264352,268321,272177,275948,279634
3554102,248667,251992,255625,263251,267471,271660,270918,273426,281336,283899,296431,299423,302331,305174,307953
3554805,35695,36349,37057,38543,39366,40182,40601,41159,41457,41915,43871,44399,44912,45414,45904
3556206,84601,86147,87621,90714,92425,94124,105282,107481,108622,110390,116308,118312,120258,122163,124024
3556453,34596,36221,37862,41309,43217,45110,43664,44754,43789,44555,47013,47879,48720,49542,50346
3556503,95585,97824,100156,105051,107760,110449,105954,107211,108186,109247,114170,115403,116601,117772,118917
3556701,48761,50077,51406,54194,55737,57269,62240,63729,64870,66087,69845,71217,72550,73855,75129
3557006,97808,99123,100607,103722,105446,107157,104413,105193,109798,110755,115585,116706,117794,118858,119898
4100400,92327,95483,98827,105848,109733,113589,96739,97523,104350,105458,110256,111586,112870,114129,115364
4101804,98118,101106,104284,110956,114648,118313,115849,117964,121032,122878,129209,131356,133428,135459,137452
4103701,90067,91204,92605,95545,97173,98788,96555,97329,97390,98024,102222,103036,103822,104592,105347
4104006,36426,37769,39256,42376,44103,45817,36644,36825,39092,39404,41060,41447,41821,42187,42547
4104204,95192,97045,99023,103176,105474,107756,110796,112548,113882,115336,120730,122443,124098,125719,127309
4104253,21375,22151,22960,24657,25596,26529,23328,23607,25184,25513,26755,27143,27517,27884,28244
4105805,191381,197124,203526,216966,224404,231787,241505,247268,215242,217443,227220,229872,232432,234941,237402
4106902,1620219,1644600,1671194,1727010,1757904,1788559,1828095,1851215,1764541,1776761,1848946,1864416,1879355,1893997,1908359
4107652,67701,70847,74546,82312,86609,90875,79255,80868,83118,84514,89037,90648,92204,93730,95225
4107900,5203,5247,5305,5427,5495,5562,5394,5417,5994,6054,6324,6397,6467,6535,6603
4109807,43043,43623,44305,45737,46529,47316,47052,47514,48662,49111,51255,51802,52330,52848,53356
4111258,20401,21151,21990,23751,24725,25692,23132,23501,24236,24573,25974,26371,26755,27131,27500
4113700,454871,460909,467334,480822,488287,495696,505184,510707,511279,515707,537566,543003,548249,553393,558439
4114203,31761,32091,32414,33093,33468,33841,32976,33109,32755,32849,34006,34150,34289,34425,34559
4114807,29477,29981,30574,31820,32509,33194,31171,31397,32209,32451,33794,34096,34388,34675,34955
4115200,294380,298828,303551,313465,318952,324397,331412,335511,362329,367410,385753,391698,397437,403063,406693
4117503,31774,32567,33403,35159,36131,37096,36336,36876,36333,36717,38385,38846,39291,39728,40156
4119152,106314,108765,111447,117078,120195,123288,116984,118319,118334,119379,124528,125808,127045,128256,129445
4119509,77930,81622,85677,94188,98899,103574,86012,87285,94518,96023,101053,102798,104481,106132,107751
4120804,16903,17456,18057,19318,20017,20709,19002,19277,20135,20409,21417,21738,22048,22353,22651
4122206,29536,29720,29896,30265,30469,30671,32815,33142,30751,30848,31947,32092,32232,32369,32504
4122404,50399,51079,51853,53479,54378,55271,55750,56352,58511,59139,61837,62590,63316,64028,64726
4125506,213625,220488,227994,243750,252470,261125,272530,279297,268808,273255,287792,292934,297895,302759,307530
4126256,74266,76354,78643,83449,86108,88747,83486,84651,83724,84573,88365,89388,90376,91344,94181
4201307,17208,17923,18671,20242,21111,21974,22467,23080,25860,26875,29593,31030,32454,33867,35268
4202305,49722,51026,52394,55267,56857,58435,55665,56395,58984,59736,62383,63440,64488,65528,66558
4205407,352401,360601,369102,386913,396778,406564,402344,408161,427298,433158,453285,461524,469690,477798,485838
4205803,11689,11927,12181,12716,13011,13305,14022,14281,15021,15272,16081,16435,16786,17134,17479
4206009,11839,12012,12205,12608,12832,13053,12611,12704,13107,13211,13655,13801,13944,14087,14229
4206504,24542,26887,27551,28944,29717,30481,31334,31910,35918,36640,38851,39869,40878,41879,42872
4208906,112245,115121,118199,124661,128237,131786,136282,139017,145782,148353,156519,160143,163735,167300,170835
4209102,446064,453766,461576,477971,487045,496051,492101,497331,520905,526338,546981,554601,562151,569645,577077
4211900,106875,109961,113312,120346,124239,128102,128360,130878,139990,142558,150623,154244,157833,161395,164926
4212304,5973,6007,6045,6126,6171,6215,7256,7255,6751,6808,7045,7124,7203,7282,7360
4215703,15989,16195,16421,16896,17973,18246,18266,18436,20082,20332,21221,21572,21920,22266,22609
4216602,177775,181400,185039,192679,196907,201103,199280,201746,212587,215278,224779,228561,232309,236029,239718
4217402,11329,9898,10245,10975,11378,11779,13559,14000,15790,16248,17538,18186,18827,19463,20095
4300604,188756,192789,196882,205476,210233,214953,211276,213894,196572,197441,204750,205683,206561,207392,208177
4300877,4149,4257,4361,4580,4701,4821,5078,5181,4928,4990,5195,5249,5301,5349,5395
4303103,109839,111639,113531,117501,119699,121880,117203,118089,119101,119896,124472,125246,125975,126666,127318
4303905,54773,55310,55910,57169,57866,58558,58915,59366,60539,60989,63339,63767,64171,64553,64914
4304606,310187,313844,317442,324994,329174,333322,329903,332056,325189,326505,338531,339979,341343,342634,343853
4304689,10340,10570,10819,11343,11633,11921,11478,11617,11734,11851,12323,11198,11289,11375,11455
4305108,368776,375118,381940,396261,404187,412053,405857,410166,441332,446911,465304,470223,474853,479236,483377
4306403,23363,24063,24819,26406,27284,28155,26070,26421,27967,28348,29528,29862,30175,30472,30753
4306767,28422,29281,30215,32175,33261,34338,33098,33668,34887,35412,36911,37366,37794,38199,38581
4307609,35972,36593,37271,38694,39481,40263,43123,43906,43146,43698,45500,45986,46444,46877,47287
4307708,81189,82047,82975,84923,86000,87070,81131,81170,80810,80862,83700,83846,83984,84114,84237
4307906,56179,57488,58500,60624,61799,62966,62674,63375,64275,64893,67465,68030,68562,69066,69542
4309209,238759,243485,248523,259100,264953,270763,266230,269446,257428,259138,269022,270689,272257,273742,275146
4309308,96147,97581,99100,102290,104055,105808,96467,96603,95273,95340,98688,98864,99029,99186,99334
4310801,15833,16189,16594,17443,17913,18379,19724,20160,20224,20562,21450,21739,22012,22270,22514
4311627,4717,4685,4811,5075,5221,5366,5614,5732,5290,5350,5567,5621,5671,5719,5765
4312476,5057,5145,5219,5375,5462,5548,5897,5985,5730,5781,6008,6056,6100,6143,6183
4313375,16440,16986,17560,18765,19431,20093,22177,22818,23251,23768,24859,25293,25700,26086,26450
4313409,239790,242616,245597,251854,255317,258754,255945,257746,239151,239355,247781,248251,248694,249113,249508
4314407,324752,327955,331372,338544,342513,346452,343167,345181,328865,329435,341180,342053,342873,343651,344385
4314803,25249,25744,26249,27308,27895,28477,30254,30802,31401,31866,33212,33615,33994,34353,34692
4314902,1373313,1383454,1394085,1416363,1428696,1440939,1430235,1436123,1413094,1416714,1467816,1472482,1476867,1481019,1484941
4315602,188215,189515,190894,193789,195392,196982,195582,196337,198049,198842,206161,207036,207860,208641,209378
4318705,196531,198942,201446,206702,209611,212498,210145,211663,215664,217189,225520,226988,228370,229678,230914
4319901,70809,71981,73276,75996,77502,78996,77282,78045,75430,75861,78718,79152,79560,79946,80311
4320008,124862,126510,128255,131917,133944,135956,126085,126316,131587,132197,137104,137750,138357,138933,139476
4323002,232755,237262,241826,251407,256709,261971,257844,260740,240302,241190,250028,251033,251978,252872,253717
5002704,679281,692549,705975,734164,749768,765247,747190,755107,796252,805397,832352,843120,853622,863982,874210
5103403,492894,500288,508156,524666,533800,542861,544740,550562,556299,561329,569830,575480,580489,585367,590118
5108402,221825,226525,231736,242674,248728,254736,237925,240038,255449,258208,262880,265775,268594,271339,274013
5200050,5230,5415,5621,6054,6294,6531,6182,6301,7023,7164,7567,7733,7895,8053,8207
5200258,116122,123730,132076,149598,159294,168919,139804,143179,163495,167477,177890,182526,187072,191499,195810
5201405,355171,369617,385037,417409,435323,453104,494919,510770,465093,474219,500619,511323,521910,532135,542090
5205497,41769,42769,43879,46209,47499,48778,51303,52380,57108,58262,61552,62903,64229,65520,66777
5208004,80919,82545,84353,88147,90247,92331,94717,96284,101731,103322,108503,110388,112236,114036,115789
5208707,1111622,1129274,1146106,1181438,1201006,1220412,1265391,1281975,1318149,1333767,1393575,1412364,1430697,1448639,1466105
5208806,19660,20362,21125,22727,23613,24492,25647,26336,34852,35617,37713,38607,39484,40338,41169
5212501,148453,154228,160330,173138,180227,187262,203800,210064,177099,179582,188181,191139,194039,196864,199615
5214507,19260,19754,20300,21447,22081,22710,20120,20260,24643,25061,26364,26857,27341,27812,28271
5215231,77952,80660,83575,89694,93081,96442,87558,88835,96603,98135,103085,104899,106677,108410,110096
5215603,22108,22569,23059,24086,24655,25220,27429,28012,28144,28601,30059,30599,31129,31646,32148
5217609,77882,80770,84043,90914,94717,98491,79162,79651,82258,82847,86014,86751,87474,88178,88863
5219753,56369,59611,63191,70707,74867,78995,57908,58474,64120,64963,67993,69000,69988,70950,71887
5220454,56614,59249,62100,68086,71399,74687,75297,77511,86849,89176,95018,97719,100367,102947,105459
5221403,85245,87427,90199,96016,99235,102430,102870,104979,106256,107966,113447,115470,117454,119385,121266
5221858,99592,103130,106970,115032,119493,123921,120878,123444,135909,138740,146694,150005,153255,156419,159500
5300108,2097447,2145839,2189789,2282049,2333108,2383784,2557159,2606885,2609998,2648532,2789761,2852372,2914830,2977216,3039444
