cod_mun;num_est
1200203;303
1200336;10
1200351;3
1200393;3
1200427;3
1200302;44
1200328;2
1200609;87
1200054;14
1200104;60
1200252;50
1200708;37
1200013;23
1200138;21
1200179;11
1200385;39
1200807;10
1200401;2357
1200450;59
1200344;4
1200435;2
1200500;89
1300086;2
1300102;2
1300631;2
1300839;4
1301209;62
1301308;9
1301902;200
1302009;5
1303106;12
1304005;4
1304401;6
1300300;4
1301100;15
1301159;3
1301852;79
1302504;116
1302553;4
1302603;9048
1300508;12
1300680;5
1302900;46
1303007;9
1303403;159
1303957;5
1304302;8
1303536;63
1303569;34
1300029;2
1304203;125
1304260;2
1302108;4
1302801;3
1300409;9
1303205;9
1303601;5
1303809;36
1300060;2
1300201;4
1300607;19
1301605;4
1302306;3
1303700;5
1303908;4
1304062;82
1304237;2
1301001;14
1301407;23
1301506;10
1301654;7
1301803;4
1301951;3
1302207;2
1300706;27
1303502;3
1300144;17
1300805;12
1301704;114
1302702;18
1303304;6
1300904;4
1302405;25
1304104;3
1600105;24
1600550;8
1600709;22
1600204;15
1600501;45
1600212;9
1600238;10
1600253;10
1600303;2010
1600154;6
1600535;27
1600600;290
1600055;10
1600279;82
1600402;29
1600808;9
1500503;159
1505908;20
1503002;10
1503903;7
1505106;99
1505304;190
1507979;10
1500404;38
1501451;10
1502855;2
1504802;61
1505650;7
1506005;12
1506807;1399
1502004;10
1502509;16
1504901;10
1505700;21
1506302;24
1506401;6
1507904;42
1500305;17
1500701;10
1501808;132
1502806;6
1507706;4
1501105;7
1503101;8
1504505;3
1505809;34
1500800;1579
1501303;272
1501402;10723
1501501;149
1504422;181
1506351;24
1501907;18
1502400;1026
1503408;17
1506500;272
1507003;81
1500909;14
1501600;7
1501709;182
1502202;247
1503200;78
1505007;23
1505601;14
1506104;9
1506112;7
1506609;48
1506906;6
1507409;45
1508035;10
1500107;281
1501204;23
1502103;71
1503309;48
1504000;4
1504604;15
1505205;4
1500958;11
1501956;3
1502301;65
1503077;9
1503457;23
1503507;35
1504059;52
1504950;7
1505403;16
1506559;17
1507201;29
1507607;136
1508308;18
1502608;5
1502905;29
1504109;5
1504307;14
1504406;23
1506203;153
1507102;8
1507466;2
1507474;12
1507961;10
1508209;73
1500206;41
1502756;31
1504703;69
1507953;152
1508001;237
1502707;208
1503044;12
1506583;35
1506708;135
1501758;14
1504208;1003
1505494;4
1507151;20
1507508;6
1500131;21
1501576;39
1502939;152
1503093;79
1505502;578
1506187;240
1508126;102
1500347;41
1502152;26
1502772;43
1502954;25
1505536;422
1505551;22
1505635;32
1506138;435
1506161;68
1507458;70
1507755;18
1508407;222
1501253;24
1502764;41
1505437;41
1507300;97
1508084;104
1501782;83
1503705;52
1503804;149
1504976;18
1505064;70
1508100;369
1500602;600
1500859;18
1501725;17
1504455;34
1505486;12
1507805;29
1508159;90
1508357;15
1501006;2
1503606;356
1503754;7
1505031;125
1506195;34
1508050;23
1100346;107
1100148;85
1100320;104
1101500;30
1100403;58
1100023;1013
1100601;25
1100130;111
1101401;72
1100262;22
1101757;12
1100015;192
1100379;44
1100049;961
1100908;15
1100098;271
1101203;34
1100502;23
1100288;520
1100296;64
1100031;42
1100056;185
1100064;196
1100072;40
1101468;8
1101005;9
1100114;466
1100122;1483
1101302;79
1101435;23
1100155;384
1100254;182
1101559;12
1101609;33
1101708;44
1101807;27
1100924;54
1101450;12
1100189;556
1101476;15
1101484;18
1100304;964
1100080;54
1100106;274
1101492;69
1100452;130
1100700;24
1100809;49
1100940;24
1101104;27
1100338;51
1100205;3581
1400050;10
1400027;1
1400100;1612
1400456;23
1400159;5
1400175;10
1400407;3
1400209;27
1400282;3
1400308;24
1400233;3
1400472;23
1400506;15
1400605;12
1701309;22
1702109;1380
1702158;16
1702307;91
1703008;23
1703057;14
1703883;17
1705508;250
1707702;19
1713957;13
1714880;26
1715705;8
1716307;9
1717206;21
1718865;42
1722081;39
1722107;63
1700301;11
1701002;48
1701051;6
1702208;93
1702554;41
1702901;19
1703800;5
1703826;2
1703891;2
1706506;13
1707405;3
1710706;3
1712454;6
1712801;4
1714302;14
1713809;8
1718303;3
1718550;6
1718808;4
1720002;3
1720101;3
1720200;6
1720309;3
1720804;10
1721208;111
1700350;54
1700707;143
1703701;51
1703867;31
1706258;7
1707652;70
1709500;1003
1711506;24
1715754;66
1716604;90
1718899;6
1720259;9
1720853;18
1720978;32
1700251;12
1701903;27
1703107;37
1703206;21
1703602;4
1703909;21
1716703;45
1706001;13
1707108;52
1707207;44
1708254;19
1708304;7
1709302;213
1711100;15
1711803;4
1712504;39
1713205;241
1713304;125
1713700;11
1716653;20
1718402;18
1718709;14
1721257;4
1721307;4
1702000;111
1704600;5
1706100;81
1707306;56
1707553;21
1708205;142
1711902;63
1715002;13
1715507;6
1716109;530
1717503;72
1718451;7
1718840;23
1700400;25
1702406;36
1702703;6
1705102;5
1705557;9
1705607;12
1707009;131
1712157;1
1714203;48
1715150;5
1715259;5
1716208;21
1717008;6
1717800;3
1718006;3
1718659;4
1718907;12
1720499;22
1720903;37
1720937;2
1703073;3
1703842;20
1704105;2
1709005;15
1710508;9
1710904;5
1711951;3
1712405;5
1712702;2
1715101;8
1717909;18
1718501;2
1718758;6
1719004;7
1720150;3
1701101;11
1703305;3
1709807;6
1712009;27
1713601;43
1721000;2214
1716505;123
1718204;499
1718881;4
1720655;16
1721109;14
2700300;1192
2701506;15
2702009;6
2702355;14
2702603;16
2702900;22
2704104;13
2704203;20
2708808;48
2709103;27
2700805;7
2701209;15
2702553;6
2703106;15
2704906;9
2704807;28
2705309;3
2706307;314
2706604;16
2707602;20
2709004;3
2705903;3
2708204;3
2709202;18
2703601;22
2704500;83
2706505;26
2707404;17
2708709;16
2700508;18
2700607;42
2702207;9
2704302;8617
2704708;175
2706448;34
2706901;115
2707701;227
2707909;11
2708907;31
2700409;97
2701100;12
2701308;34
2701357;8
2701704;56
2702108;31
2702801;32
2703502;14
2703809;21
2703908;8
2705101;43
2705200;32
2705507;70
2705606;22
2707305;96
2708501;77
2702702;6
2703205;27
2706703;271
2706802;23
2707503;18
2700201;52
2701001;58
2701407;41
2702306;169
2703759;6
2704005;36
2707800;9
2708600;258
2709152;48
2701902;13
2703007;19
2707008;5
2708105;12
2708303;44
2709301;229
2709400;84
2702405;179
2705804;4
2707107;32
2700706;39
2700904;3
2703403;5
2703700;6
2704401;23
2705408;6
2705705;54
2706000;6
2701803;5
2702504;6
2704609;7
2706109;8
2706208;2
2706406;47
2707206;4
2708006;131
2708402;12
2708956;5
2700102;22
2701605;9
2703304;9
2705002;22
2706422;4
2900405;23
2901106;108
2901502;18
2901700;19
2908200;85
2908903;78
2910305;18
2910800;5851
2913804;11
2914000;190
2914505;80
2916856;34
2923308;15
2924108;13
2924652;17
2925956;53
2927507;41
2928505;19
2928307;12
2928802;141
2929305;137
2930402;35
2931103;33
2931400;39
2901155;11
2903003;16
2903235;10
2905305;7
2906204;15
2907608;17
2911303;6
2912400;11
2913101;16
2914406;22
2914604;580
2918357;27
2918506;8
2919157;25
2922052;6
2925600;14
2929255;18
2930808;4
2932408;11
2902609;38
2903805;46
2911907;93
2912608;12
2914703;400
2919009;10
2919603;12
2920106;61
2922102;58
2927200;119
2931301;17
2933059;20
2905107;12
2905503;12
2906873;120
2917508;644
2921203;107
2921401;12
2921708;75
2923357;38
2924801;47
2925253;10
2925931;6
2929370;15
2929800;32
2930600;21
2933109;21
2933158;17
2901353;24
2901809;17
2906006;219
2910859;26
2917003;61
2917706;119
2924603;20
2930105;576
2932457;3
2904100;52
2904209;21
2904506;20
2907558;5
2912509;19
2913002;15
2914109;24
2919801;95
2923035;6
2923209;31
2931053;25
2902005;23
2904605;617
2906899;17
2908705;31
2909000;5
2911659;2
2917201;34
2919959;7
2920304;20
2924702;9
2925709;11
2926806;19
2931004;69
2931806;25
2905008;122
2905206;246
2906600;25
2911709;666
2912004;38
2913408;25
2917334;27
2917409;12
2918753;12
2919405;43
2920205;27
2921054;4
2921807;17
2923407;54
2924504;17
2926400;57
2930006;16
2932606;53
2910404;111
2915809;161
2916401;777
2916807;135
2917102;178
2919702;122
2920007;64
2925402;65
2926657;60
2900603;22
2901007;231
2901957;15
2904308;67
2909505;14
2914208;11
2914307;29
2915106;59
2916708;25
2916906;39
2917607;236
2918001;1455
2918209;31
2918308;78
2918704;22
2918803;62
2919058;12
2920502;84
2920809;25
2921302;44
2922409;99
2922805;11
2924900;9
2927903;28
2929404;21
2932101;83
2910107;34
2900504;8
2919504;314
2923605;99
2926905;15
2900108;6
2901304;18
2902807;107
2904001;22
2904050;34
2908804;8
2912202;44
2915007;19
2918605;7
2919306;30
2921906;30
2922854;3
2923506;23
2924306;16
2926707;32
2929909;154
2932804;41
2933406;12
2901205;56
2902906;209
2903508;27
2903706;31
2903953;5
2904803;46
2905156;8
2906709;50
2910008;31
2912301;104
2913507;99
2920403;28
2921450;9
2922706;84
2925006;95
2925105;159
2933307;3364
2902500;15
2903201;1484
2907400;8
2911105;76
2919553;342
2926202;46
2928901;205
2901403;16
2904407;8
2909406;15
2909703;7
2920452;5
2928406;27
2930907;9
2933455;21
2906105;9
2908101;23
2909109;16
2909307;147
2917359;20
2928109;159
2928208;93
2929057;46
2930303;27
2907509;277
2908507;231
2915908;15
2921005;264
2925204;203
2929503;221
2931707;34
2905701;1735
2906501;487
2910057;446
2916104;83
2919207;2275
2919926;77
2927408;30602
2929206;100
2930709;941
2933208;209
2902302;32
2904852;34
2904902;184
2907301;146
2908309;91
2909802;554
2910206;12
2911600;95
2917805;28
2920601;78
2922201;26
2922300;144
2922508;192
2927309;23
2928604;352
2928703;1005
2929107;85
2929008;48
2929602;66
2929750;20
2933174;20
2900306;36
2900702;1041
2901908;15
2902054;34
2902203;25
2903276;20
2909604;23
2913705;85
2927002;110
2929701;23
2907004;18
2908606;63
2910503;210
2910602;155
2917904;24
2906808;57
2906824;16
2910701;148
2921500;41
2922656;9
2925808;73
2925907;17
2931905;69
2932002;42
2909208;7
2918100;79
2924207;6
2927606;12
2930766;4
2900355;9
2901601;22
2902658;9
2907806;101
2907905;31
2910750;10
2911857;9
2916500;33
2922904;22
2923050;4
2923100;42
2923803;46
2926509;8
2926608;226
2902104;69
2903607;25
2906402;12
2906857;18
2908408;239
2911253;5
2913309;10
2919108;10
2922730;14
2924058;22
2926103;32
2926301;184
2928000;104
2928950;26
2930501;455
2931509;53
2933000;103
2900900;45
2902252;60
2902401;40
2903102;55
2903409;118
2904704;136
2905602;294
2906303;218
2908002;234
2910909;28
2911006;62
2911204;271
2911501;32
2903300;40
2912103;231
2912707;53
2912905;120
2913606;2208
2913903;491
2914802;3112
2914901;162
2915205;110
2915403;59
2915502;175
2915700;28
2916203;74
2916302;74
2916609;53
2918555;48
2920908;77
2922755;28
2923902;40
2927804;41
2928059;72
2929354;21
2931608;34
2932200;191
2932309;114
2932507;195
2932705;128
2933505;57
2900801;122
2906907;188
2910727;1068
2911808;100
2912806;95
2914653;196
2915304;48
2915601;785
2916005;99
2918456;29
2918902;39
2921104;178
2922003;349
2923001;263
2925303;1342
2925501;272
2927705;139
2931350;1261
2933257;43
2905404;93
2905800;122
2913457;22
2917300;177
2920700;70
2922607;27
2924678;17
2925758;52
2931202;64
2932903;651
2902708;88
2904753;7
2913200;123
2915353;6
2921609;3
2922250;15
2933604;150
2903904;363
2907103;31
2910776;8
2923704;28
2930154;34
2930758;17
2905909;14
2907202;117
2909901;49
2918407;1406
2924405;19
2926004;141
2930204;40
2930774;53
2900207;10
2907707;8
2911402;18
2919900;8
2924009;693
2927101;5
2303808;58
2305407;182
2305506;681
2309508;52
2311355;12
2301802;6
2305704;21
2307502;47
2313708;3
2300804;13
2303303;20
2307403;29
2313252;4
2314003;93
2300705;31
2305332;8
2307007;81
2307601;307
2308708;153
2310001;19
2311504;51
2311801;318
2312502;25
2313104;113
2301109;361
2304459;25
2305357;50
2306207;21
2306702;11
2306801;23
2306900;112
2304277;6
2306009;26
2310803;18
2311231;5
2301000;244
2303709;850
2304285;362
2304400;27274
2304954;33
2306256;59
2307650;795
2307700;272
2309706;105
2305233;143
2309607;181
2304004;25
2304509;30
2308807;3
2313906;10
2303402;17
2304236;7
2305001;88
2305308;42
2312304;104
2313401;220
2313609;70
2314102;44
2305803;119
2305902;43
2310951;2
2311009;9
2311702;25
2313955;31
2300200;55
2302057;10
2302305;17
2302602;259
2303907;18
2304251;17
2304707;49
2306553;25
2307254;51
2307809;39
2307908;7
2308906;17
2300507;3
2308203;17
2303659;9
2305209;24
2312205;89
2303105;11
2304350;26
2304657;5
2304905;14
2306108;17
2308005;34
2308377;5
2309003;13
2309904;7
2312007;32
2312809;4
2312908;1319
2310209;91
2310258;48
2312403;85
2300150;44
2301208;41
2301406;12
2302107;161
2302909;17
2305100;18
2306504;19
2309102;23
2309805;36
2310100;16
2311603;89
2302800;172
2303006;17
2306603;9
2310407;11
2302206;85
2303501;192
2310852;40
2301950;36
2303956;27
2309458;39
2300754;15
2306405;229
2313500;37
2300903;13
2304608;5
2310704;55
2312601;10
2313351;9
2306306;137
2313559;13
2313757;10
2313807;28
2301257;10
2304103;324
2305605;47
2305654;12
2308609;17
2309300;97
2309409;23
2311264;11
2313203;21
2300408;6
2301505;4
2303600;4
2310308;15
2311900;5
2313302;112
2301851;24
2302404;105
2303931;11
2305266;13
2307635;34
2311306;368
2311405;192
2300309;104
2304269;8
2308351;18
2308500;44
2310506;24
2310902;11
2312700;91
2313005;25
2301703;45
2302008;52
2308104;50
2300101;7
2302503;213
2307205;11
2308302;79
2310605;7
2301901;221
2304202;824
2307106;45
2307304;1995
2308401;51
2309201;42
2311108;20
2312106;39
2300606;10
2303204;22
2304301;24
2304806;3
2301307;26
2301604;34
2302701;57
2311207;31
2311959;4
2100956;12
2101608;167
2104081;1
2104099;3
2104800;134
2105351;1
2105476;2
2105609;4
2109759;21
2111805;7
2112308;86
2101202;437
2101939;2
2102077;3
2104008;17
2105203;34
2105807;9
2105948;3
2105906;8
2106003;13
2107407;20
2108207;228
2108702;18
2108900;15
2110302;10
2111409;23
2111508;42
2111631;1
2111722;2
2112233;42
2103802;43
2104206;7
2104404;5
2104503;6
2104602;7
2104628;1
2104701;3
2109106;151
2110708;24
2111250;3
2111748;1
2100154;4
2100907;24
2106300;8
2110104;7
2110237;1
2110609;23
2102309;18
2103000;457
2106607;13
2107803;15
2111078;4
2112209;338
2101509;24
2103505;45
2105922;3
2106706;16
2107308;3
2107704;14
2107902;11
2108009;12
2110906;11
2111102;90
2111904;4
2111953;2
2100808;10
2101731;2
2102101;45
2102200;9
2103208;126
2106409;8
2106672;2
2110401;3
2112605;15
2100436;15
2102754;5
2103307;235
2103604;67
2108454;22
2112100;19
2100105;3
2100303;15
2103406;78
2103901;6
2107506;141
2109452;28
2111201;234
2111300;7953
2100709;10
2101004;20
2101772;4
2102507;3
2103554;3
2105153;1
2106508;14
2106904;6
2107456;1
2107605;5
2108256;1
2108306;8
2108405;3
2108603;164
2109270;1
2109809;16
2110500;32
2111003;7
2111706;14
2112803;76
2112902;37
2102705;10
2105401;95
2106631;3
2106755;22
2107209;3
2108801;3
2109304;7
2112704;32
2101707;34
2105005;6
2109403;3
2110278;2
2112506;31
2100204;12
2101301;4
2101350;2
2101905;10
2102408;3
2103109;6
2103125;2
2103703;27
2104909;7
2106805;8
2109056;2
2111789;1
2101103;8
2101251;18
2102374;2
2105104;6
2107100;8
2109205;4
2109601;81
2110203;25
2100550;1
2101970;1
2102606;3
2102903;35
2103158;1
2103174;2
2104305;4
2104677;6
2106201;3
2106326;14
2106375;1
2112407;7
2112456;2
2100055;523
2100600;25
2102358;6
2103257;14
2103752;12
2104552;21
2105302;1973
2105427;69
2105500;30
2105989;4
2107001;11
2109551;14
2110856;6
2111532;13
2111763;8
2112852;5
2100402;10
2100477;5
2100873;1
2102002;31
2102036;16
2102325;67
2104651;2
2105708;58
2105963;1
2107357;4
2108108;9
2108504;34
2109239;3
2109908;454
2110005;59
2110039;17
2112274;1
2113009;48
2114007;77
2101806;6
2104107;14
2106102;16
2107258;2
2109700;20
2110658;11
2110807;2
2111607;42
2100501;14
2101400;502
2104073;2
2109502;55
2112001;27
2102556;11
2102804;74
2104057;88
2109007;65
2111052;11
2111573;1
2500304;83
2500403;39
2501104;86
2501500;33
2502706;9
2509339;2
2511608;9
2515906;10
2502151;24
2504009;3796
2506103;9
2508307;63
2509206;19
2512408;33
2512507;90
2515807;8
2500577;3
2500908;17
2501609;17
2505105;52
2505352;3
2510105;19
2510501;5
2512002;36
2512705;41
2516102;45
2516151;3
2501005;37
2503506;20
2516409;10
2504157;4
2505709;9
2512747;5
2516003;75
2501203;10
2506004;134
2509503;7
2515104;11
2500502;33
2500809;20
2501906;25
2503605;13
2505204;14
2505808;9
2506301;426
2508208;6
2508554;6
2509800;25
2511707;4
2511806;26
2515609;4
2515930;5
2503803;9
2506400;26
2506806;36
2506905;110
2507200;20
2507606;11
2509404;24
2512754;4
2513109;12
2501302;21
2509909;15
2513158;2
2517001;11
2500734;3
2501351;8
2503902;6
2504702;6
2504850;3
2508505;9
2509701;99
2510600;8
2510659;5
2512200;5
2514107;2
2514800;3
2515203;1
2515500;42
2516300;80
2516508;33
2517407;2
2500536;6
2501575;4
2501708;6
2502508;43
2503100;17
2504074;4
2504355;9
2506509;8
2512788;2
2513851;4
2513943;2
2514008;13
2507804;15
2513000;6
2513406;69
2514701;10
2514909;26
2517100;10
2501534;6
2505006;8
2506202;5
2507705;33
2510303;11
2511103;19
2511400;52
2515401;7
2516755;5
2501807;322
2503209;663
2504603;89
2507507;8762
2508604;40
2513703;402
2501401;16
2504033;3
2505238;6
2505279;4
2507101;18
2507309;27
2508901;203
2509057;6
2509305;21
2512721;2
2512903;75
2500601;69
2503001;56
2511202;76
2511905;29
2504900;29
2507903;17
2509107;32
2511509;37
2512762;3
2514453;4
2515005;10
2515302;168
2515971;5
2502052;3
2502201;4
2502409;20
2503308;13
2503704;478
2504108;2
2509602;6
2512036;3
2512077;1
2513307;11
2513653;2
2500700;42
2514503;36
2516805;7
2516904;43
2502003;11
2502300;7
2502805;19
2502904;8
2504306;131
2507408;9
2508109;7
2509370;1
2512804;7
2513901;90
2514651;1
2502102;5
2504405;35
2505303;3
2505600;10
2506608;8
2507002;65
2511004;4
2513356;5
2513505;3
2514305;2
2515708;2
2501153;1
2503407;4
2508703;3
2510709;3
2510808;698
2512606;2
2513802;10
2514404;6
2514602;3
2500205;6
2504207;7
2504801;26
2505907;5
2502607;6
2510204;3
2510402;8
2511301;45
2513604;7
2500106;6
2503555;3
2505402;15
2506707;5
2508000;7
2509008;5
2509396;5
2512309;48
2514552;1
2516607;14
2516706;32
2500775;9
2503753;4
2504504;9
2508406;4
2508802;9
2509156;6
2510006;7
2510907;14
2512101;156
2513208;16
2513927;2
2513968;3
2513984;7
2514206;11
2516201;458
2517209;4
2505501;4
2604155;7
2605806;15
2612505;424
2612703;16
2614501;304
2615003;79
2615409;123
2616209;35
2616183;15
2600302;46
2600807;35
2601300;25
2602308;93
2603504;41
2605004;64
2606705;4
2608701;18
2610202;19
2612000;24
2613305;26
2601003;21
2602100;108
2602407;23
2603207;16
2603306;9
2603702;49
2604700;32
2606002;1003
2606507;14
2608255;6
2608305;28
2608404;12
2608602;11
2608800;158
2610103;12
2610301;10
2612307;18
2613206;17
2615102;5
2602209;71
2604908;15
2605400;46
2608107;82
2608909;459
2609105;29
2609709;31
2610509;65
2612109;9
2613800;55
2600500;53
2602803;50
2607505;18
2610806;28
2615805;10
2616001;30
2600609;23
2601706;318
2601904;230
2602605;56
2603108;51
2603801;25
2604106;2790
2606408;508
2608008;12
2610905;366
2611200;40
2611705;31
2612406;47
2613008;106
2613107;64
2614709;23
2600401;88
2600906;56
2601409;247
2601508;14
2604205;96
2604809;25
2605202;274
2605905;49
2607950;22
2608206;24
2609204;31
2610004;375
2611408;19
2611507;35
2611804;180
2611903;78
2612901;18
2613404;71
2614204;73
2614857;92
2616506;27
2600708;140
2602704;30
2603603;18
2604007;547
2604601;53
2605509;45
2606200;433
2607653;162
2607802;43
2608453;52
2608503;47
2609006;97
2609501;187
2610608;218
2615300;395
2615508;35
2616308;104
2604403;18
2604502;59
2606101;63
2611309;95
2616407;706
2605459;120
2601052;19
2606804;406
2607604;91
2607752;61
2600054;345
2603454;600
2607901;3358
2609402;190
2609600;2576
2610707;1269
2611606;23217
2613701;296
2602902;773
2607208;467
2601607;58
2603926;2
2605707;46
2607406;3
2608057;37
2611002;125
2614808;21
2600203;41
2603009;98
2605152;22
2608750;73
2609808;12
2611101;2357
2612604;113
2615201;5
2601102;322
2602001;44
2605301;22
2606309;24
2607307;51
2614303;6
2609907;174
2612455;9
2612554;4
2615607;103
2600104;203
2602506;8
2603405;7
2603900;16
2605608;19
2606903;23
2607109;4
2607703;16
2611533;2
2612471;13
2612802;17
2613602;138
2613909;484
2614402;5
2614600;102
2615706;46
2615904;32
2604304;11
2609303;14
2610400;25
2612208;324
2613503;56
2614006;17
2616100;8
2601201;555
2601805;10
2605103;73
2606606;41
2607000;29
2609154;7
2614105;87
2200301;13
2201051;1
2201945;2
2202026;5
2202208;243
2202406;12
2202604;36
2202711;2
2203420;4
2205276;2
2205516;2
2205573;2
2206357;1
2206753;2
2206951;3
2207793;1
2207900;57
2209906;4
2210409;9
2210656;2
2200103;6
2200202;51
2200509;25
2200608;20
2201002;4
2201408;8
2204105;3
2204600;4
2205250;3
2205540;3
2207108;2
2207504;11
2207751;2
2208809;25
2209450;1
2209807;5
2210508;8
2200400;66
2201606;13
2202737;3
2203255;1
2203305;21
2205508;56
2205557;5
2205581;7
2206308;5
2206407;13
2211001;7390
2211100;63
2200905;6
2201176;1
2203503;31
2204006;4
2204709;16
2205599;2
2206902;7
2208106;11
2208601;3
2209153;3
2209609;5
2210383;1
2211308;76
2211407;6
2201200;83
2201507;21
2201770;1
2201960;4
2202059;3
2202174;2
2203701;87
2205409;8
2205458;1
2205805;28
2205854;1
2206100;7
2206209;22
2206670;2
2206803;2
2208403;218
2208502;3
2209971;1
2201919;3
2202000;27
2202083;12
2202539;2
2202653;1
2202703;14
2202729;1
2204659;8
2205706;79
2206696;1
2207702;1058
2208304;68
2209872;2
2210052;1
2200053;2
2201556;3
2201572;1
2201739;2
2202091;1
2202109;4
2202117;1
2202133;3
2202455;1
2202554;2
2202802;5
2203271;1
2203859;1
2204154;1
2204303;16
2204907;6
2205003;6
2205151;2
2205201;24
2205359;1
2205565;3
2205953;4
2206050;2
2207959;2
2207207;12
2207306;3
2207777;3
2207801;48
2207934;1
2208650;5
2209500;3
2209658;1
2210003;62
2210706;9
2210805;30
2210904;3
2211506;1
2211605;1
2201804;3
2202075;2
2202778;3
2203404;12
2204352;3
2204808;7
2207009;133
2207553;1
2208007;649
2209104;10
2209377;4
2209351;4
2209856;2
2209955;1
2210201;5
2210375;1
2210938;4
2210979;2
2211704;2
2200251;3
2200277;2
2204204;6
2206506;6
2208205;20
2209401;6
2210300;5
2200459;3
2201309;3
2201903;82
2203107;18
2203230;3
2204402;12
2206605;7
2207405;5
2208700;4
2209302;5
2209757;1
2201150;16
2208908;12
2209203;6
2211209;80
2200806;8
2201705;6
2202752;6
2203602;9
2205607;4
2205904;6
2206001;4
2208551;1
2210631;2
2201101;4
2202901;92
2203008;4
2203206;8
2205524;1
2207603;5
2208858;1
2202251;1
2203800;3
2203909;490
2204501;17
2205102;12
2205300;4
2206704;7
2207850;2
2209005;11
2209708;5
2210102;3
2210391;1
2200707;11
2201929;3
2201988;1
2202307;49
2202505;2
2202851;3
2203354;4
2203453;4
2203750;2
2205532;1
2207355;3
2209559;2
2210359;1
2210607;146
2210953;3
2211357;1
2401701;21
2401800;16
2404606;17
2405306;6
2406155;1
2406205;5
2406304;10
2406601;10
2407807;34
2408300;94
2409100;11
2409209;6
2410306;16
2410900;11
2409332;8
2411502;39
2412609;52
2412708;12
2413102;6
2413508;6
2414704;13
2414803;23
2401602;6
2405108;16
2405801;96
2408805;8
2410108;13
2401503;4
2402105;12
2402808;4
2405009;9
2405405;5
2406403;3
2406809;5
2407906;5
2411106;6
2411205;136
2411700;3
2412302;18
2412906;28
2413300;5
2413706;5
2414001;35
2400307;25
2400802;43
2401909;7
2403756;6
2405504;4
2406700;36
2409605;3
2409704;13
2401859;5
2404101;6
2404507;35
2407203;150
2411601;5
2402006;614
2404804;6
2405603;84
2411809;11
2412104;17
2413409;24
2414308;3
2400109;76
2402402;55
2403004;36
2403103;374
2403400;20
2405702;72
2408508;14
2408904;121
2411429;9
2412401;21
2401651;5
2402709;18
2403806;29
2406502;15
2411403;23
2413003;12
2414159;7
2407500;34
2409506;5
2410405;10
2408953;10
2412559;17
2413904;34
2414407;76
2401206;27
2401404;29
2402204;119
2403509;9
2404200;80
2407708;11
2409803;23
2413201;8
2414209;105
2415008;8
2402600;196
2407104;244
2408201;109
2412005;224
2412203;150
2403608;72
2408102;10471
2403251;1080
2401008;94
2402303;59
2403707;4
2404309;32
2401305;17
2405207;7
2407609;6
2408706;10
2414456;7
2414605;12
2401107;111
2401453;67
2404408;31
2408003;2163
2413359;7
2411056;14
2400505;29
2403905;4
2404903;8
2406007;4
2407302;8
2408607;3
2409407;189
2410009;3
2410207;14
2410504;7
2410702;5
2411007;9
2411908;7
2413607;5
2413805;5
2414100;6
2414902;3
2400406;4
2402907;4
2403202;7
2403301;6
2407005;9
2407252;3
2410801;3
2412500;35
2414753;3
2400604;6
2400901;7
2404002;6
2405900;2
2406908;4
2407401;24
2408409;5
2409308;25
2410603;6
2413557;7
2414506;24
2400208;355
2400703;63
2402501;26
2404705;41
2404853;30
2406106;46
2409902;41
2410256;5
2412807;19
2800506;35
2801009;97
2802908;750
2803708;24
2803906;19
2804102;24
2806800;21
2803500;528
2805802;49
2800209;74
2801900;16
2803807;15
2804300;23
2804607;119
2807006;13
2805505;39
2807105;126
2807402;192
2800308;7822
2800605;67
2804805;475
2806701;367
2801504;60
2802502;8
2803609;102
2804003;64
2805901;29
2806107;50
2806602;32
2800407;61
2800670;199
2801702;60
2803005;111
2805109;17
2806206;100
2807501;23
2807600;80
2801306;103
2802007;20
2806503;16
2807204;21
2802106;470
2802809;49
2803203;167
2806305;44
2803302;61
2803401;33
2804904;23
2805307;31
2806909;10
2800100;4
2800704;7
2801108;9
2801603;25
2802700;10
2804409;103
2804706;9
2805703;225
2806404;18
2807303;9
2801405;112
2802304;99
2804458;25
2805000;9
2805208;19
2806008;65
2801207;58
2802205;14
2802403;9
2802601;18
2803104;14
2804201;13
2804508;136
2805406;18
2805604;45
5300108;33625
5201108;3861
5201603;34
5203609;38
5204854;23
5205208;53
5206800;29
5209606;17
5210000;578
5210406;392
5210562;16
5210604;58
5211404;87
5211800;528
5212055;9
5215009;88
5215405;37
5216809;86
5219506;25
5219902;67
5221007;27
5200159;11
5200852;31
5201306;194
5202601;65
5202809;28
5203939;20
5207808;151
5213905;65
5214408;76
5219001;105
5219100;55
5220108;442
5221502;82
5203203;56
5205000;63
5205406;405
5208608;661
5209291;13
5209457;6
5209804;30
5210158;8
5210901;135
5211206;315
5213855;10
5214705;26
5214861;70
5216908;21
5218607;148
5218706;47
5218904;228
5219357;30
5219456;11
5220157;40
5220280;7
5221700;101
5200050;53
5201405;2202
5201801;79
5203302;456
5203559;48
5204557;34
5208400;60
5208707;24745
5208806;236
5209200;100
5209705;239
5212303;71
5214507;414
5219738;65
5220454;311
5221197;39
5221403;582
5200902;43
5204201;18
5205703;37
5207600;65
5210208;391
5210307;30
5211602;48
5212006;41
5213400;27
5215207;44
5200100;145
5200175;63
5200258;260
5200308;203
5204003;61
5205497;164
5205513;92
5205802;113
5206206;573
5208004;994
5212501;1097
5213053;26
5215231;167
5215603;138
5217302;270
5217609;297
5219753;182
5221858;545
5222203;20
5222302;33
5200803;72
5203962;6
5206701;7
5208301;13
5207907;64
5209408;24
5209903;65
5212709;12
5218300;199
5219803;45
5220686;29
5220702;12
5201702;83
5202353;49
5203104;20
5203401;101
5207105;27
5213707;174
5217203;176
5202155;87
5202502;101
5203807;83
5207535;72
5208905;447
5211008;157
5212204;334
5212956;62
5219258;46
5206404;163
5214002;145
5214051;83
5214838;217
5215256;37
5220207;328
5221577;16
5200605;87
5204904;144
5205307;25
5205521;13
5213509;41
5214903;21
5220009;75
5221080;9
5200555;21
5200829;15
5203575;26
5204656;17
5204706;71
5204953;29
5207501;21
5208103;34
5212808;115
5213087;182
5213772;25
5214101;24
5214606;322
5214879;10
5218003;474
5219605;35
5219704;68
5221452;16
5221601;408
5201207;10
5204805;145
5205109;1454
5205901;186
5206602;67
5206909;21
5208509;96
5210109;491
5214804;34
5215504;43
5221304;50
5200209;21
5200506;11
5203500;309
5203906;129
5204250;86
5204508;1113
5206503;54
5209101;560
5209937;50
5211503;1669
5212105;102
5212600;37
5212907;15
5213806;735
5216007;51
5217104;476
5217708;310
5218052;35
5218391;32
5218789;59
5222054;123
5206305;68
5208152;9
5215306;251
5215801;32
5216304;119
5217401;545
5219209;94
5220264;78
5220603;405
5221809;51
5222005;249
5204102;195
5204300;246
5209150;40
5210802;189
5211305;200
5212253;7
5218508;677
5220405;150
5201454;57
5201504;79
5204409;303
5205059;25
5205471;132
5207253;145
5211909;1664
5213004;41
5213103;929
5213756;153
5215652;59
5216452;59
5218102;52
5218805;2390
5219308;389
5219407;94
5219712;24
5220504;166
5200134;280
5204607;25
5205455;112
5207352;50
5207402;139
5209952;157
5211701;104
5215702;276
5215900;37
5216403;225
5220058;27
5221551;51
5221908;71
5000252;70
5002605;444
5003306;582
5006408;158
5007406;376
5007695;555
5007935;184
5001508;212
5002704;10817
5003108;119
5004908;149
5007307;96
5007505;125
5007901;526
5008008;284
5002902;489
5002951;445
5003256;362
5000807;269
5001904;353
5002001;175
5006200;786
5007976;57
5001003;485
5004403;381
5006309;1022
5007802;161
5000203;459
5002308;328
5007109;600
5007554;209
5008305;1805
5000708;237
5001102;683
5003488;150
5005608;279
5003207;1268
5005202;64
5006903;179
5002100;237
5002159;103
5002209;409
5002803;98
5004106;115
5005004;352
5005806;186
5000609;589
5000906;63
5001243;80
5002407;381
5003504;45
5003702;3058
5003801;226
5004502;260
5005152;83
5005251;91
5005400;692
5006002;283
5006606;793
5007208;451
5008404;51
5000856;110
5003157;63
5003454;127
5003751;177
5004007;141
5004304;245
5004601;162
5004700;322
5004809;30
5005103;114
5005681;231
5005707;638
5006259;31
5006358;56
5007703;116
5007950;94
5101605;38
5102504;896
5103437;11
5106505;255
5100508;40
5101308;115
5106000;44
5108857;27
5107263;17
5103007;135
5103403;8338
5106109;58
5107800;193
5108402;1840
5100102;24
5104906;43
5107701;102
5100201;302
5102603;57
5102702;344
5106174;7
5106257;201
5106281;131
5107065;124
5107792;21
5101001;64
5101803;898
5103106;64
5100359;20
5101852;6
5102694;10
5103353;39
5105309;16
5106315;2
5106778;27
5107180;65
5107743;3
5107776;17
5107859;90
5107354;56
5108600;141
5100250;651
5100805;41
5102793;60
5106158;21
5108956;62
5106299;123
5105259;511
5105903;130
5106224;434
5106240;71
5107768;5
5107925;1114
5108006;224
5105101;321
5108907;35
5106273;11
5106802;110
5107305;176
5107941;74
5101407;178
5101902;117
5102850;43
5103254;38
5103379;50
5105150;383
5105176;82
5107578;7
5103205;325
5104104;269
5105606;146
5106216;83
5108808;22
5106265;32
5106422;100
5108055;94
5103858;28
5106208;30
5106307;200
5106455;12
5102637;425
5102686;65
5103304;197
5103502;305
5107875;209
5103056;186
5103700;109
5104559;102
5105580;189
5106190;9
5107248;47
5107909;1666
5108303;39
5108501;228
5100300;207
5100409;137
5100607;136
5102678;494
5107040;1047
5103601;140
5104609;208
5104807;405
5105200;139
5106372;250
5107602;2639
5107297;23
5107404;20
5101209;12
5103908;61
5104203;183
5106653;60
5106703;7
5107008;231
5107198;17
5108105;35
5108204;68
5103361;10
5106182;38
5106752;439
5108352;2
5105507;114
5101258;161
5103809;33
5103957;35
5104500;10
5105002;80
5105234;37
5105622;365
5106828;100
5107156;11
5107206;44
5107750;31
5107107;209
5101704;287
5103452;54
5106232;116
5106851;34
5107958;1074
3200102;240
3201159;42
3201704;100
3201902;368
3203163;41
3203346;243
3205069;368
3200300;121
3200409;256
3202405;2168
3202603;180
3204203;179
3204401;121
3202702;172
3202900;77
3204500;129
3204559;276
3204609;416
3204955;128
3201308;2557
3205002;3390
3205101;360
3205200;5988
3205309;10135
3200607;1015
3202207;266
3202504;298
3203130;225
3203205;2186
3204351;132
3205010;164
3203502;277
3203601;136
3204104;312
3204252;69
3201605;195
3203056;193
3204054;238
3204906;1182
3200169;48
3200904;449
3202108;298
3203304;60
3200359;43
3200805;373
3201506;2164
3202256;50
3203353;109
3204005;128
3204658;76
3200136;70
3201001;149
3203908;674
3204708;448
3205150;76
3205176;100
3200201;397
3201803;26
3202009;41
3202306;411
3202454;146
3202553;41
3202652;58
3203007;267
3203700;145
3200508;99
3200706;143
3201100;92
3201209;3073
3201407;583
3203106;116
3203403;308
3203809;140
3204807;161
3205036;204
3202801;261
3203320;287
3204302;103
3101631;82
3102902;209
3105608;2218
3105905;238
3112208;30
3113107;32
3113206;346
3121506;50
3129400;69
3154408;72
3157302;39
3166204;49
3114600;93
3130408;80
3130804;71
3134301;69
3134509;58
3138203;2041
3138708;83
3144607;531
3154705;49
3115201;29
3119708;49
3123007;138
3137403;132
3139102;76
3144508;84
3150307;68
3152709;99
3154200;155
3156106;62
3157336;58
3158706;27
3162500;1555
3165008;184
3168804;197
3103900;197
3107406;1137
3123205;382
3124708;93
3135308;35
3137205;625
3138302;63
3138807;430
3140506;312
3142403;72
3153707;72
3166600;19
3104809;75
3109204;108
3119104;426
3120904;1393
3125705;194
3131109;78
3136405;43
3142502;43
3143609;91
3153202;55
3160603;47
3100203;469
3107000;43
3115607;12
3143500;135
3146404;75
3152006;484
3169356;338
3101706;451
3105202;18
3122454;35
3125606;39
3134707;89
3135803;214
3136009;139
3136504;64
3140555;18
3143153;4
3146750;12
3155108;25
3156601;121
3157104;73
3158102;22
3160306;19
3103405;312
3113008;40
3119500;31
3134004;28
3145307;57
3146305;92
3152170;23
3171600;39
3102852;19
3104452;7
3106507;25
3112307;288
3113503;64
3116100;24
3126505;20
3132503;213
3135456;8
3136520;9
3138351;10
3141801;110
3169703;147
3171071;14
3120102;33
3121001;31
3121605;657
3125408;20
3127602;150
3153301;11
3125507;17
3165909;11
3102704;39
3117009;14
3133303;189
3141405;101
3148707;178
3106200;52721
3106705;2990
3109006;377
3110004;391
3117876;55
3118601;7398
3124104;578
3129806;581
3130101;294
3136652;172
3137601;555
3140159;58
3140704;346
3144805;1093
3149309;882
3153905;53
3154606;859
3154804;241
3156700;628
3157807;1003
3162922;141
3162955;121
3165537;101
3171204;539
3102407;20
3117504;124
3118106;14
3122603;24
3132800;16
3143708;31
3147501;11
3156007;50
3160207;26
3160504;9
3164803;9
3166501;15
3167103;240
3114907;32
3115409;22
3118007;585
3118304;1663
3120409;73
3121407;42
3123908;233
3133907;36
3145901;472
3153806;38
3159100;26
3160900;62
3102308;171
3105400;250
3106002;77
3107703;95
3115359;23
3121803;96
3125903;166
3131703;1680
3136207;1139
3144706;294
3136603;48
3155702;154
3157203;309
3158003;149
3161007;246
3161908;103
3163409;71
3168309;35
3106408;76
3108107;75
3120607;49
3132206;247
3133709;121
3135407;47
3142304;61
3150406;29
3155306;52
3121704;15
3131901;696
3140001;497
3146107;968
3126000;128
3145802;54
3147105;1678
3151404;413
3163102;84
3103207;46
3105004;87
3109600;60
3109907;126
3112505;103
3118908;110
3126406;63
3127206;68
3131000;110
3134608;204
3135704;124
3139706;136
3141108;459
3146909;317
3147402;463
3149606;59
3153608;120
3158508;53
3159001;45
3167202;3033
3108552;160
3128600;134
3136306;770
3137106;92
3137536;118
3147006;1407
3153400;328
3161700;106
3170750;61
3171006;291
3104502;156
3108206;91
3109303;301
3109451;41
3122470;16
3126208;68
3144375;7
3170404;1503
3170479;15
3107307;517
3123809;48
3126604;36
3128253;16
3145455;31
3108503;20
3120300;9
3127800;78
3132008;17
3136579;4
3146255;8
3115474;5
3124302;128
3127339;8
3135050;138
3135100;861
3139250;7
3141009;29
3142908;71
3145059;62
3146552;7
3152204;209
3154507;35
3166956;8
3108255;9
3116159;9
3117836;5
3130051;6
3132107;72
3135209;462
3136959;12
3139300;75
3140852;69
3142254;3
3142700;48
3149150;27
3150570;9
3161106;258
3162450;5
3170529;28
3108602;169
3111150;5
3112703;90
3116506;48
3118809;131
3126703;272
3127354;19
3129657;3
3135357;8
3136801;56
3138658;6
3138682;9
3142007;71
3143302;4807
3147956;9
3152131;3
3162252;17
3162401;69
3162658;5
3170008;20
3170909;38
3171030;26
3109402;219
3129608;22
3135605;48
3137304;12
3138104;63
3151206;704
3154457;27
3157609;4
3164209;35
3170800;377
3101003;32
3106655;9
3120870;16
3122355;27
3127073;6
3130655;9
3143450;12
3144656;8
3145372;6
3155603;89
3156502;26
3157005;361
3157377;6
3160454;2
3162708;73
3168002;275
3170651;3
3100807;65
3111200;1072
3111903;58
3112000;245
3120201;190
3149903;484
3158805;45
3114204;306
3116605;508
3117603;105
3122306;4680
3130200;160
3133808;1699
3145208;1087
3149705;148
3160405;493
3161809;166
3164605;106
3104205;674
3110400;20
3119955;130
3126109;1338
3133501;314
3146503;194
3148905;51
3150505;91
3108008;350
3114006;180
3114501;251
3130002;39
3145604;813
3147709;140
3150604;113
3159902;259
3161205;99
3105103;392
3119807;61
3123403;16
3130309;173
3141306;48
3151503;602
3164308;47
3168200;17
3170602;34
3101607;1488
3102001;164
3104304;252
3114402;460
3114709;40
3117108;109
3122405;78
3125200;57
3139003;778
3147204;406
3151701;216
3166907;112
3101201;138
3102803;263
3103603;31
3107208;65
3107505;105
3114808;43
3120805;303
3138500;130
3141900;71
3147808;39
3165305;169
3166402;26
3167004;29
3108909;223
3118502;15
3120508;151
3121100;135
3122801;29
3132404;1784
3139904;193
3140407;38
3147303;293
3150901;74
3151008;121
3171709;107
3172202;37
3101904;286
3107604;58
3112406;146
3112802;145
3115102;412
3116407;73
3121209;136
3126307;57
3129707;253
3133758;207
3147907;1999
3152907;174
3162203;135
3162948;61
3101409;43
3102605;917
3105301;41
3108404;269
3110301;249
3111002;265
3129905;41
3130606;142
3134905;775
3143401;931
3146008;690
3151800;3267
3159209;107
3107901;57
3108305;279
3109105;123
3110509;362
3110608;418
3117900;87
3119906;18
3124401;25
3124500;77
3125101;349
3127404;65
3131505;95
3133600;149
3143807;22
3152501;2663
3165404;93
3165578;28
3165800;8
3169059;19
3169109;14
3109709;131
3113602;132
3117207;48
3117801;134
3119005;55
3129202;91
3144409;82
3149101;202
3159605;801
3162005;476
3162302;33
3163201;45
3164407;87
3167400;130
3169802;87
3101300;13
3104908;407
3110707;300
3114105;294
3115508;560
3117702;274
3133006;208
3133105;277
3135902;90
3137809;351
3145505;46
3147600;270
3152600;153
3163706;1095
3164902;30
3167806;87
3104106;180
3109501;295
3128303;353
3128709;1150
3132909;154
3134806;106
3136900;128
3143005;121
3143203;513
3144102;424
3145109;139
3163904;56
3164704;1398
3165107;144
3107109;781
3110905;367
3111309;133
3111606;507
3113909;289
3118700;188
3123601;523
3128105;188
3130507;172
3142601;159
3158300;192
3160801;36
3165206;170
3169307;1325
3169406;1210
3170701;2790
3104007;1831
3111507;261
3129509;466
3145000;223
3149200;80
3149804;373
3153004;52
3156908;639
3157708;184
3168101;64
3111101;494
3114550;245
3116902;90
3127008;103
3127107;1061
3133402;218
3134400;617
3138625;141
3150703;66
3151602;105
3161304;151
3170438;106
3109808;40
3112604;299
3129103;248
3131406;86
3134202;1855
3159803;479
3103801;22
3114303;569
3128907;97
3137502;251
3141207;51
3148004;3107
3155504;244
3159704;27
3162104;519
3168903;98
3100104;72
3119302;528
3120706;43
3123502;14
3124807;101
3127909;13
3131604;71
3143104;893
3148103;1810
3156403;59
3166808;234
3100708;72
3111408;166
3117306;334
3118205;147
3121258;59
3170107;6101
3171105;113
3103504;2036
3103751;84
3111804;165
3115003;42
3115805;141
3130705;82
3142809;409
3152808;697
3169604;491
3170206;10222
3100906;133
3106606;20
3113701;465
3120151;55
3127057;17
3138906;37
3144300;616
3157658;8
3166709;60
3170305;34
3104700;125
3115458;21
3126752;10
3126802;51
3132305;38
3137007;39
3139201;89
3145356;33
3146206;17
3148509;97
3152402;67
3165552;12
3168606;2054
3101102;341
3102209;9
3117405;13
3118403;290
3120839;6
3127370;11
3131208;225
3134103;44
3144003;191
3151909;38
3154309;281
3159506;33
3168051;17
3107802;85
3109253;14
3113404;1308
3120003;30
3122504;54
3123858;26
3129301;119
3130556;19
3130903;222
3131158;73
3150158;31
3150539;24
3157252;30
3159357;46
3160959;29
3162609;56
3164472;10
3168408;110
3170057;77
3170578;18
3101805;89
3110806;53
3112653;19
3119203;54
3122108;28
3123700;131
3125804;35
3126901;124
3127305;113
3127701;4670
3132701;268
3133204;105
3135076;74
3140100;29
3171501;32
3144201;10
3144904;41
3150000;30
3161601;9
3161650;9
3163003;18
3163300;9
3167707;48
3169505;43
3171907;11
3108800;25
3113800;20
3116803;37
3122207;33
3123106;32
3127503;8
3128006;493
3140605;21
3148400;17
3156809;149
3157500;4
3162807;95
3165503;13
3166105;30
3171808;102
3100500;68
3103009;79
3106309;148
3119401;1379
3131307;3448
3135001;53
3136108;25
3140308;106
3141702;42
3144359;44
3149952;27
3158953;113
3168705;1153
3115706;50
3131802;37
3139607;347
3141504;54
3144672;13
3161056;9
3162575;30
3100609;75
3112059;16
3126950;3
3136553;10
3148608;134
3158201;116
3163508;16
3164100;26
3164506;12
3101508;646
3104403;66
3115300;1326
3122900;77
3124609;48
3132602;52
3138005;107
3138401;1234
3146701;103
3151107;144
3154101;168
3158409;45
3160009;38
3172103;104
3103306;15
3106101;76
3106804;46
3106903;364
3115904;55
3116209;33
3119609;45
3121308;93
3125002;46
3127388;58
3128501;73
3136702;10409
3138609;429
3139805;262
3140209;73
3140803;223
3145406;18
3145703;23
3146602;25
3149408;15
3149507;72
3150109;62
3155405;236
3155900;106
3156205;31
3157278;45
3159407;46
3159308;72
3158607;65
3160702;763
3162906;600
3165602;38
3167509;57
3100302;165
3102050;42
3153509;66
3112109;19
3112901;44
3116001;30
3123528;35
3137700;172
3138674;11
3139409;1253
3139508;358
3140530;28
3140902;148
3148756;4
3154150;55
3157906;61
3158904;36
3162559;53
3163607;8
3167608;74
3103108;14
3105509;84
3110103;28
3113305;618
3122009;145
3124203;228
3124906;130
3125309;60
3125952;51
3142106;122
3142205;212
3143906;2247
3145877;10
3148202;69
3149002;13
3156452;32
3161403;37
3164431;11
3169208;142
3171402;27
3100401;46
3105707;80
3122702;107
3128204;72
3135506;92
3145851;27
3150208;57
3152105;1335
3154002;296
3154903;317
3155009;40
3157401;71
3160108;58
3164001;142
3165560;17
3166303;28
3170503;105
3171154;11
3104601;215
3121902;41
3123304;29
3128402;200
3128808;122
3129004;116
3141603;123
3151305;204
3155801;358
3156304;110
3161502;131
3165701;64
3167301;33
3167905;85
3169000;242
3169901;1904
3172004;676
3102100;82
3102506;40
3103702;32
3108701;16
3110202;36
3111705;35
3116308;24
3116704;101
3124005;177
3137908;11
3148301;118
3148806;24
3150802;97
3152303;75
3153103;35
3155207;16
3163805;57
3166006;36
3168507;165
3171303;1597
3301306;352
3304524;542
3305604;273
3300209;1141
3300233;642
3300258;284
3300704;2558
3301876;158
3305208;513
3305505;668
3301108;451
3301207;273
3301504;339
3302452;113
3300506;383
3301603;157
3303401;3763
3305703;110
3304607;162
3305307;117
3305901;106
3300225;200
3300951;114
3303708;530
3305406;296
3306008;1190
3302007;882
3302601;291
3305554;246
3300803;617
3304300;1146
3300456;1233
3301702;5558
3301850;300
3301900;1230
3302270;161
3302502;1190
3302700;762
3302858;355
3303203;1181
3303302;10269
3303500;4808
3304144;523
3304557;103306
3304904;5466
3305109;2893
3305752;168
3303906;5225
3305158;258
3305802;2679
3301801;94
3302809;177
3302908;374
3303609;299
3303856;197
3306206;439
3300605;645
3302056;144
3302205;1617
3302304;94
3303104;219
3304102;205
3306156;47
3300159;102
3300902;142
3302106;284
3303005;344
3304706;734
3305133;47
3301009;5226
3301157;103
3304805;425
3304755;201
3305000;244
3300936;39
3301405;260
3302403;2539
3304151;122
3300100;1589
3303807;408
3300308;1028
3304508;122
3306107;1066
3300407;2137
3302254;362
3303955;150
3304003;273
3304110;126
3304128;134
3304201;1707
3304409;175
3306305;3316
3502101;1051
3511003;217
3517802;214
3520442;427
3523008;47
3530102;502
3532108;73
3533205;40
3537404;491
3552304;121
3552551;53
3502804;3723
3506201;56
3518206;539
3526506;134
3544400;42
3548054;148
3556305;277
3501103;85
3504404;133
3505104;79
3506409;144
3506508;1946
3507704;68
3507753;19
3508108;222
3511904;81
3512506;116
3516507;44
3517109;115
3527256;36
3527702;58
3537305;1177
3537701;69
3548401;56
3555208;60
3501707;287
3503208;3845
3506706;188
3507407;340
3514007;62
3516853;42
3519600;1122
3522703;1089
3529302;1309
3532058;51
3532900;100
3543709;153
3546900;63
3552700;286
3554755;20
3502002;100
3513702;720
3514304;167
3519303;246
3542909;268
3548906;4074
3504008;1854
3507209;25
3509809;80
3510005;528
3513306;66
3516101;67
3519501;92
3519907;148
3527900;95
3528809;226
3532157;39
3535309;428
3535507;688
3537156;55
3539707;59
3541703;174
3553955;162
3506300;193
3510153;22
3557204;196
3515194;60
3515400;275
3520905;193
3528601;147
3533809;42
3534708;1690
3538808;652
3543204;72
3545407;124
3546405;877
3550506;133
3551207;41
3553005;110
3554201;91
3554607;45
3500550;127
3503109;92
3504503;1527
3511409;298
3519253;31
3521804;318
3523503;247
3535804;292
3500709;425
3503406;183
3503604;71
3504305;105
3504701;31
3506003;5623
3507456;30
3508306;99
3514502;277
3518107;139
3519105;164
3526803;1003
3527504;65
3536570;32
3538907;421
3539400;237
3540101;71
3541109;77
3542503;93
3555505;96
3555901;37
3502309;97
3506904;162
3507506;2141
3512308;323
3536109;102
3541059;72
3550100;719
3505203;580
3505302;768
3506805;262
3507308;77
3514106;441
3520004;256
3522000;68
3522901;196
3525300;2539
3528007;210
3529807;183
3536703;757
3508801;365
3517000;191
3517208;124
3517307;92
3525805;51
3527108;1228
3541604;433
3544608;63
3500501;513
3501905;1424
3527009;138
3531209;120
3536802;68
3538204;103
3551603;951
3552106;666
3501608;4090
3509502;19446
3512803;601
3514908;210
3519055;394
3519071;903
3520509;2612
3524709;726
3531803;438
3533403;609
3536505;1108
3537107;847
3545803;2021
3552403;1630
3556206;1713
3556701;1007
3503802;533
3515152;131
3557303;82
3522604;1275
3530706;1858
3530805;1710
3548005;478
3500303;525
3539301;1277
3540705;978
3546306;444
3500402;103
3508702;281
3510807;616
3513900;183
3515186;883
3523800;117
3530508;1295
3548104;161
3549102;1906
3549706;1233
3550803;284
3553302;541
3553609;191
3556404;738
3502705;278
3505351;24
3510203;707
3517604;173
3521200;19
3522158;12
3522653;15
3542800;30
3543006;186
3543253;48
3500758;54
3502200;307
3509452;125
3518503;105
3522307;2075
3505005;18
3507159;31
3508009;261
3512605;51
3521705;170
3522406;1148
3522802;149
3523206;592
3532827;54
3543501;27
3553807;295
3553856;53
3507001;692
3511508;672
3511607;187
3526407;446
3537503;127
3540507;138
3541653;30
3554003;1554
3554656;13
3522109;838
3523305;155
3531100;434
3537206;67
3537602;699
3505401;33
3509254;269
3509908;111
3514809;202
3520301;281
3520426;74
3524600;294
3526100;280
3529906;247
3536208;220
3542602;959
3551801;220
3504107;2093
3507100;171
3507605;2354
3523404;1733
3525201;272
3525508;206
3532009;326
3532405;130
3538600;349
3554953;43
3556354;94
3509601;411
3524006;513
3525904;6075
3527306;431
3556503;550
3519709;725
3537800;693
3537909;450
3550209;485
3553500;101
3501152;97
3502754;171
3502903;335
3508405;433
3510302;141
3521002;164
3523909;2467
3528403;426
3540606;732
3545209;1214
3545308;278
3550605;1081
3551108;145
3552205;7727
3557006;601
3501400;58
3501509;44
3514700;134
3515657;35
3516606;193
3516705;1043
3527801;67
3529005;3996
3533700;104
3534104;80
3534500;66
3540002;421
3556602;207
3503356;45
3505807;483
3519006;159
3519204;131
3541802;48
3542008;103
3555000;1571
3509007;504
3516309;337
3516408;520
3528502;760
3503901;626
3518800;9927
3546801;531
3513009;2375
3515004;1428
3515103;355
3522208;793
3526209;287
3549953;312
3552809;1749
3556453;465
3506607;230
3515707;602
3518305;370
3523107;1146
3530607;4062
3539806;1631
3545001;223
3552502;2146
3505708;4433
3509205;641
3510609;1529
3522505;744
3525003;591
3534401;5533
3539103;98
3547304;2414
3506359;661
3513504;882
3518701;3685
3541000;3279
3548500;12410
3551009;2649
3513801;3708
3529401;2229
3543303;996
3544103;138
3547809;9036
3548708;9120
3548807;3993
3550308;188324
3503307;1872
3512209;410
3512407;340
3521408;325
3526704;1348
3526902;4340
3546207;133
3546702;203
3500600;94
3510401;855
3511706;222
3525854;44
3530904;71
3538709;6272
3542107;142
3544004;416
3545159;117
3547007;118
3550407;556
3554508;867
3507902;529
3512704;118
3521101;119
3523602;172
3543907;3077
3554706;203
3500105;748
3515806;36
3516002;177
3520806;58
3521606;99
3527405;315
3528908;54
3534609;630
3534906;211
3536000;221
3540853;22
3543808;182
3544707;51
3545100;43
3514403;945
3526001;321
3531605;85
3533106;26
3534807;102
3535408;282
3536406;96
3547106;52
3549300;34
3555109;328
3500808;49
3501301;302
3502408;83
3508900;37
3509106;67
3515129;57
3515301;38
3515350;62
3520608;91
3525607;73
3528700;100
3529203;365
3530201;273
3532207;44
3538303;84
3539202;372
3541208;283
3541307;563
3541406;4421
3541505;714
3542206;554
3542404;323
3543238;19
3544251;212
3545506;60
3547700;393
3548302;30
3552908;101
3553906;88
3554300;245
3505500;1951
3512001;288
3512100;132
3501004;400
3505906;1173
3509403;445
3510906;81
3546256;24
3547908;150
3513207;219
3516200;5898
3523701;127
3525409;60
3536307;332
3537008;410
3542701;112
3543105;104
3543600;73
3549508;126
3503000;58
3508207;93
3517703;253
3520103;403
3524105;759
3506102;1505
3510104;42
3515608;94
3518602;319
3524303;1392
3531308;892
3531506;517
3539004;249
3539509;347
3546504;47
3553104;103
3553203;116
3553658;38
3553708;988
3554409;101
3556800;254
3556909;96
3505609;174
3507803;329
3513108;490
3514601;100
3518859;130
3525102;623
3527603;150
3540200;307
3540903;119
3543402;12107
3547502;648
3547601;355
3550902;259
3551405;83
3551504;315
3551702;1720
3517406;613
3521309;239
3524204;92
3529708;287
3531902;424
3533601;179
3534302;703
3544905;184
3549409;755
3504206;283
3515905;73
3516804;54
3516903;236
3518909;76
3528304;58
3532868;33
3533304;23
3549250;22
3503703;138
3509304;147
3511102;2260
3511201;72
3514924;41
3514957;92
3533254;49
3535101;64
3535705;115
3538105;180
3545605;188
3551900;135
3552601;292
3515202;179
3515509;1231
3518008;32
3520707;54
3528205;74
3529609;82
3530003;48
3534757;67
3536901;49
3549201;58
3555307;35
3502606;64
3503950;26
3513850;28
3514205;31
3524808;952
3529104;30
3529658;35
3532843;17
3535200;135
3535903;63
3540259;44
3540408;66
3544509;32
3545704;77
3546108;41
3546603;502
3547403;39
3547650;13
3547205;22
3549003;33
3554904;58
3555802;155
3556958;8
3528106;129
3531001;29
3531407;372
3532504;168
3532603;250
3532702;67
3539905;92
3551306;51
3555703;30
3521507;110
3521903;319
3528858;57
3533502;689
3544806;87
3556008;213
3500204;45
3500907;66
3504602;214
3504800;136
3511300;189
3517505;250
3517901;138
3519402;187
3519808;94
3521150;60
3524501;105
3525706;608
3529500;51
3530300;895
3530409;56
3532801;105
3533007;299
3533908;1011
3534005;58
3534203;50
3535002;196
3536604;189
3539608;74
3540804;178
3549805;8047
3553401;449
3555356;42
3555604;164
3557154;69
3501202;87
3501806;70
3510708;200
3512902;139
3536257;29
3540309;30
3544202;142
3556107;193
3557105;1529
3503158;24
3503505;64
3504909;209
3549607;61
3552007;100
3509700;1156
3531704;142
3548203;134
3548609;114
3510500;1319
3520400;399
3550704;1185
3555406;1501
3502507;728
3508603;354
3509957;31
3513405;1001
3518404;2051
3526605;76
3527207;1189
3538501;109
3540754;55
3541901;116
3544301;81
3513603;249
3524907;69
3526308;54
3532306;80
3535606;329
3542305;69
3550001;231
3508504;1004
3520202;118
3524402;2301
3538006;1462
3546009;176
3549904;8168
3554102;3639
3554805;413
4101705;195
4102505;157
4104303;1671
4106555;41
4107504;248
4107553;34
4107702;49
4110805;105
4113734;129
4114005;281
4118808;215
4121109;88
4122503;149
4127205;260
4100459;30
4103008;83
4103909;183
4108601;494
4112207;75
4112959;83
4116109;127
4116802;88
4120655;57
4121356;27
4128005;305
4101606;418
4112009;452
4119400;318
4126306;246
4104659;414
4104907;1093
4117701;586
4119905;4766
4110078;97
4117305;294
4121703;207
4127106;837
4127502;292
4128534;83
4103958;28
4104428;154
4104451;116
4107546;23
4108452;42
4108650;30
4109401;2623
4110201;97
4113304;431
4115457;17
4117057;57
4119301;305
4120150;15
4120903;365
4121752;64
4122156;85
4127965;151
4128658;41
4105706;327
4106456;66
4109658;60
4114401;205
4117602;610
4103040;52
4113254;28
4115739;18
4117800;121
4119608;409
4123857;56
4100202;31
4105201;60
4128633;20
4100400;507
4101804;1112
4102307;134
4103107;94
4104006;310
4104204;1262
4104253;152
4105805;1560
4106209;139
4106902;37691
4107652;462
4111258;91
4114302;324
4119152;1596
4119509;271
4120804;263
4122206;224
4125506;2820
4127882;43
4113205;633
4120101;68
4101200;212
4109500;38
4109609;470
4115705;682
4116208;220
4118204;1753
4119954;258
4100301;59
4104105;73
4119103;86
4121208;102
4122305;512
4127601;112
4105508;1625
4105607;173
4109104;42
4110409;62
4112405;121
4113007;90
4122602;171
4125555;16
4126108;73
4126801;227
4127908;106
4100608;238
4100905;59
4106704;86
4107108;89
4108908;107
4110300;46
4111308;40
4112603;24
4113502;477
4115002;69
4115903;34
4116505;30
4117107;240
4118006;165
4118105;108
4118303;32
4118402;1593
4119707;96
4120200;51
4121000;150
4123303;131
4123709;200
4123956;52
4124202;49
4124608;99
4124905;90
4125902;60
4126702;74
4127304;281
4128625;64
4100707;132
4100509;212
4103370;32
4103479;65
4106605;290
4107256;110
4107520;18
4108320;90
4109906;129
4110607;256
4111555;68
4114708;88
4115101;79
4117206;66
4118857;44
4118907;174
4125357;68
4126900;95
4128104;2084
4128807;96
4101408;2162
4101507;1656
4103503;103
4103800;106
4112108;457
4114906;129
4115754;90
4117297;23
4122701;125
4101150;39
4102109;491
4102208;66
4103404;38
4105102;195
4105904;389
4108106;43
4109203;98
4110003;78
4110904;65
4111902;257
4113601;79
4113809;73
4114104;295
4116307;53
4116406;46
4116901;483
4120408;77
4123402;191
4123600;35
4124509;112
4128302;30
4103206;100
4103305;128
4106852;19
4107603;302
4113106;63
4115507;67
4122107;59
4107306;65
4107801;109
4107900;98
4111100;123
4111605;45
4117404;58
4125308;162
4101655;14
4101853;14
4104402;130
4108551;16
4108700;101
4111506;556
4112504;131
4113429;35
4113759;54
4114500;165
4117271;49
4122172;32
4122651;72
4125001;153
4125803;147
4103701;1223
4109807;562
4113700;10740
4119657;37
4122404;1068
4126678;130
4114203;597
4114807;616
4115200;8909
4117503;235
4126256;651
4100806;146
4102802;255
4108007;111
4116000;34
4120002;192
4120333;62
4120507;160
4126504;395
4101903;311
4112702;147
4117214;16
4121307;53
4123204;42
4124707;112
4126009;100
4128401;264
4100103;120
4101101;322
4102406;483
4106001;128
4106407;987
4111001;75
4113403;80
4116604;37
4117008;131
4121901;192
4123105;49
4123907;243
4124301;58
4126405;148
4106100;55
4107009;138
4107751;104
4109708;422
4111704;37
4112306;48
4119202;69
4126207;82
4102703;35
4103602;455
4111803;639
4112900;65
4121802;258
4124103;836
4104709;227
4109005;81
4112801;187
4120705;123
4122909;34
4124004;61
4125407;69
4126603;280
4127809;152
4128500;288
4101051;27
4103057;48
4103354;76
4103453;227
4104055;46
4104600;144
4104808;4933
4105003;120
4106308;297
4107124;20
4109302;261
4109757;66
4110052;16
4113452;57
4116703;198
4123824;20
4124020;88
4127858;100
4105300;218
4108304;3831
4110953;108
4115606;231
4115804;751
4116059;168
4121257;32
4124053;246
4125704;456
4126355;38
4128559;124
4102000;565
4107157;56
4107538;92
4108205;99
4108809;435
4110656;12
4112751;95
4114609;1049
4115358;110
4115853;80
4117222;136
4117453;58
4117909;651
4118451;99
4120853;79
4123501;328
4125456;36
4125753;54
4127403;272
4127700;2125
4127957;98
4110706;755
4113908;163
4121505;111
4122008;109
4107736;43
4108957;34
4110102;364
4110508;198
4111407;83
4120606;454
4127007;116
4101309;38
4125100;97
4125605;540
4102901;235
4106803;128
4108502;215
4118600;66
4118709;66
4120309;77
4128203;1060
4101002;179
4102752;24
4104501;231
4119004;83
4119806;114
4120358;111
4121406;306
4123808;115
4102604;153
4103024;13
4103156;14
4106571;42
4107207;602
4107405;69
4107850;31
4108403;1332
4114351;7
4115408;162
4116950;30
4117255;103
4119251;7
4121604;93
4122800;52
4123006;158
4124400;249
4125209;129
4128609;90
4103222;38
4105409;305
4106506;336
4111209;116
4115309;114
4118501;1619
4124806;138
4126272;45
4126652;18
4128708;106
4300109;238
4306700;37
4308003;132
4308409;100
4310751;24
4313102;93
4315503;297
4318432;57
4320651;35
4302907;218
4306379;42
4310538;61
4311106;162
4312104;63
4313037;86
4316907;4476
4319125;28
4319406;285
4319604;451
4319802;178
4321493;20
4323457;46
4304655;12
4310553;49
4311130;22
4311205;396
4314472;33
4315321;23
4317400;897
4322202;439
4322376;19
4303004;1535
4305132;56
4313391;27
4313953;215
4314027;60
4314076;56
4315701;509
4301008;437
4302402;164
4302451;70
4304614;9
4304697;28
4305587;23
4305835;6
4306205;180
4306759;16
4306809;529
4307807;671
4308078;51
4308433;15
4310363;76
4311403;1947
4312054;77
4312609;136
4313003;59
4314159;102
4315131;26
4315156;48
4315453;27
4315800;157
4316758;102
4320453;25
4320859;29
4321303;406
4321451;599
4321626;11
4322855;23
4323770;14
4301206;132
4304200;346
4307815;20
4309159;20
4309571;9
4309753;29
4311239;7
4312153;55
4314068;21
4316808;2284
4320263;28
4320677;68
4320701;273
4322533;60
4322608;1003
4322707;234
4300851;45
4301909;174
4303509;910
4305173;52
4305447;10
4306502;72
4320354;68
4321105;296
4304408;770
4306403;484
4309100;1361
4310108;670
4310801;370
4311627;52
4312476;78
4313201;539
4314423;106
4315149;41
4315750;51
4316006;333
4316956;51
4321204;903
4321709;534
4300570;28
4301651;78
4302352;288
4302659;79
4304689;105
4308102;285
4309555;58
4311643;13
4311791;35
4312401;1009
4314035;53
4314753;33
4314803;396
4316501;158
4318481;57
4318614;14
4319356;63
4319505;452
4319752;49
4322251;68
4322541;80
4301057;99
4301636;54
4304630;1174
4304671;88
4304713;30
4305454;141
4306551;16
4310330;185
4310652;12
4311734;7
4311775;76
4312443;21
4312500;229
4313508;754
4313656;175
4317608;598
4321352;40
4321436;125
4321501;825
4321600;619
4321667;189
4321832;12
4323804;221
4300604;906
4300877;47
4303103;1609
4303905;1153
4304606;3929
4306767;279
4307609;700
4307708;1112
4309050;141
4309209;2177
4309308;912
4311981;38
4313060;223
4313375;188
4313409;5883
4314050;560
4314902;35989
4318705;3070
4319901;1306
4320008;1044
4320552;46
4323002;1390
4301107;191
4301750;23
4302709;239
4305355;319
4308805;94
4312252;93
4318408;302
4322004;350
4322525;15
4300802;335
4302105;2871
4302253;26
4304804;484
4305108;9359
4305934;3
4305959;55
4307864;54
4307906;1507
4308201;785
4308607;833
4312385;52
4313086;39
4313359;58
4314530;1
4317251;35
4319000;454
4322806;606
4323309;74
4300661;32
4300703;87
4301404;168
4306452;45
4309258;21
4309407;618
4310306;67
4310579;7
4312351;19
4312757;42
4312807;95
4312906;189
4313300;650
4314001;225
4315172;53
4315206;53
4318440;53
4319711;22
4320404;251
4322350;15
4323606;15
4302303;234
4303608;129
4303673;53
4304622;5
4307401;78
4310439;153
4311122;69
4311304;594
4312377;15
4312617;41
4314464;9
4318200;388
4318622;48
4322509;1325
4300471;10
4301958;33
4302154;35
4304705;1316
4305157;18
4305306;207
4305850;22
4310850;27
4311429;7
4312955;33
4313490;16
4313706;642
4314456;29
4316428;6
4317756;31
4318457;10
4319364;4
4320107;498
4303301;89
4303707;97
4305207;287
4309506;129
4312179;13
4315107;161
4316303;79
4316477;23
4319307;67
4319372;53
4320578;16
4300554;20
4302220;19
4302238;14
4304101;34
4306106;1146
4307500;315
4308458;136
4310009;415
4310876;7
4311155;108
4315354;76
4316436;53
4316451;143
4316709;225
4300901;114
4301552;55
4301701;99
4301925;11
4302055;4
4303806;97
4304853;7
4305116;19
4306130;6
4306957;37
4306973;37
4307005;2130
4307203;46
4307559;101
4308052;32
4308250;8
4308706;79
4308904;400
4310462;26
4310702;32
4310900;72
4311908;129
4312005;24
4314134;10
4314787;13
4315313;5
4319703;45
4320602;59
4321634;35
4322905;71
4300505;78
4300646;81
4303400;37
4305801;170
4306072;11
4306429;13
4306924;15
4307302;86
4308508;662
4309126;6
4310504;115
4311601;45
4312708;199
4313441;12
4313466;7
4313805;115
4314498;20
4314704;151
4315552;8
4315909;119
4316204;80
4320206;142
4321329;31
4321857;49
4321956;48
4323101;30
4323507;26
4300208;130
4300455;43
4301503;131
4302584;19
4305405;74
4305702;110
4305871;29
4305900;97
4310207;1623
4310413;18
4313334;18
4313904;684
4314308;103
4317806;279
4319737;11
4305603;71
4311270;32
4312658;384
4320305;137
4321006;281
4321469;25
4323200;73
4300059;46
4303558;32
4304903;249
4304952;48
4305371;16
4305504;85
4305975;66
4306304;76
4307054;82
4308854;25
4309902;114
4311809;724
4312138;37
4312625;12
4312674;20
4314100;3978
4314779;53
4316105;167
4316733;8
4317558;17
4318051;99
4320503;105
4320909;388
4322558;32
4323358;16
4323408;85
4301800;81
4303202;34
4309803;97
4311700;74
4312203;64
4313607;49
4316600;294
4317954;15
4318424;70
4318606;165
4322186;11
4300307;79
4304309;96
4310405;96
4313425;32
4315008;75
4315057;33
4315073;13
4317202;1298
4317905;286
4318499;27
4321808;508
4322103;131
4322301;139
4302501;127
4305009;181
4306353;21
4306932;134
4307831;47
4309001;409
4314555;22
4315958;10
4317509;1395
4317707;144
4318903;627
4319158;114
4319208;55
4320321;15
4322343;4
4323754;19
4302006;94
4308300;83
4309951;38
4311254;18
4312427;25
4318465;32
4320800;631
4322152;18
4301859;13
4302204;156
4302378;23
4302600;29
4304002;88
4306007;206
4306320;10
4306734;72
4307450;14
4309605;343
4309704;101
4312302;28
4313011;31
4315404;42
4319109;124
4320230;54
4321402;195
4321477;48
4321907;563
4323705;33
4301305;347
4307104;136
4311007;601
4314175;33
4305439;205
4315602;2383
4317301;671
4318507;143
4301073;4
4304507;515
4304663;160
4305124;69
4306056;93
4312450;84
4314209;137
4314407;5142
4318804;615
4322327;28
4300638;33
4302808;613
4304358;89
4306908;362
4314506;231
4314605;256
4317004;58
4316402;715
4316972;16
4317103;1619
4318309;1100
4300034;59
4301602;1866
4306601;937
4309654;39
4311502;214
4300406;1554
4301875;41
4308656;27
4310603;611
4311718;27
4311759;92
4315305;461
4318002;1055
4318101;211
4322400;2163
4201208;102
4202305;534
4205407;10598
4206009;116
4211900;1294
4212304;89
4215703;297
4216602;3763
4217253;43
4200606;49
4200705;123
4201109;40
4214300;50
4215901;40
4200903;58
4203709;203
4209805;17
4210209;27
4211504;196
4216305;388
4218004;503
4202131;26
4203808;861
4207908;108
4208104;228
4210100;897
4210308;77
4211108;93
4212205;267
4213609;466
4215679;35
4218251;46
4218301;162
4201307;138
4202057;61
4204509;259
4205803;240
4206504;512
4208450;158
4208906;2695
4209102;8320
4210605;247
4216206;577
4217402;193
4203303;186
4215000;795
4215802;1453
4200507;47
4200556;25
4202578;11
4203105;114
4203501;168
4204103;42
4204202;3549
4204350;52
4204400;180
4204707;220
4204756;15
4205357;9
4205431;28
4206652;52
4207759;35
4207858;11
4208955;17
4210506;425
4210902;76
4211405;106
4211454;35
4211652;29
4212106;237
4212908;356
4213153;33
4214201;137
4215356;17
4215687;7
4215695;6
4215752;9
4216008;205
4216909;391
4217154;12
4217303;151
4217550;56
4217758;24
4217956;3
4218855;25
4200754;14
4201273;44
4201653;14
4204301;1469
4207601;55
4207700;123
4207809;197
4208005;103
4209854;75
4211876;7
4212601;57
4213104;102
4213906;10
4217501;309
4219606;61
4200408;188
4201604;117
4203006;1213
4203154;28
4203907;415
4204004;231
4205209;67
4205506;593
4206702;215
4206751;15
4206801;66
4207577;46
4208609;51
4209003;1001
4209201;53
4209706;144
4210035;128
4210050;18
4210704;33
4211801;126
4213005;70
4214409;90
4215406;105
4217907;159
4218509;143
4219176;84
4219309;1092
4200804;91
4202081;11
4202099;8
4202156;15
4204905;128
4205001;186
4206405;187
4206603;112
4207650;164
4208401;295
4211009;135
4212007;88
4212239;35
4214151;18
4215075;56
4215208;54
4215554;23
4216255;106
4216701;279
4217204;875
4218756;71
4200101;233
4202537;26
4204459;15
4205175;10
4205308;181
4205605;46
4207684;50
4209177;11
4209458;16
4210555;27
4211850;33
4212270;61
4213401;234
4216107;203
4219101;75
4219507;1058
4219705;492
4201000;113
4202438;25
4202503;96
4202602;175
4203402;84
4203253;37
4204152;17
4204178;15
4204558;180
4209300;3063
4211751;265
4211892;17
4212056;20
4215059;20
4216503;595
4216800;68
4218905;173
4218954;32
4200051;12
4202875;14
4203600;573
4204806;844
4205555;14
4211058;125
4213302;77
4213351;51
4215505;245
4216057;59
4219150;19
4219853;21
4201406;1165
4201950;50
4202073;59
4205191;17
4208708;131
4210407;100
4210803;108
4211256;24
4212254;34
4213807;95
4215653;75
4216404;63
4217709;479
4218103;61
4218806;233
4204251;244
4204608;3944
4205456;211
4207007;698
4209607;193
4211207;350
4211603;241
4217600;177
4218350;24
4219002;322
4201505;130
4202800;643
4203956;184
4205704;291
4206108;91
4206207;211
4207205;74
4207304;544
4208807;211
4209409;655
4211702;471
4212403;56
4214904;75
4215455;161
4215604;30
4217006;191
4217105;55
4218400;105
4218707;2417
4201257;137
4201703;153
4202206;207
4202404;7026
4202701;71
4202909;2736
4205159;69
4205902;1115
4206306;245
4207502;1186
4210001;243
4213203;569
4214706;197
4215109;301
4218202;898
4202008;3348
4202107;290
4202453;298
4203204;420
4207106;155
4208203;3439
4208302;1042
4211306;467
4212502;268
4212809;214
4213500;208
4216354;42
4200200;187
4201802;49
4204194;10
4207403;72
4208500;382
4212700;86
4219200;71
4200309;64
4201901;56
4202859;51
4205100;67
4206900;378
4209151;64
4209508;137
4209904;144
4210852;31
4213708;200
4214003;244
4214102;16
4214508;75
4214607;129
4214805;1615
4215307;148
4217808;352
4218608;147
4219358;53
4219408;42
