;AP;num_employees_clt;num_firms
0;1302603999001;52763;6304
1;1302603999002;18298;1793
2;1302603999003;4744;407
3;1302603999004;3293;510
4;1302603999005;2165;475
5;1302603999006;11184;1596
6;1302603999007;6472;909
7;1302603999008;5089;729
8;1302603999009;6852;1124
9;1302603999010;1559;631
10;1302603999011;7067;790
11;1302603999012;2604;390
12;1302603999013;6103;352
13;1302603999014;1954;362
14;1302603999015;10667;1177
15;1302603999016;4651;311
16;1302603999017;6346;690
17;1302603999018;1487;363
18;1302603999019;72772;952
19;1302603999020;1831;208
20;1302603999021;16010;1896
21;1302603999022;30023;2778
22;1302603999023;14023;848
23;1302603999024;14080;1604
24;1302603999025;23718;1512
25;1302603999026;3745;353
26;1302603999027;2900;277
27;1302603999028;8611;616
28;1302603999029;8780;1789
29;1302603999030;9767;323
30;1302603999031;5816;679
31;1302603999032;15323;1294
32;1302603999033;4231;603
33;1302603999034;318;88
34;1302603999035;4073;286
35;1302603999036;11413;1113
36;1302603999037;3053;311
37;1302603999038;745;160
38;1302603999039;4968;84
39;1500800999001;2878;308
40;1500800999002;1110;208
41;1500800999003;3584;344
42;1500800999004;12289;938
43;1500800999005;5866;559
44;1500800999006;3054;297
45;1500800999007;8200;1558
46;1500800999008;1623;419
47;1500800999009;461;150
48;1500800999010;10104;774
49;1500800999011;1169;134
50;1500800999012;377;120
51;1500800999013;1034;115
52;1500800999014;713;148
53;1500800999015;1069;180
54;1501303001001;8321;1362
55;1501303001002;6781;148
56;1501402999001;46340;5641
57;1501402999002;4197;601
58;1501402999003;6833;627
59;1501402999004;6322;572
60;1501402999006;1501;267
61;1501402999007;30423;2575
62;1501402999008;19217;1384
63;1501402999009;26150;2834
64;1501402999010;16047;1511
65;1501402999011;957;236
66;1501402999012;844;161
67;1501402999013;3745;567
68;1501402999014;2085;366
69;1501402999015;10057;682
70;1501402999016;17626;775
71;1501402999017;8325;1088
72;1501402999018;6624;461
73;1501402999019;1267;109
74;1501402999020;224;59
75;1501402999021;609;126
76;1501402999022;3804;316
77;1501402999023;3101;246
78;1501402999024;1544;65
79;1501402999025;7678;684
80;1501402999026;12795;1538
81;1501402999027;5796;639
82;1501402999028;2916;276
83;1501402999029;9874;968
84;1501402999030;2076;497
85;1501402999031;1986;337
86;1501402999032;1835;306
87;1501402999033;1299;334
88;1501402999034;2335;225
89;1501402999035;2576;97
90;1501402999036;3601;501
91;1501402999037;292;117
92;1501402999038;1332;98
93;1501501001001;5361;805
94;1504422001001;10706;1067
95;1600303999001;16064;2434
96;1600303999002;4116;680
97;1600303999003;1569;290
98;1600303999004;554;265
99;1600303999005;3633;416
100;1600303999006;1604;362
101;1600303999007;877;338
102;1600303999008;7379;1033
103;1600303999009;2988;450
104;1600303999010;15598;1120
105;1600303999011;1494;237
106;1600303999012;1334;380
107;1600303999013;6521;935
108;1600303999014;669;94
109;1600600001001;6468;1565
110;2107506001001;4240;1237
111;2109452001001;680;373
112;2111201001005;4630;1242
113;2111201001010;2661;968
114;2111300999001;12648;889
115;2111300999002;7761;803
116;2111300999003;4921;411
117;2111300999004;8704;1097
118;2111300999005;12915;1579
119;2111300999006;1571;505
120;2111300999007;2719;326
121;2111300999008;3465;439
122;2111300999009;4863;578
123;2111300999010;1082;363
124;2111300999011;2968;897
125;2111300999012;13788;1190
126;2111300999013;3216;749
127;2111300999014;7693;982
128;2111300999015;668;212
129;2111300999016;2319;175
130;2111300999017;5927;996
131;2111300999018;2636;554
132;2111300999019;1210;250
133;2111300999020;3645;511
134;2111300999021;1251;312
135;2111300999022;5555;817
136;2111300999023;690;141
137;2111300999024;3355;1064
138;2111300999025;716;136
139;2111300999026;222;92
140;2111300999027;1148;399
141;2111300999028;27;11
142;2111300999029;21916;1876
143;2111300999030;6923;955
144;2111300999031;1249;234
145;2111300999032;10656;1127
146;2111300999033;8614;954
147;2111300999034;29694;3205
148;2111300999035;17520;318
149;2111300999036;28983;3543
150;2112209999001;1708;691
151;2112209999002;2018;893
152;2112209999003;346;153
153;2112209999004;1068;195
154;2112209999005;1663;252
155;2112209999006;2;1
156;2203305001001;602;177
157;2211001999001;5169;825
158;2211001999002;3887;861
159;2211001999003;1669;489
160;2211001999004;1026;214
161;2211001999005;3726;315
162;2211001999006;527;73
163;2211001999007;5067;635
164;2211001999008;2071;701
165;2211001999009;1022;289
166;2211001999010;717;336
167;2211001999011;2521;655
168;2211001999012;40430;5665
169;2211001999013;6887;1144
170;2211001999014;19053;1164
171;2211001999015;9524;627
172;2211001999016;4470;957
173;2211001999017;11030;1474
174;2211001999018;749;187
175;2211001999019;614;172
176;2211001999020;4226;710
177;2211001999021;809;239
178;2211001999022;5262;1033
179;2211001999023;31865;3846
180;2211001999024;7123;877
181;2211001999025;1897;338
182;2211001999026;1101;409
183;2211001999027;1253;375
184;2211001999028;617;226
185;2211001999029;3298;506
186;2211001999030;448;173
187;2211001999031;616;60
188;2211001999032;197;44
189;2301000001005;11125;1556
190;2301000001099;773;144
191;2301901001001;8066;1042
192;2303709001001;5819;1034
193;2303709001002;4883;978
194;2303709001003;2193;637
195;2303709001004;3689;581
196;2303709005001;864;317
197;2303709005002;816;268
198;2303709005003;1442;265
199;2303709005004;678;242
200;2303709005005;2326;432
201;2303709501001;128;39
202;2304202001005;13967;3243
203;2304202001099;4;6
204;2304285001001;31412;2642
205;2304400999001;6476;1515
206;2304400999002;11323;1400
207;2304400999003;3072;797
208;2304400999004;2341;328
209;2304400999005;1919;491
210;2304400999006;3230;604
211;2304400999007;3375;410
212;2304400999008;3658;545
213;2304400999009;9032;1419
214;2304400999010;5999;1719
215;2304400999011;5323;1123
216;2304400999012;4863;881
217;2304400999013;5472;1230
218;2304400999014;24405;1961
219;2304400999015;17200;3001
220;2304400999016;14022;1443
221;2304400999017;68251;10909
222;2304400999018;27181;3768
223;2304400999019;51604;8235
224;2304400999020;19133;2207
225;2304400999021;10459;1229
226;2304400999022;41812;3986
227;2304400999023;13401;1671
228;2304400999024;4685;416
229;2304400999025;6298;729
230;2304400999026;8773;1746
231;2304400999027;3988;782
232;2304400999028;4753;802
233;2304400999029;5610;1133
234;2304400999030;2773;590
235;2304400999031;2706;722
236;2304400999032;1260;414
237;2304400999033;1479;398
238;2304400999034;1398;422
239;2304400999035;43728;1533
240;2304400999036;17691;2187
241;2304400999037;3713;594
242;2304400999038;12217;1491
243;2304400999039;6663;1069
244;2304400999040;7150;901
245;2304400999041;1649;507
246;2304400999042;3256;407
247;2304400999043;8406;991
248;2304400999044;9928;1827
249;2304400999045;4233;1090
250;2304400999046;6400;517
251;2304400999047;7891;950
252;2304400999048;1575;331
253;2304400999049;5075;959
254;2304400999050;17782;2414
255;2304400999051;2775;930
256;2304400999052;3727;739
257;2304400999053;1360;579
258;2304400999054;5010;980
259;2304400999055;7697;1559
260;2304400999056;1430;508
261;2304400999057;11160;1478
262;2304400999058;2165;534
263;2304400999059;1040;433
264;2304400999060;2481;801
265;2304400999061;1923;596
266;2304400999062;5220;701
267;2304400999063;2926;492
268;2304400999064;2566;638
269;2304400999065;21928;2554
270;2304400999066;20118;1483
271;2304400999067;14931;589
272;2304400999068;4826;502
273;2304400999069;7254;882
274;2304400999070;15188;914
275;2304400999071;2940;765
276;2306256001001;3733;582
277;2307304999001;5217;1124
278;2307304999002;2846;400
279;2307304999003;7404;718
280;2307304999004;2976;571
281;2307304999005;7284;2147
282;2307304999006;2046;735
283;2307304999007;3748;915
284;2307304999008;1326;226
285;2307304999009;2020;514
286;2307304999010;3064;680
287;2307650999001;4934;867
288;2307650999002;7771;1171
289;2307650999003;8315;1017
290;2307650999004;20599;859
291;2307650999005;3841;961
292;2307700001005;9965;1756
293;2307700001099;0;1
294;2309706001001;5595;729
295;2403251001001;4486;887
296;2403251001002;3609;668
297;2403251001003;10560;1288
298;2403251001004;5506;1309
299;2403251001005;6311;1473
300;2403608001001;891;333
301;2407104001001;7376;1232
302;2407104001002;2174;147
303;2408102999001;6032;1350
304;2408102999002;2944;513
305;2408102999003;14772;829
306;2408102999004;1674;574
307;2408102999005;3089;884
308;2408102999006;36184;5408
309;2408102999007;13466;2211
310;2408102999008;7647;1611
311;2408102999009;3053;949
312;2408102999010;4562;951
313;2408102999011;23164;2472
314;2408102999012;14544;2402
315;2408102999013;2064;577
316;2408102999014;31048;4613
317;2408102999015;24298;4570
318;2408102999016;4160;639
319;2408102999017;2626;646
320;2408102999018;2834;612
321;2408102999019;3141;398
322;2408102999020;9879;1254
323;2408102999021;9079;1083
324;2408201001001;1021;443
325;2412005001005;699;149
326;2412005001099;6956;994
327;2412203001001;2812;653
328;2501807001001;1184;176
329;2501807001002;2399;371
330;2501807001003;1494;604
331;2501807001004;1156;423
332;2503209001001;14949;1945
333;2504009999001;19899;4114
334;2504009999002;5779;1017
335;2504009999003;830;238
336;2504009999004;3217;386
337;2504009999005;2538;486
338;2504009999006;4356;1224
339;2504009999007;5181;827
340;2504009999008;10318;806
341;2504009999009;1917;426
342;2504009999010;5915;469
343;2504009999011;2306;229
344;2504009999012;1335;356
345;2504009999013;2290;402
346;2504009999014;4413;317
347;2504009999015;1139;302
348;2504009999016;720;400
349;2504009999017;6670;88
350;2504900001001;499;106
351;2507507999001;9047;1744
352;2507507999002;417;147
353;2507507999003;2161;613
354;2507507999004;31555;5247
355;2507507999005;2786;618
356;2507507999006;2296;493
357;2507507999007;1690;401
358;2507507999008;2301;396
359;2507507999009;8834;1656
360;2507507999010;476;276
361;2507507999011;2522;409
362;2507507999012;3767;646
363;2507507999013;6197;721
364;2507507999014;5761;807
365;2507507999015;14729;582
366;2507507999016;12752;2138
367;2507507999017;906;251
368;2507507999018;4954;1576
369;2507507999019;3800;327
370;2507507999020;966;340
371;2507507999021;7150;1257
372;2507507999022;7855;895
373;2507507999023;10012;1757
374;2507507999024;17476;2336
375;2507507999025;631;357
376;2507507999026;881;300
377;2508307001001;601;333
378;2512507001001;461;259
379;2512507001002;1726;364
380;2513703001001;730;410
381;2513703001002;807;251
382;2513703001003;839;183
383;2513703001004;3283;710
384;2513703001005;12450;344
385;2600054001001;5191;497
386;2600054001002;874;264
387;2600054001003;506;179
388;2600054001004;925;170
389;2600054001005;2131;219
390;2602902001005;17543;2308
391;2602902001099;15955;1208
392;2603454001001;1241;265
393;2603454001002;2650;637
394;2603454001003;1987;464
395;2603454001004;352;161
396;2603454001005;197;72
397;2603454001006;1461;415
398;2605202001001;7091;914
399;2606804001001;12461;609
400;2606804001002;2396;386
401;2606804001003;1430;300
402;2606804001004;446;157
403;2607604001001;710;311
404;2607752001001;3825;232
405;2607901001001;2038;258
406;2607901001002;15721;684
407;2607901001003;4450;772
408;2607901001004;4883;1176
409;2607901001005;2652;456
410;2607901001006;2194;260
411;2607901001007;1351;381
412;2607901001008;13730;967
413;2607901001009;5391;500
414;2607901001010;2814;598
415;2607901001011;1189;422
416;2607901001012;1222;290
417;2607901001013;1213;107
418;2607901001014;623;79
419;2607901001015;11872;865
420;2607901001016;10383;1004
421;2607901002001;359;149
422;2607901002002;1901;356
423;2607901002003;2217;318
424;2607901002004;492;157
425;2607901002005;683;227
426;2607901002006;1630;348
427;2607901003001;6347;472
428;2607901003002;106;77
429;2607901003003;2357;473
430;2607901003004;2591;455
431;2609402001001;4005;944
432;2609600999001;1008;351
433;2609600999002;4877;580
434;2609600999003;15660;883
435;2609600999004;1621;316
436;2609600999005;1187;382
437;2609600999006;18617;630
438;2609600999007;21729;3126
439;2609600999008;11602;1144
440;2609600999009;907;231
441;2609600999010;2230;793
442;2610608001001;4139;646
443;2610707999001;2317;492
444;2610707999002;3307;509
445;2610707999003;3855;401
446;2610707999004;1647;309
447;2610707999005;1144;400
448;2610707999006;260;75
449;2610707999007;426;209
450;2610707999008;4484;511
451;2610707999009;4731;348
452;2610707999010;2713;374
453;2610707999011;567;179
454;2610707999012;4129;952
455;2611101999001;23437;4109
456;2611101999002;14562;1352
457;2611101999003;10552;2368
458;2611101999004;4238;985
459;2611101999005;21;1
460;2611101999006;1540;47
461;2611606999001;72582;4789
462;2611606999002;47901;4564
463;2611606999003;44928;4971
464;2611606999004;3784;426
465;2611606999005;18866;1397
466;2611606999006;12317;1181
467;2611606999007;1058;316
468;2611606999008;568;200
469;2611606999009;1664;452
470;2611606999010;790;227
471;2611606999011;2492;166
472;2611606999012;21209;1989
473;2611606999013;23518;2507
474;2611606999014;8706;1287
475;2611606999015;10513;1452
476;2611606999016;8612;1310
477;2611606999017;2235;250
478;2611606999018;319;151
479;2611606999019;316;146
480;2611606999020;3048;263
481;2611606999021;647;207
482;2611606999022;1408;161
483;2611606999023;3464;289
484;2611606999024;9142;1233
485;2611606999025;5433;654
486;2611606999026;5708;694
487;2611606999027;8444;1071
488;2611606999028;3656;706
489;2611606999029;17031;1805
490;2611606999030;9589;1244
491;2611606999031;3443;283
492;2611606999032;3174;419
493;2611606999033;15047;1442
494;2611606999034;4489;620
495;2611606999035;4097;654
496;2611606999036;353;159
497;2611606999037;6528;467
498;2611606999038;4234;451
499;2611606999039;4676;469
500;2611606999040;6351;717
501;2611606999041;36041;4076
502;2611606999042;9851;1002
503;2611606999043;38561;4167
504;2611606999044;20017;2242
505;2611606999045;18974;1737
506;2611606999046;10550;1095
507;2611606999047;6152;685
508;2611606999048;4372;484
509;2611606999049;1438;569
510;2611606999050;348;98
511;2611606999051;3329;789
512;2611606999052;460;179
513;2611606999053;1109;236
514;2613701001001;3465;673
515;2613701001002;2072;231
516;2613701001003;297;134
517;2613701001004;3918;69
518;2702207001001;58;45
519;2704302999001;8614;876
520;2704302999002;6565;822
521;2704302999003;2644;559
522;2704302999004;1518;442
523;2704302999005;10853;905
524;2704302999006;49214;5318
525;2704302999007;1084;317
526;2704302999008;1107;224
527;2704302999009;970;167
528;2704302999010;9288;1149
529;2704302999011;3523;809
530;2704302999012;21265;1894
531;2704302999013;2366;495
532;2704302999014;1975;517
533;2704302999015;11705;1402
534;2704302999016;1318;81
535;2704302999017;3683;928
536;2704302999018;20979;3070
537;2704302999019;7513;875
538;2704302999020;751;290
539;2704302999021;10878;1378
540;2704302999022;3160;303
541;2704302999023;11025;1345
542;2704302999024;939;183
543;2707701001001;7908;1044
544;2707909001001;485;103
545;2708907001001;5345;200
546;2800308999001;30087;4562
547;2800308999002;20821;3300
548;2800308999003;15479;1290
549;2800308999004;10931;1343
550;2800308999005;10029;1069
551;2800308999006;5576;645
552;2800308999007;2251;321
553;2800308999008;3994;668
554;2800308999009;5016;656
555;2800308999010;9766;833
556;2800308999011;11901;1767
557;2800308999012;6735;627
558;2800308999013;970;155
559;2800308999014;12191;914
560;2800308999015;1478;341
561;2800308999016;2829;591
562;2800308999017;709;206
563;2800308999018;931;109
564;2800308999019;610;112
565;2800308999020;4199;569
566;2800308999021;4845;541
567;2800308999022;755;192
568;2800605001001;2045;375
569;2803609001001;3631;353
570;2804003001001;1752;232
571;2804805001001;2283;476
572;2804805001002;326;110
573;2804805001003;99;52
574;2804805001004;9264;983
575;2804805001005;1039;261
576;2804805001006;270;84
577;2806701001001;10010;1267
578;2905701001001;2250;454
579;2905701001002;11748;1060
580;2905701001003;7899;1153
581;2905701001004;13412;2749
582;2905701001005;30799;1203
583;2905701501001;2368;279
584;2905701502001;114;34
585;2906501001001;11934;1899
586;2910057001001;12708;1898
587;2910800999001;1957;596
588;2910800999002;2921;973
589;2910800999003;2350;715
590;2910800999004;395;283
591;2910800999005;3733;1492
592;2910800999006;4364;1005
593;2910800999007;27495;6321
594;2910800999008;10118;607
595;2910800999009;2025;373
596;2910800999010;217;160
597;2910800999011;4071;959
598;2910800999012;3220;774
599;2910800999013;6005;1445
600;2910800999014;15442;3019
601;2910800999015;8469;1423
602;2910800999016;11206;979
603;2910800999017;5051;775
604;2910800999018;13;14
605;2910800999019;51;36
606;2913606999001;12375;3005
607;2913606999002;3269;594
608;2913606999003;1533;371
609;2913606999004;547;230
610;2913606999005;3527;450
611;2913606999006;2065;673
612;2913606999007;1096;428
613;2913606999008;5;4
614;2914802999001;12335;3016
615;2914802999002;4114;728
616;2914802999003;2080;775
617;2914802999004;6922;1300
618;2914802999005;1988;466
619;2914802999006;698;309
620;2914802999007;3069;867
621;2914802999008;418;140
622;2914802999009;1622;584
623;2914802999010;4980;316
624;2916104001001;674;317
625;2918407001005;27040;6220
626;2919207001001;86655;7287
627;2919207001002;3650;565
628;2919207001003;1447;459
629;2919207001004;19812;1452
630;2919207001005;9059;717
631;2919926001001;1197;397
632;2921005001001;10436;1132
633;2927408999001;538;175
634;2927408999002;15368;1347
635;2927408999003;2671;333
636;2927408999004;261;96
637;2927408999005;5266;1193
638;2927408999006;5707;729
639;2927408999007;2624;890
640;2927408999008;233;88
641;2927408999009;5749;583
642;2927408999010;5134;728
643;2927408999011;2474;555
644;2927408999012;22475;4168
645;2927408999013;685;234
646;2927408999014;7887;1129
647;2927408999015;6778;1281
648;2927408999016;17716;1800
649;2927408999017;91082;8899
650;2927408999018;58321;5155
651;2927408999019;195;58
652;2927408999020;1033;373
653;2927408999021;9622;1207
654;2927408999022;12972;1756
655;2927408999023;11631;1851
656;2927408999024;10435;1530
657;2927408999025;3788;605
658;2927408999026;8410;744
659;2927408999027;4111;579
660;2927408999028;12670;629
661;2927408999029;14411;1539
662;2927408999030;4456;430
663;2927408999031;2105;252
664;2927408999032;2211;238
665;2927408999033;1335;389
666;2927408999034;2336;300
667;2927408999035;42114;8448
668;2927408999036;31137;3684
669;2927408999037;13513;2332
670;2927408999038;5872;640
671;2927408999039;4039;508
672;2927408999040;2062;499
673;2927408999041;1178;174
674;2927408999042;1270;230
675;2927408999043;316;160
676;2927408999044;439;202
677;2927408999045;394;152
678;2927408999046;212;86
679;2927408999047;1866;616
680;2927408999048;2213;353
681;2927408999049;424;101
682;2927408999050;837;199
683;2927408999051;9201;910
684;2927408999052;5916;547
685;2927408999053;636;188
686;2927408999054;422;210
687;2927408999055;4272;893
688;2927408999056;9849;1100
689;2927408999057;3091;222
690;2927408999058;953;354
691;2927408999059;757;337
692;2927408999060;377;123
693;2927408999061;12582;1860
694;2927408999062;6443;1226
695;2927408999063;3157;711
696;2927408999064;4350;599
697;2927408999065;1022;305
698;2927408999066;3430;758
699;2927408999067;26017;3040
700;2927408999068;6032;525
701;2927408999069;6244;788
702;2927408999070;5226;414
703;2927408999071;6367;462
704;2927408999072;9253;665
705;2927408999073;4316;240
706;2927408999074;14741;904
707;2927408999075;6254;496
708;2927408999076;630;204
709;2927408999077;726;280
710;2927408999078;6972;839
711;2927408999079;3241;725
712;2927408999080;1822;210
713;2927408999081;3713;540
714;2927408999082;2328;189
715;2927408999083;1305;264
716;2927408999084;627;246
717;2927408999085;2709;651
718;2927408999086;639;193
719;2927408999087;167;81
720;2927408999088;116;52
721;2929206001001;4867;544
722;2929503001001;4207;655
723;2930709001001;31087;3511
724;2930709001002;1039;133
725;3106200999001;10734;2490
726;3106200999002;38422;5137
727;3106200999003;21596;3336
728;3106200999004;2577;478
729;3106200999005;19926;3408
730;3106200999006;183826;25418
731;3106200999007;57809;6085
732;3106200999008;2769;980
733;3106200999009;7598;1711
734;3106200999010;5922;2089
735;3106200999011;8555;1486
736;3106200999012;12720;1519
737;3106200999013;453;162
738;3106200999014;13994;3001
739;3106200999015;7582;930
740;3106200999016;1475;383
741;3106200999017;2923;933
742;3106200999018;25725;3484
743;3106200999019;1865;825
744;3106200999020;5751;928
745;3106200999021;5689;2122
746;3106200999022;25817;5301
747;3106200999023;42565;3782
748;3106200999024;31310;5192
749;3106200999025;7043;2157
750;3106200999026;9552;2492
751;3106200999027;605;231
752;3106200999028;2358;607
753;3106200999029;38104;3362
754;3106200999030;29451;3977
755;3106200999031;2525;845
756;3106200999032;2179;373
757;3106200999033;25984;1857
758;3106200999034;5150;1551
759;3106200999035;1956;782
760;3106200999036;2502;397
761;3106200999037;9812;1467
762;3106200999038;24653;4819
763;3106200999039;14305;1696
764;3106200999040;5303;1446
765;3106200999041;5466;1297
766;3106200999042;3713;983
767;3106200999043;4107;1128
768;3106200999044;15801;1969
769;3106200999045;8260;1841
770;3106200999046;1098;326
771;3106200999047;18188;2856
772;3106200999048;13853;2129
773;3106200999049;42902;4108
774;3106200999050;19514;3473
775;3106200999051;4690;1010
776;3106200999052;11760;2235
777;3106200999053;4755;1028
778;3106200999054;138521;17379
779;3106200999055;26402;2925
780;3106200999056;2709;271
781;3106200999057;8207;1468
782;3106200999058;6989;1609
783;3106705001001;1026;221
784;3106705001002;1082;346
785;3106705001003;2179;326
786;3106705001004;1619;575
787;3106705001005;6036;774
788;3106705001006;6933;725
789;3106705001007;7681;248
790;3106705001008;761;279
791;3106705001009;18761;3323
792;3106705001010;3207;550
793;3106705001011;4366;939
794;3106705001012;39291;718
795;3106705001013;16421;1470
796;3109006001001;7267;1318
797;3110004001001;3885;1580
798;3112505001001;1261;400
799;3115904001001;145;138
800;3117876001001;4538;320
801;3118601001001;11152;986
802;3118601001002;2071;621
803;3118601001003;5567;1029
804;3118601001004;17023;1109
805;3118601001005;4482;822
806;3118601001006;1500;515
807;3118601001007;6255;941
808;3118601001008;2772;628
809;3118601001009;2673;423
810;3118601001010;1635;501
811;3118601001011;3064;203
812;3118601001012;8509;1517
813;3118601001013;2412;680
814;3118601001014;9858;943
815;3118601001015;1142;379
816;3118601001016;10897;566
817;3118601001017;13896;1234
818;3118601002001;8834;1089
819;3118601002002;4198;955
820;3118601002003;3550;669
821;3118601002004;4549;963
822;3118601002005;5153;991
823;3118601002006;10881;946
824;3118601002007;3383;854
825;3118601002008;7285;1011
826;3118601002009;5021;1181
827;3118601002010;3896;540
828;3118601002011;26760;1574
829;3119401501001;10840;2736
830;3119401502001;4432;1612
831;3124104001001;4858;1862
832;3129806501001;10976;1862
833;3129806502001;1247;663
834;3130101001001;5229;1107
835;3131158001001;942;396
836;3131307001001;11441;3024
837;3131307001002;8199;1038
838;3131307001003;3399;814
839;3131307001004;7496;1207
840;3131307001005;26451;1749
841;3131307001006;671;291
842;3131307002001;1393;428
843;3131307002002;4938;1207
844;3131307002003;695;384
845;3131307002004;4263;1179
846;3136652001001;5464;673
847;3136702001001;12368;3083
848;3136702001002;6144;1211
849;3136702001003;1740;556
850;3136702001004;1209;446
851;3136702001005;635;355
852;3136702001006;523;338
853;3136702001007;4071;1286
854;3136702001008;16227;3249
855;3136702001009;14354;2608
856;3136702001010;634;343
857;3136702001011;30195;5567
858;3136702001012;2491;482
859;3136702001013;2040;760
860;3136702001014;1463;590
861;3136702001015;7075;1058
862;3136702001016;5698;1031
863;3136702001017;4276;1360
864;3136702001018;6243;1398
865;3136702001019;1839;504
866;3136702001020;596;309
867;3136702001021;8767;975
868;3136702001022;1313;327
869;3136702001023;2997;958
870;3136702001024;6569;852
871;3137601001001;10251;2216
872;3140159001001;865;214
873;3140704001001;7040;1158
874;3140803001001;6673;820
875;3141108001001;9516;1568
876;3144805001001;47168;4584
877;3149309001001;15119;2415
878;3153608001001;820;332
879;3153905001001;415;385
880;3154606001001;2897;771
881;3154606001002;2804;456
882;3154606001003;5319;799
883;3154606001004;889;371
884;3154606002001;1459;388
885;3154606002002;419;191
886;3154606002003;671;277
887;3154606002004;645;225
888;3154606002005;3991;588
889;3154606002006;377;210
890;3154804001001;1125;1808
891;3156700501001;8614;1300
892;3156700502001;4131;1228
893;3157807001001;4761;1158
894;3157807001002;4979;778
895;3157807001003;2898;198
896;3157807002001;843;417
897;3157807002002;4479;1008
898;3157807002003;130;143
899;3157807002004;2455;291
900;3157807002005;890;244
901;3158953001001;3849;672
902;3162922001001;5230;515
903;3162955001001;3695;578
904;3165537001001;5230;815
905;3167202001001;2600;602
906;3167202001002;20752;4040
907;3167202001003;4223;591
908;3167202001004;5883;523
909;3167202001005;1735;701
910;3167202001006;11257;1936
911;3167202001007;1308;581
912;3167202001008;7751;1030
913;3168705001001;17014;3465
914;3170206001001;1486;580
915;3170206001002;660;232
916;3170206001003;4011;1123
917;3170206001004;6411;756
918;3170206001005;3387;997
919;3170206001006;3316;1398
920;3170206001007;13265;2558
921;3170206001008;1683;554
922;3170206001009;13892;3056
923;3170206001010;18884;1817
924;3170206001011;28627;5803
925;3170206001012;9538;2440
926;3170206001013;17033;3615
927;3170206001014;6588;841
928;3170206001015;5204;1418
929;3170206001016;3001;865
930;3170206001017;594;438
931;3170206001018;1813;765
932;3170206001019;910;394
933;3170206001020;3936;924
934;3170206001021;1709;648
935;3170206001022;1188;428
936;3170206001023;13128;1304
937;3170206001024;4758;1223
938;3170206001025;638;378
939;3170206001026;5571;640
940;3170206001027;8494;1047
941;3171204001001;14370;2064
942;3201308001001;638;189
943;3201308001002;110;60
944;3201308001003;10854;1128
945;3201308001004;2688;554
946;3201308001005;390;159
947;3201308002001;3392;610
948;3201308002002;2326;535
949;3201308002003;3402;666
950;3201308002004;1415;366
951;3201308002005;1063;338
952;3201308002006;1777;424
953;3201308002007;2315;726
954;3201308002008;2586;505
955;3201308002009;8163;1764
956;3201308002010;8734;1137
957;3202405001001;7325;1900
958;3202405001002;3612;1301
959;3202405001003;3401;1204
960;3202405001004;4888;1420
961;3202405001005;449;144
962;3205002999001;2023;659
963;3205002999002;6226;1241
964;3205002999003;6408;892
965;3205002999004;1549;621
966;3205002999005;1514;376
967;3205002999006;926;250
968;3205002999007;3074;637
969;3205002999008;5323;1203
970;3205002999009;6708;1512
971;3205002999010;46691;3480
972;3205002999011;27636;2143
973;3205002999012;7030;1032
974;3205101001001;10728;1544
975;3205200999001;10734;1936
976;3205200999002;4621;867
977;3205200999003;1846;303
978;3205200999004;12174;3041
979;3205200999005;11985;2660
980;3205200999006;1117;302
981;3205200999007;6160;1113
982;3205200999008;3482;1003
983;3205200999009;2306;680
984;3205200999010;6366;1028
985;3205200999011;2540;436
986;3205200999012;5122;463
987;3205200999013;1988;313
988;3205200999014;1346;340
989;3205200999015;8649;1324
990;3205200999016;6658;910
991;3205200999017;2662;453
992;3205200999018;1935;497
993;3205200999019;7297;1043
994;3205309999001;24598;4139
995;3205309999002;8049;742
996;3205309999003;24075;3522
997;3205309999004;8229;1533
998;3205309999005;47999;8784
999;3205309999006;46579;6279
1000;3205309999007;4325;368
1001;3205309999008;5955;430
1002;3300308001005;14576;2843
1003;3300308001099;1012;220
1004;3300407001001;718;387
1005;3300407001002;3243;928
1006;3300407001003;2899;399
1007;3300407001004;3394;473
1008;3300407001005;1003;201
1009;3300407001006;11267;2277
1010;3300407001007;7446;1063
1011;3300407001008;1551;590
1012;3300456999001;7458;1025
1013;3300456999002;999;303
1014;3300456999003;2397;567
1015;3300456999004;445;293
1016;3300456999005;325;169
1017;3300456999006;169;160
1018;3300456999007;360;165
1019;3300456999008;162;151
1020;3300456999009;3237;419
1021;3300456999010;289;151
1022;3300456999011;605;254
1023;3300456999012;379;187
1024;3300456999013;665;335
1025;3300456999014;167;102
1026;3300456999015;2010;498
1027;3300456999016;235;171
1028;3300456999017;577;154
1029;3300456999018;334;189
1030;3300456999019;673;183
1031;3300456999020;867;240
1032;3301009999001;13;3
1033;3301009999004;1;1
1034;3301009999006;4113;797
1035;3301009999007;4799;213
1036;3301009999008;1640;271
1037;3301009999009;4178;722
1038;3301009999010;8212;1596
1039;3301009999011;30188;5591
1040;3301009999012;2231;244
1041;3301009999013;3945;674
1042;3301009999014;3190;834
1043;3301009999015;1533;522
1044;3301009999016;1769;427
1045;3301009999017;4037;517
1046;3301009999018;3091;376
1047;3301009999019;1816;296
1048;3301009999020;2562;366
1049;3301009999021;330;134
1050;3301009999022;1217;429
1051;3301702999001;23253;1530
1052;3301702999002;1435;261
1053;3301702999003;296;82
1054;3301702999004;26975;1203
1055;3301702999005;1913;504
1056;3301702999006;1649;291
1057;3301702999007;5760;858
1058;3301702999008;11665;1955
1059;3301702999009;7112;289
1060;3301702999010;988;201
1061;3301702999011;3440;532
1062;3301702999012;429;182
1063;3301702999013;1920;91
1064;3301702999014;264;136
1065;3301702999015;334;178
1066;3301702999016;207;149
1067;3301702999017;558;153
1068;3301702999018;1106;231
1069;3301702999019;858;202
1070;3301702999020;332;166
1071;3301702999021;603;244
1072;3301702999022;1568;373
1073;3301702999023;590;232
1074;3301702999024;4376;386
1075;3301702999025;1407;414
1076;3301702999026;1365;154
1077;3301702999027;406;157
1078;3301702999028;853;256
1079;3301702999029;5637;817
1080;3301702999030;3945;328
1081;3301702999031;1450;294
1082;3301702999032;712;226
1083;3301702999033;1080;226
1084;3301702999034;1240;219
1085;3301702999035;4865;603
1086;3301702999036;1973;287
1087;3301702999037;1201;136
1088;3301702999038;6945;456
1089;3301702999039;3329;479
1090;3301702999040;1537;276
1091;3301702999041;209;121
1092;3301702999042;792;256
1093;3301702999043;1112;325
1094;3301702999044;412;177
1095;3301702999045;3183;243
1096;3301702999046;148;93
1097;3301702999047;449;131
1098;3301702999048;11563;483
1099;3301702999049;473;216
1100;3301702999050;2220;453
1101;3301850001001;3491;1711
1102;3301900001001;2430;558
1103;3301900001002;730;118
1104;3301900001003;25462;1937
1105;3301900001004;4618;341
1106;3301900001005;2253;200
1107;3301900001006;2156;330
1108;3301900001007;2013;397
1109;3301900001008;205;86
1110;3301900001009;462;119
1111;3302007001001;12444;385
1112;3302007001002;2887;560
1113;3302007001003;9150;1333
1114;3302007001004;4762;686
1115;3302270001001;1328;217
1116;3302270001002;270;121
1117;3302270001003;841;335
1118;3302270001004;517;164
1119;3302502001001;1679;326
1120;3302502001002;7885;1969
1121;3302502001003;883;233
1122;3302502001004;6710;1409
1123;3302502001005;587;222
1124;3302502001006;1475;322
1125;3302502001007;188;42
1126;3302502001008;362;130
1127;3302502001009;295;114
1128;3302502001010;231;103
1129;3302502001011;597;283
1130;3302601001001;7808;947
1131;3302700001001;3106;729
1132;3302700001002;2563;1011
1133;3302700001003;777;397
1134;3302700001004;3178;759
1135;3302700001005;432;212
1136;3303203001001;1236;326
1137;3303203001002;3642;447
1138;3303203001003;7592;1306
1139;3303203001004;1314;371
1140;3303203001005;520;224
1141;3303203002001;1285;327
1142;3303203002002;368;194
1143;3303203002003;504;190
1144;3303302999001;6806;1275
1145;3303302999002;4000;841
1146;3303302999003;4010;658
1147;3303302999004;1811;317
1148;3303302999005;3350;709
1149;3303302999006;2683;590
1150;3303302999007;17706;3321
1151;3303302999008;6541;1166
1152;3303302999009;3671;466
1153;3303302999010;7316;1272
1154;3303302999011;343;127
1155;3303302999012;1995;407
1156;3303302999013;2929;389
1157;3303302999014;6246;1131
1158;3303302999015;1297;257
1159;3303302999016;3960;467
1160;3303302999017;62664;7341
1161;3303302999018;5066;827
1162;3303302999019;18832;1375
1163;3303500999001;3395;416
1164;3303500999002;4385;576
1165;3303500999003;2262;279
1166;3303500999004;1229;214
1167;3303500999005;5461;414
1168;3303500999006;782;155
1169;3303500999007;23569;4088
1170;3303500999008;1752;392
1171;3303500999009;3448;475
1172;3303500999010;6774;624
1173;3303500999011;1044;201
1174;3303500999012;822;247
1175;3303500999013;531;131
1176;3303500999014;1083;205
1177;3303500999015;721;182
1178;3303500999016;1849;235
1179;3303500999017;1311;142
1180;3303500999018;1122;249
1181;3303500999019;758;258
1182;3303500999020;356;177
1183;3303500999021;3436;714
1184;3303500999022;746;243
1185;3303500999023;8651;858
1186;3303500999024;1676;330
1187;3303500999025;243;141
1188;3303500999026;1190;161
1189;3303500999027;1053;308
1190;3303500999028;673;201
1191;3303500999029;707;214
1192;3303500999030;237;148
1193;3303500999031;1612;336
1194;3303500999032;270;110
1195;3303500999033;379;100
1196;3303500999034;865;230
1197;3303500999035;1081;305
1198;3303500999036;71;48
1199;3303500999037;195;84
1200;3303500999038;271;141
1201;3303500999039;386;150
1202;3303500999040;864;172
1203;3303500999041;1383;261
1204;3303500999042;367;183
1205;3303500999043;1031;280
1206;3303500999044;3888;336
1207;3303609001001;3729;1205
1208;3303906001001;1440;418
1209;3303906001002;3886;783
1210;3303906001003;4638;1031
1211;3303906001004;5484;739
1212;3303906001005;3275;502
1213;3303906001006;8564;1240
1214;3303906001007;631;265
1215;3303906001008;14238;2990
1216;3303906001009;1342;345
1217;3303906002001;3594;751
1218;3303906002002;2325;491
1219;3303906002003;3579;1238
1220;3303906501001;5017;1272
1221;3303906502001;7949;1426
1222;3303906503001;601;152
1223;3303955001001;2865;618
1224;3304003001001;4383;731
1225;3304144501001;3619;585
1226;3304144502001;17306;787
1227;3304144503001;3089;466
1228;3304557999001;1614;373
1229;3304557999002;9757;381
1230;3304557999003;3785;597
1231;3304557999004;1941;565
1232;3304557999005;8554;1303
1233;3304557999006;7801;892
1234;3304557999007;10388;1246
1235;3304557999008;2213;525
1236;3304557999009;1844;423
1237;3304557999010;1765;487
1238;3304557999011;4974;663
1239;3304557999012;8707;1379
1240;3304557999013;156425;20091
1241;3304557999014;2399;177
1242;3304557999015;17208;1482
1243;3304557999016;3355;788
1244;3304557999017;46209;2415
1245;3304557999018;28372;2951
1246;3304557999019;41882;3246
1247;3304557999020;14309;1772
1248;3304557999021;7838;924
1249;3304557999022;6555;1575
1250;3304557999023;5198;1278
1251;3304557999024;9311;408
1252;3304557999025;8753;1040
1253;3304557999026;6668;1318
1254;3304557999027;8095;1209
1255;3304557999028;9270;2204
1256;3304557999029;1147;224
1257;3304557999030;2242;585
1258;3304557999031;350154;37685
1259;3304557999032;55170;5808
1260;3304557999033;1420;400
1261;3304557999034;1908;603
1262;3304557999035;2841;429
1263;3304557999036;3101;281
1264;3304557999037;10090;902
1265;3304557999038;12747;2471
1266;3304557999039;5506;1532
1267;3304557999040;9982;2804
1268;3304557999041;13405;3126
1269;3304557999042;11719;2474
1270;3304557999043;8119;758
1271;3304557999044;9849;750
1272;3304557999045;7850;895
1273;3304557999046;16028;1142
1274;3304557999047;6220;1056
1275;3304557999048;1912;525
1276;3304557999049;3699;761
1277;3304557999050;1318;486
1278;3304557999051;4250;746
1279;3304557999052;20586;2856
1280;3304557999053;2582;602
1281;3304557999054;2281;385
1282;3304557999055;5014;790
1283;3304557999056;6689;750
1284;3304557999057;8940;964
1285;3304557999058;2804;357
1286;3304557999059;17636;1859
1287;3304557999060;10031;1162
1288;3304557999061;13007;1888
1289;3304557999062;671;346
1290;3304557999063;24791;3234
1291;3304557999064;22520;1590
1292;3304557999065;2060;426
1293;3304557999066;20759;849
1294;3304557999067;7760;1179
1295;3304557999068;6391;1027
1296;3304557999069;13169;1687
1297;3304557999070;10872;1820
1298;3304557999071;4309;789
1299;3304557999072;582;180
1300;3304557999073;6947;1219
1301;3304557999074;191;59
1302;3304557999075;8814;1071
1303;3304557999076;5043;493
1304;3304557999077;17970;4499
1305;3304557999078;9717;2226
1306;3304557999079;15032;1173
1307;3304557999080;4878;1008
1308;3304557999081;4696;1109
1309;3304557999082;3967;800
1310;3304557999083;33727;2453
1311;3304557999084;1656;325
1312;3304557999085;18457;1279
1313;3304557999086;4313;797
1314;3304557999087;12104;2050
1315;3304557999088;1184;415
1316;3304557999089;3072;1383
1317;3304557999090;5383;1462
1318;3304557999091;11268;2234
1319;3304557999092;24657;5549
1320;3304557999093;2968;693
1321;3304557999094;1952;776
1322;3304557999095;26815;3907
1323;3304557999096;4072;468
1324;3304557999097;22318;335
1325;3304557999098;2660;405
1326;3304557999099;17561;1362
1327;3304557999100;3909;834
1328;3304557999101;12124;1191
1329;3304557999102;1243;121
1330;3304557999103;7622;831
1331;3304557999104;7922;164
1332;3304557999105;2212;276
1333;3304557999106;3783;786
1334;3304557999107;18539;4024
1335;3304557999108;16911;1974
1336;3304557999109;6620;756
1337;3304557999110;7945;1089
1338;3304557999111;8760;1042
1339;3304557999112;5341;498
1340;3304557999113;1173;373
1341;3304557999114;22187;1423
1342;3304557999115;5126;944
1343;3304557999116;12679;1519
1344;3304557999117;4459;1137
1345;3304557999118;6212;1130
1346;3304557999119;21679;1947
1347;3304557999120;6469;1008
1348;3304557999121;3576;734
1349;3304557999122;4918;1376
1350;3304557999123;3567;781
1351;3304557999124;21216;1953
1352;3304557999125;4812;502
1353;3304557999126;2347;569
1354;3304557999127;633;153
1355;3304557999128;584;224
1356;3304557999129;1214;354
1357;3304557999130;3508;418
1358;3304557999131;727;236
1359;3304557999132;29900;6246
1360;3304557999133;3511;501
1361;3304557999134;2709;483
1362;3304557999135;1284;420
1363;3304557999136;27797;1616
1364;3304557999137;4488;1106
1365;3304557999138;1053;89
1366;3304557999139;5611;1361
1367;3304557999140;4471;487
1368;3304557999141;37922;1923
1369;3304557999142;1807;303
1370;3304557999143;6499;905
1371;3304557999144;1033;221
1372;3304557999145;3914;481
1373;3304557999146;5342;961
1374;3304557999147;5934;899
1375;3304557999148;6409;1126
1376;3304557999149;847;205
1377;3304557999150;5860;1327
1378;3304557999151;11091;372
1379;3304557999152;6238;700
1380;3304557999153;52649;3235
1381;3304557999154;7855;1013
1382;3304557999155;39406;4409
1383;3304557999156;2387;529
1384;3304557999157;12226;2324
1385;3304557999158;44204;3131
1386;3304557999159;22994;4149
1387;3304557999160;5396;1321
1388;3304557999161;3613;839
1389;3304557999162;1429;261
1390;3304557999163;1301;235
1391;3304557999164;2524;463
1392;3304557999165;6556;1275
1393;3304557999166;11100;757
1394;3304557999167;15174;3197
1395;3304557999168;1549;358
1396;3304557999169;5027;1113
1397;3304557999170;879;290
1398;3304904001001;964;348
1399;3304904001002;701;190
1400;3304904001003;905;311
1401;3304904001004;2627;110
1402;3304904001005;1727;353
1403;3304904001006;928;205
1404;3304904001007;1343;210
1405;3304904001008;9384;1279
1406;3304904001009;876;184
1407;3304904001010;10641;1745
1408;3304904001011;2803;287
1409;3304904001012;84;65
1410;3304904001013;4617;641
1411;3304904001014;6759;496
1412;3304904001015;6973;1142
1413;3304904001016;972;192
1414;3304904001017;431;92
1415;3304904001018;1189;156
1416;3304904002001;659;214
1417;3304904002002;2270;400
1418;3304904002003;1713;336
1419;3304904002004;385;141
1420;3304904002005;1141;192
1421;3304904002006;1938;289
1422;3304904002007;336;108
1423;3304904002008;2921;515
1424;3304904003001;1618;266
1425;3304904003002;755;279
1426;3304904003003;3460;499
1427;3304904003004;1862;390
1428;3304904003005;1753;208
1429;3304904003006;74;29
1430;3304904003007;3392;274
1431;3304904003008;557;204
1432;3304904003009;435;183
1433;3304904004001;3476;603
1434;3304904004002;2683;429
1435;3304904004003;1028;319
1436;3304904004004;3768;698
1437;3304904004005;2187;357
1438;3304904004006;747;133
1439;3304904004007;1240;349
1440;3304904004008;856;192
1441;3304904005001;1497;280
1442;3304904005002;1236;342
1443;3304904005003;195;91
1444;3304904005004;1011;362
1445;3305109999001;2344;279
1446;3305109999002;603;133
1447;3305109999003;1465;373
1448;3305109999004;331;112
1449;3305109999005;2524;569
1450;3305109999006;1804;429
1451;3305109999007;683;195
1452;3305109999008;3988;1027
1453;3305109999009;4895;309
1454;3305109999010;19679;2491
1455;3305109999011;7581;1206
1456;3305109999012;5675;878
1457;3305554001001;5959;944
1458;3305554001002;1095;143
1459;3306305999001;5244;562
1460;3306305999002;1043;342
1461;3306305999003;1285;358
1462;3306305999004;3377;296
1463;3306305999005;34378;3052
1464;3306305999006;905;334
1465;3306305999007;5211;709
1466;3306305999008;901;196
1467;3306305999009;2925;629
1468;3306305999010;4355;1138
1469;3306305999011;12000;1986
1470;3306305999012;788;194
1471;3501152001001;6961;414
1472;3501608001001;9274;1880
1473;3501608001002;7541;1031
1474;3501608001003;11398;1929
1475;3501608001004;12691;1933
1476;3501608001005;6203;1586
1477;3501608001006;1034;480
1478;3501608001007;15340;3361
1479;3501608001008;3443;1119
1480;3501608001009;9216;955
1481;3502754001001;7333;989
1482;3502903001001;4962;1415
1483;3503901001001;20474;2863
1484;3504107001001;35498;8193
1485;3504107001002;3121;246
1486;3504602001001;2765;1155
1487;3505708001001;10367;1048
1488;3505708001002;5820;858
1489;3505708001003;42857;4655
1490;3505708001004;130970;7274
1491;3505708001005;13945;825
1492;3505708004001;1369;811
1493;3505708004002;2786;619
1494;3505708501001;6756;1113
1495;3505708502001;15355;1318
1496;3506359001001;10534;2410
1497;3507001001001;17370;2798
1498;3507100001001;3394;793
1499;3508405001001;14200;1813
1500;3508504001001;11406;1996
1501;3508504001002;6096;643
1502;3508504001003;3478;192
1503;3509007001001;21542;2638
1504;3509205001001;38805;2703
1505;3509502001001;1091;444
1506;3509502001002;5253;873
1507;3509502001003;2903;1165
1508;3509502001004;5517;860
1509;3509502001005;14628;1963
1510;3509502001006;10947;2012
1511;3509502001007;366;194
1512;3509502001008;4793;740
1513;3509502001009;2841;638
1514;3509502001010;8587;1816
1515;3509502001011;8841;2089
1516;3509502001012;3140;1129
1517;3509502001013;7288;1938
1518;3509502001014;4712;892
1519;3509502001015;4274;535
1520;3509502001016;822;249
1521;3509502001017;375;295
1522;3509502001018;11996;2692
1523;3509502001019;9700;1954
1524;3509502001020;1215;662
1525;3509502001021;637;477
1526;3509502001022;4901;1186
1527;3509502001023;14861;3336
1528;3509502001024;20396;3928
1529;3509502001025;3889;697
1530;3509502001026;752;531
1531;3509502001027;325;305
1532;3509502001028;6797;1532
1533;3509502001029;5404;818
1534;3509502001030;12208;2380
1535;3509502001031;11775;646
1536;3509502001032;4864;545
1537;3509502001033;2704;337
1538;3509502001034;8025;1779
1539;3509502001035;8786;1406
1540;3509502001036;11196;1951
1541;3509502001037;9510;2103
1542;3509502001038;13037;1602
1543;3509502001039;27366;2351
1544;3509502001040;11228;2381
1545;3509502001041;1470;682
1546;3509502001042;2523;1019
1547;3509502001043;20651;4104
1548;3509502001044;23703;4051
1549;3509502001045;18681;1752
1550;3509502001046;1583;495
1551;3509502001047;10048;1249
1552;3509502001048;15467;981
1553;3509502001049;4432;1139
1554;3509601001001;11422;1941
1555;3510609001001;1438;548
1556;3510609001002;1961;438
1557;3510609001003;46;51
1558;3510609001004;600;167
1559;3510609001005;1077;400
1560;3510609001006;5122;789
1561;3510609001007;245;154
1562;3510609001008;1703;615
1563;3510609001009;1003;359
1564;3510609001010;2546;405
1565;3510609001011;20298;2480
1566;3510609003001;876;337
1567;3510609003002;768;320
1568;3510609003003;596;371
1569;3510609003004;551;392
1570;3510609501001;2468;731
1571;3511300001001;1978;790
1572;3512803001001;10293;3293
1573;3513009001001;21163;3585
1574;3513009001002;2427;866
1575;3513009001003;10287;910
1576;3513009001004;13661;1469
1577;3513009001005;24885;3102
1578;3513009501001;3085;853
1579;3513504001001;1441;144
1580;3513504001002;630;45
1581;3513504001003;5812;692
1582;3513504001004;946;408
1583;3513504001005;26922;1997
1584;3513801999001;1735;474
1585;3513801999002;9741;1512
1586;3513801999003;19712;2412
1587;3513801999004;13756;1015
1588;3513801999005;11466;976
1589;3513801999006;5895;495
1590;3513801999007;8497;718
1591;3513801999008;2436;352
1592;3513801999009;1529;579
1593;3513801999010;1434;489
1594;3513801999011;3689;551
1595;3513801999012;2300;219
1596;3513801999013;9344;378
1597;3513801999014;1303;313
1598;3513801999015;463;288
1599;3513801999016;1943;234
1600;3513801999017;8282;999
1601;3513801999018;1158;394
1602;3515004001001;430;262
1603;3515004001002;412;255
1604;3515004001003;226;168
1605;3515004001004;576;312
1606;3515004001005;1125;554
1607;3515004001006;581;267
1608;3515004001007;1005;423
1609;3515004001008;4832;354
1610;3515004001009;10900;1133
1611;3515004001010;7025;1332
1612;3515103001005;6523;1453
1613;3515103001099;420;182
1614;3515707001001;4150;306
1615;3515707001002;941;203
1616;3515707001003;217;136
1617;3515707001004;1906;288
1618;3515707001005;9210;1956
1619;3515707501001;591;239
1620;3515707502001;1030;163
1621;3516309001001;519;149
1622;3516309001002;206;168
1623;3516309001003;253;161
1624;3516309001004;3711;990
1625;3516309001005;485;202
1626;3516309001006;1390;361
1627;3516408001001;315;175
1628;3516408001002;977;214
1629;3516408001003;6366;1187
1630;3516408001004;2357;361
1631;3516408001005;2861;501
1632;3517505001001;2297;1190
1633;3518305001001;6452;1579
1634;3518701001001;4425;1053
1635;3518701001002;3236;546
1636;3518701001003;2425;505
1637;3518701001004;2806;531
1638;3518701001005;836;291
1639;3518701001006;4889;1652
1640;3518701001007;12229;2264
1641;3518701002001;764;370
1642;3518701002002;7595;623
1643;3518701002003;1694;384
1644;3518701002004;2998;729
1645;3518701002005;6321;796
1646;3518800999001;72443;9047
1647;3518800999002;5330;1170
1648;3518800999003;6488;710
1649;3518800999004;8203;337
1650;3518800999005;2595;756
1651;3518800999006;3160;1184
1652;3518800999007;1085;611
1653;3518800999008;577;400
1654;3518800999009;3496;473
1655;3518800999010;2896;805
1656;3518800999011;737;444
1657;3518800999012;2335;365
1658;3518800999013;1663;542
1659;3518800999014;1889;464
1660;3518800999015;1748;481
1661;3518800999016;2854;1109
1662;3518800999017;5674;1380
1663;3518800999018;1780;597
1664;3518800999019;6440;1193
1665;3518800999020;2122;665
1666;3518800999021;1421;545
1667;3518800999022;17217;1189
1668;3518800999023;17613;1318
1669;3518800999024;2086;674
1670;3518800999025;776;402
1671;3518800999026;1038;378
1672;3518800999027;345;255
1673;3518800999028;466;191
1674;3518800999029;2648;454
1675;3518800999030;7834;548
1676;3518800999031;1367;284
1677;3518800999032;928;381
1678;3518800999033;498;269
1679;3518800999034;13375;666
1680;3518800999035;14777;740
1681;3518800999036;799;245
1682;3518800999037;707;283
1683;3518800999038;334;185
1684;3518800999039;861;334
1685;3518800999040;6972;485
1686;3518800999041;7387;586
1687;3518800999042;1578;458
1688;3518800999043;1538;290
1689;3518800999044;2263;623
1690;3518800999045;1782;464
1691;3518800999046;6226;479
1692;3518800999047;7285;764
1693;3518800999048;4249;632
1694;3518800999049;19656;993
1695;3518800999050;22670;1477
1696;3518800999051;3232;409
1697;3518800999052;2855;503
1698;3518800999053;584;282
1699;3518800999054;2246;357
1700;3518800999055;1038;319
1701;3518800999056;507;198
1702;3518800999057;968;401
1703;3518800999058;2914;519
1704;3519071001001;6539;1209
1705;3519071001002;1631;727
1706;3519071001003;15808;1005
1707;3519071001004;1541;655
1708;3519071001005;262;209
1709;3519071001006;2044;258
1710;3519071001007;2883;874
1711;3519071001008;8996;1632
1712;3520509001001;3923;846
1713;3520509001002;874;414
1714;3520509001003;21393;4327
1715;3520509001004;3437;1008
1716;3520509001005;3973;930
1717;3520509001006;29054;3399
1718;3520509001007;2047;712
1719;3521002001001;6259;813
1720;3522109001001;4306;1407
1721;3522109001002;647;233
1722;3522109001003;3455;729
1723;3522109001004;1401;801
1724;3522208001001;5323;752
1725;3522208001002;5563;1026
1726;3522208001003;4950;806
1727;3522208001004;1305;348
1728;3522208001005;4903;455
1729;3522208001006;452;317
1730;3522505001001;820;182
1731;3522505001002;458;236
1732;3522505001003;24606;2551
1733;3522505001004;759;217
1734;3522505001005;465;208
1735;3522505001006;2427;374
1736;3522505001007;4006;404
1737;3523107001001;2725;449
1738;3523107001002;3395;324
1739;3523107001003;9140;1116
1740;3523107001004;877;354
1741;3523107001005;2196;252
1742;3523107001006;2339;435
1743;3523107001007;421;309
1744;3523107001008;1223;440
1745;3523107001009;2407;370
1746;3523107001010;924;373
1747;3523107001011;831;399
1748;3523107001012;11408;2158
1749;3523404001001;15323;3050
1750;3523404001002;4815;789
1751;3523404001003;17286;1912
1752;3523909001001;8990;1170
1753;3523909001002;7351;1181
1754;3523909001003;8488;1702
1755;3523909001004;2626;649
1756;3523909001005;16371;3743
1757;3523909001006;7287;640
1758;3523909001007;1001;482
1759;3524006001001;21329;2182
1760;3524402001001;714;326
1761;3524402001002;2545;652
1762;3524402001003;14108;3638
1763;3524402001004;11397;1529
1764;3524402001005;934;358
1765;3524402001006;4969;1065
1766;3524402001007;941;286
1767;3524402001008;5622;359
1768;3524402501001;4182;349
1769;3524709001001;28853;2757
1770;3525003001001;1730;255
1771;3525003001002;771;562
1772;3525003001003;8249;1833
1773;3525003001004;6940;562
1774;3525102001001;8537;2168
1775;3525904999001;713;551
1776;3525904999002;7165;1690
1777;3525904999003;3490;622
1778;3525904999004;2570;504
1779;3525904999005;7621;1869
1780;3525904999006;3007;292
1781;3525904999007;5266;876
1782;3525904999008;830;560
1783;3525904999009;2480;714
1784;3525904999010;2686;855
1785;3525904999011;29727;3899
1786;3525904999012;23418;2140
1787;3525904999013;16408;2094
1788;3525904999014;2964;742
1789;3525904999015;19025;1781
1790;3525904999016;1468;358
1791;3525904999017;35189;1369
1792;3525904999018;6243;1228
1793;3526209001001;5679;1563
1794;3527306001001;17445;1655
1795;3528403001001;9300;1616
1796;3528502001001;12438;3440
1797;3529401001001;848;214
1798;3529401001002;2533;584
1799;3529401001003;1049;361
1800;3529401001004;427;162
1801;3529401001005;21130;2723
1802;3529401001006;2244;844
1803;3529401001007;392;94
1804;3529401001008;746;451
1805;3529401001009;171;86
1806;3529401001010;1241;361
1807;3529401001011;1797;578
1808;3529401001012;520;160
1809;3529401001013;139;129
1810;3529401001014;1833;385
1811;3529401001015;3251;359
1812;3529401001016;22462;1430
1813;3530300001001;14347;3314
1814;3530607001001;719;455
1815;3530607001002;1491;429
1816;3530607001003;12691;1226
1817;3530607001004;1232;447
1818;3530607001005;627;242
1819;3530607001006;2168;604
1820;3530607001007;297;202
1821;3530607001008;19198;2980
1822;3530607001009;1991;435
1823;3530607001010;40564;6326
1824;3530607001011;3234;437
1825;3530607001012;351;70
1826;3530607001013;2627;667
1827;3530607001014;895;222
1828;3530607001015;7173;1006
1829;3531100001001;5617;1754
1830;3531803001001;10428;1857
1831;3532009001001;12106;896
1832;3532405001001;1998;679
1833;3533403001001;18587;2445
1834;3534401999001;1097;421
1835;3534401999002;1953;252
1836;3534401999003;497;406
1837;3534401999004;447;326
1838;3534401999005;1000;436
1839;3534401999006;311;281
1840;3534401999007;1229;599
1841;3534401999008;499;325
1842;3534401999009;941;327
1843;3534401999010;2144;596
1844;3534401999011;6847;767
1845;3534401999012;13276;767
1846;3534401999013;5275;1307
1847;3534401999014;34623;5104
1848;3534401999015;431;248
1849;3534401999016;1222;367
1850;3534401999017;843;398
1851;3534401999018;1733;307
1852;3534401999019;730;371
1853;3534401999020;938;499
1854;3534401999021;2343;1018
1855;3534401999022;1861;618
1856;3534401999023;11353;1173
1857;3534401999024;1451;363
1858;3534401999025;38996;4541
1859;3534401999026;2383;740
1860;3534401999027;4720;846
1861;3534401999028;7489;495
1862;3534401999029;396;359
1863;3534401999030;12082;482
1864;3534401999031;283;172
1865;3534401999032;161;170
1866;3536505001001;43858;4458
1867;3537107001001;12354;2594
1868;3538006001001;8563;2449
1869;3538006001002;5967;889
1870;3538006001003;10064;1860
1871;3538006501001;8082;766
1872;3538600001001;4140;1413
1873;3539103001001;2708;1564
1874;3539806001001;13004;2947
1875;3539806001002;1050;822
1876;3539806001003;8754;1395
1877;3539806001004;14257;5599
1878;3540606001001;11157;2733
1879;3541000001001;511;351
1880;3541000001002;1353;426
1881;3541000001003;1346;508
1882;3541000001004;4569;748
1883;3541000001005;8996;2404
1884;3541000001006;6168;2005
1885;3541000001007;8684;2450
1886;3541000002001;2532;1262
1887;3541000002002;763;421
1888;3543303001005;19410;3997
1889;3543303001099;2029;566
1890;3543402999001;18725;1831
1891;3543402999002;4785;1129
1892;3543402999003;6760;1882
1893;3543402999004;1002;396
1894;3543402999005;8159;1432
1895;3543402999006;9243;2052
1896;3543402999007;28215;5406
1897;3543402999008;23417;2603
1898;3543402999009;5343;1431
1899;3543402999010;3683;1125
1900;3543402999011;9323;1773
1901;3543402999012;2705;940
1902;3543402999013;1713;835
1903;3543402999014;907;677
1904;3543402999015;8503;2417
1905;3543402999016;1469;824
1906;3543402999017;34933;6574
1907;3543402999018;1479;736
1908;3543402999019;5351;1631
1909;3543402999020;3963;1139
1910;3543402999021;8386;2199
1911;3543402999022;1121;494
1912;3543402999023;1175;406
1913;3543402999024;1773;573
1914;3543402999025;14054;2679
1915;3543402999026;3914;896
1916;3544103001001;3066;933
1917;3545209001001;6417;943
1918;3545209001002;4146;624
1919;3545209001003;6560;1521
1920;3545209001004;7361;1294
1921;3545209001005;5318;891
1922;3545308001001;4951;1172
1923;3545803001001;19391;2221
1924;3545803001002;1475;609
1925;3545803001003;1001;501
1926;3545803001004;2036;678
1927;3545803001005;507;260
1928;3545803001006;767;445
1929;3545803001007;19864;2615
1930;3546801001001;10711;2076
1931;3547304001001;57273;19460
1932;3547809999001;8296;1038
1933;3547809999002;589;467
1934;3547809999003;1046;479
1935;3547809999004;1463;578
1936;3547809999005;2072;571
1937;3547809999006;1641;440
1938;3547809999007;3725;823
1939;3547809999008;1945;562
1940;3547809999009;3332;964
1941;3547809999010;3404;1006
1942;3547809999011;7224;1185
1943;3547809999012;760;309
1944;3547809999013;462;177
1945;3547809999014;835;337
1946;3547809999015;22730;1263
1947;3547809999016;9011;496
1948;3547809999017;20521;2838
1949;3547809999018;3034;610
1950;3547809999019;2368;845
1951;3547809999020;8168;1938
1952;3547809999021;41078;4553
1953;3547809999022;17295;2690
1954;3547809999023;6486;1213
1955;3547809999024;4657;991
1956;3547809999025;7629;1154
1957;3547809999026;2502;553
1958;3547809999027;3446;552
1959;3547809999028;326;224
1960;3547809999029;991;405
1961;3547809999030;1326;665
1962;3547809999031;1411;575
1963;3547809999032;381;278
1964;3547809999033;495;358
1965;3547809999034;386;333
1966;3547809999035;508;256
1967;3547809999036;697;288
1968;3547809999037;158;179
1969;3547809999038;105;63
1970;3547809999039;1168;484
1971;3547809999040;558;167
1972;3547809999041;1095;243
1973;3547809999042;404;144
1974;3547809999043;630;259
1975;3548500999001;20346;2490
1976;3548500999002;13916;1807
1977;3548500999003;1941;609
1978;3548500999004;538;246
1979;3548500999005;17057;2050
1980;3548500999006;5334;1507
1981;3548500999007;1478;596
1982;3548500999008;45131;5761
1983;3548500999009;330;116
1984;3548500999010;2068;288
1985;3548500999011;9512;472
1986;3548500999012;911;303
1987;3548500999013;2499;485
1988;3548500999014;18592;3563
1989;3548500999015;5691;1661
1990;3548500999016;6417;1893
1991;3548500999017;3070;799
1992;3548500999018;1649;615
1993;3548500999019;208;128
1994;3548500999020;1024;510
1995;3548500999021;5339;1222
1996;3548500999022;1651;335
1997;3548500999023;2951;685
1998;3548500999024;1021;473
1999;3548500999025;1800;987
2000;3548500999026;1368;566
2001;3548500999027;3053;965
2002;3548708999001;11708;502
2003;3548708999002;658;347
2004;3548708999003;2141;361
2005;3548708999004;1102;342
2006;3548708999005;2867;646
2007;3548708999006;3568;471
2008;3548708999007;14765;1628
2009;3548708999008;2311;610
2010;3548708999009;1445;321
2011;3548708999010;4298;798
2012;3548708999011;41191;4579
2013;3548708999012;4193;933
2014;3548708999013;22309;3696
2015;3548708999014;16108;2279
2016;3548708999015;11377;2203
2017;3548708999016;425;205
2018;3548708999017;1659;557
2019;3548708999018;3805;1034
2020;3548708999019;12941;1406
2021;3548708999020;1238;675
2022;3548708999021;8781;806
2023;3548708999022;1861;814
2024;3548708999023;1969;528
2025;3548708999024;8751;1295
2026;3548708999025;4922;970
2027;3548708999026;10232;1636
2028;3548708999027;26001;1435
2029;3548708999028;15965;1417
2030;3548708999029;7843;875
2031;3548708999030;7410;1317
2032;3548708999031;419;204
2033;3548708999032;1317;78
2034;3548708999033;515;169
2035;3548708999034;2526;185
2036;3548708999035;71;25
2037;3548708999036;4718;405
2038;3548708999037;2445;437
2039;3548807001001;11254;1385
2040;3548807001002;2558;994
2041;3548807001003;11060;1844
2042;3548807001004;52596;3873
2043;3548807001005;8103;1147
2044;3548807001006;5376;1570
2045;3548807001007;28019;3258
2046;3549805001001;3878;1564
2047;3549805001002;6366;1855
2048;3549805001003;304;341
2049;3549805001004;1133;692
2050;3549805001005;6059;1150
2051;3549805001006;7664;2579
2052;3549805001007;1344;760
2053;3549805001008;1525;1051
2054;3549805001009;1133;640
2055;3549805001010;18053;2657
2056;3549805001011;5449;1359
2057;3549805001012;5228;965
2058;3549805001013;2957;996
2059;3549805001014;3517;1273
2060;3549805001015;4781;1179
2061;3549805001016;1915;658
2062;3549805001017;14412;3002
2063;3549805001018;12163;3090
2064;3549805001019;22783;3999
2065;3549805001020;5743;1026
2066;3549805501001;5192;902
2067;3549904001001;11334;959
2068;3549904001002;504;256
2069;3549904001003;1787;408
2070;3549904001004;13824;666
2071;3549904001005;1160;547
2072;3549904001006;22255;1185
2073;3549904001007;3143;866
2074;3549904001008;16150;3071
2075;3549904001009;1666;530
2076;3549904001010;8496;1718
2077;3549904001011;2103;1069
2078;3549904001012;2554;422
2079;3549904001013;1086;266
2080;3549904001014;506;179
2081;3549904001015;8694;985
2082;3549904001016;3496;1123
2083;3549904001017;15527;2809
2084;3549904001018;2900;988
2085;3549904001019;8999;1135
2086;3549904001020;19408;1691
2087;3549904001021;1318;379
2088;3549904001022;14046;2685
2089;3549904001023;10943;2326
2090;3549904001024;3683;1024
2091;3549904001025;15503;2816
2092;3549904001026;1152;317
2093;3549953001001;6009;1107
2094;3550308999001;391574;63479
2095;3550308999002;19562;3379
2096;3550308999003;86696;8432
2097;3550308999004;24961;6685
2098;3550308999005;42757;5333
2099;3550308999006;42385;3068
2100;3550308999007;55378;10263
2101;3550308999008;39011;3986
2102;3550308999009;3273;1346
2103;3550308999010;6144;1832
2104;3550308999011;11104;1068
2105;3550308999012;24551;2319
2106;3550308999013;13566;1414
2107;3550308999014;16768;1496
2108;3550308999015;35820;3989
2109;3550308999016;49704;5729
2110;3550308999017;9758;2220
2111;3550308999018;22172;2869
2112;3550308999019;48574;4763
2113;3550308999020;23857;3674
2114;3550308999021;28565;2245
2115;3550308999022;7775;1704
2116;3550308999023;24068;4161
2117;3550308999024;31876;3758
2118;3550308999025;17325;2114
2119;3550308999026;20877;2822
2120;3550308999027;11124;2557
2121;3550308999028;31401;4230
2122;3550308999029;21010;2956
2123;3550308999030;20504;4089
2124;3550308999031;9291;2107
2125;3550308999032;11391;3365
2126;3550308999033;26818;3448
2127;3550308999034;46846;5342
2128;3550308999035;39039;8483
2129;3550308999036;34020;4803
2130;3550308999037;30947;5388
2131;3550308999038;20506;3007
2132;3550308999039;34712;4554
2133;3550308999040;6434;2406
2134;3550308999041;11208;1913
2135;3550308999042;26461;3091
2136;3550308999043;10494;3087
2137;3550308999044;91380;4849
2138;3550308999045;12184;2275
2139;3550308999046;7219;1451
2140;3550308999047;35631;3989
2141;3550308999048;36595;3408
2142;3550308999049;6804;2192
2143;3550308999050;18716;2990
2144;3550308999051;5115;1656
2145;3550308999052;4850;1568
2146;3550308999053;7873;719
2147;3550308999054;15347;1587
2148;3550308999055;9558;2168
2149;3550308999056;12553;2279
2150;3550308999057;21366;4946
2151;3550308999058;16496;4122
2152;3550308999059;6734;1986
2153;3550308999060;4554;1667
2154;3550308999061;3824;1384
2155;3550308999062;31855;3418
2156;3550308999063;4999;1491
2157;3550308999064;4818;1183
2158;3550308999065;8913;1853
2159;3550308999066;9539;1683
2160;3550308999067;12095;3430
2161;3550308999068;8877;1609
2162;3550308999069;6161;1930
2163;3550308999070;6795;1379
2164;3550308999071;6163;2060
2165;3550308999072;6909;1982
2166;3550308999073;40368;4166
2167;3550308999074;16732;3724
2168;3550308999075;8957;2059
2169;3550308999076;14832;2131
2170;3550308999077;34269;4241
2171;3550308999078;88271;12845
2172;3550308999079;17149;2071
2173;3550308999080;25005;5530
2174;3550308999081;90216;13495
2175;3550308999082;12814;4589
2176;3550308999083;4447;2089
2177;3550308999084;8771;2010
2178;3550308999085;6729;2216
2179;3550308999086;2785;1652
2180;3550308999087;4794;2322
2181;3550308999088;11661;2816
2182;3550308999089;16137;3957
2183;3550308999090;72548;4238
2184;3550308999091;18309;4684
2185;3550308999092;20220;1832
2186;3550308999093;3475;1001
2187;3550308999094;1822;968
2188;3550308999095;2779;828
2189;3550308999096;7645;1161
2190;3550308999097;2817;1159
2191;3550308999098;3524;716
2192;3550308999099;7589;2257
2193;3550308999100;7687;2124
2194;3550308999101;8342;2689
2195;3550308999102;6338;1938
2196;3550308999103;4077;1617
2197;3550308999104;5790;2329
2198;3550308999105;1775;994
2199;3550308999106;2631;1082
2200;3550308999107;2431;1367
2201;3550308999108;11751;948
2202;3550308999109;1060;698
2203;3550308999110;2464;1210
2204;3550308999111;1299;570
2205;3550308999112;14394;3617
2206;3550308999113;1142;616
2207;3550308999114;1352;676
2208;3550308999115;3288;1291
2209;3550308999116;3802;1352
2210;3550308999117;4841;1203
2211;3550308999118;3953;1069
2212;3550308999119;1879;1130
2213;3550308999120;5606;1668
2214;3550308999121;10943;1906
2215;3550308999122;6909;1930
2216;3550308999123;3882;1144
2217;3550308999124;5587;2017
2218;3550308999125;4537;1758
2219;3550308999126;4316;1229
2220;3550308999127;1168;606
2221;3550308999128;3825;1181
2222;3550308999129;1935;1059
2223;3550308999130;5150;1810
2224;3550308999131;6458;1501
2225;3550308999132;6197;1743
2226;3550308999133;1508;692
2227;3550308999134;10068;1006
2228;3550308999135;4880;1535
2229;3550308999136;1736;492
2230;3550308999137;4727;1323
2231;3550308999138;1692;457
2232;3550308999139;5009;1108
2233;3550308999140;12101;2469
2234;3550308999141;4715;790
2235;3550308999142;6018;1071
2236;3550308999143;3510;848
2237;3550308999144;2838;1203
2238;3550308999145;11014;2689
2239;3550308999146;12526;3005
2240;3550308999147;14119;3096
2241;3550308999148;16412;2783
2242;3550308999149;10042;1672
2243;3550308999150;4215;1261
2244;3550308999151;34587;2709
2245;3550308999152;6962;1714
2246;3550308999153;6154;1012
2247;3550308999154;6677;1249
2248;3550308999155;25662;4684
2249;3550308999156;10750;2909
2250;3550308999157;4439;1835
2251;3550308999158;18639;4724
2252;3550308999159;18708;3509
2253;3550308999160;16887;4061
2254;3550308999161;62378;8640
2255;3550308999162;107193;10343
2256;3550308999163;24179;4844
2257;3550308999164;18386;2494
2258;3550308999165;25255;3155
2259;3550308999166;46191;4248
2260;3550308999167;12741;2777
2261;3550308999168;65974;7427
2262;3550308999169;28732;1366
2263;3550308999170;6718;1985
2264;3550308999171;20259;2180
2265;3550308999172;2284;1330
2266;3550308999173;9788;1981
2267;3550308999174;10785;1190
2268;3550308999175;1489;915
2269;3550308999176;5056;2100
2270;3550308999177;2104;883
2271;3550308999178;2723;952
2272;3550308999179;3814;1500
2273;3550308999180;927;329
2274;3550308999181;1318;841
2275;3550308999182;8461;1308
2276;3550308999183;5506;1779
2277;3550308999184;3748;1297
2278;3550308999185;4820;1577
2279;3550308999186;1324;561
2280;3550308999187;3618;858
2281;3550308999188;902;693
2282;3550308999189;2153;916
2283;3550308999190;1078;686
2284;3550308999191;1233;561
2285;3550308999192;2289;1175
2286;3550308999193;378;265
2287;3550308999194;819;592
2288;3550308999195;409;252
2289;3550308999196;2657;1375
2290;3550308999197;1988;881
2291;3550308999198;1393;621
2292;3550308999199;2916;834
2293;3550308999200;1010;585
2294;3550308999201;846;493
2295;3550308999202;3756;1300
2296;3550308999203;1406;982
2297;3550308999204;4614;1089
2298;3550308999205;3226;1627
2299;3550308999206;3867;870
2300;3550308999207;4619;1819
2301;3550308999208;2737;1100
2302;3550308999209;1957;677
2303;3550308999210;981;527
2304;3550308999211;5060;1759
2305;3550308999212;1056;761
2306;3550308999213;1597;887
2307;3550308999214;7650;1190
2308;3550308999215;5134;905
2309;3550308999216;2101;793
2310;3550308999217;1530;913
2311;3550308999218;1544;707
2312;3550308999219;1831;429
2313;3550308999220;1754;887
2314;3550308999221;2191;686
2315;3550308999222;1557;741
2316;3550308999223;2435;823
2317;3550308999224;3366;1050
2318;3550308999225;2185;885
2319;3550308999226;2397;935
2320;3550308999227;1360;780
2321;3550308999228;1342;717
2322;3550308999229;1789;895
2323;3550308999230;3415;1061
2324;3550308999231;5650;2025
2325;3550308999232;3018;818
2326;3550308999233;3662;940
2327;3550308999234;2540;944
2328;3550308999235;2218;984
2329;3550308999236;1468;1117
2330;3550308999237;3649;1454
2331;3550308999238;1079;482
2332;3550308999239;1755;738
2333;3550308999240;2098;804
2334;3550308999241;3428;852
2335;3550308999242;7301;1446
2336;3550308999243;2372;837
2337;3550308999244;8019;1182
2338;3550308999245;1587;736
2339;3550308999246;1811;938
2340;3550308999247;2248;623
2341;3550308999248;2671;948
2342;3550308999249;2056;858
2343;3550308999250;1577;808
2344;3550308999251;1375;906
2345;3550308999252;1719;699
2346;3550308999253;2025;673
2347;3550308999254;1381;510
2348;3550308999255;588;404
2349;3550308999256;3209;1366
2350;3550308999257;4514;658
2351;3550308999258;658;533
2352;3550308999259;1666;741
2353;3550308999260;701;368
2354;3550308999261;1207;624
2355;3550308999262;2423;1129
2356;3550308999263;3343;1045
2357;3550308999264;5015;780
2358;3550308999265;3684;1149
2359;3550308999266;982;365
2360;3550308999267;2164;818
2361;3550308999268;791;367
2362;3550308999269;2153;841
2363;3550308999270;1465;502
2364;3550308999271;4721;1884
2365;3550308999272;1661;733
2366;3550308999273;3635;1158
2367;3550308999274;12834;2032
2368;3550308999275;31274;2797
2369;3550308999276;4705;1308
2370;3550308999277;6058;1475
2371;3550308999278;43001;7046
2372;3550308999279;74647;5652
2373;3550308999280;59995;6862
2374;3550308999281;1691;944
2375;3550308999282;10012;2429
2376;3550308999283;11022;2678
2377;3550308999284;6878;2458
2378;3550308999285;9867;2082
2379;3550308999286;6117;1601
2380;3550308999287;10914;2741
2381;3550308999288;3772;1279
2382;3550308999289;1628;1129
2383;3550308999290;3565;1646
2384;3550308999291;8458;1200
2385;3550308999292;2023;619
2386;3550308999293;2430;1412
2387;3550308999294;7044;1432
2388;3550308999295;5592;328
2389;3550308999296;3859;1152
2390;3550308999297;4573;1442
2391;3550308999298;845;553
2392;3550308999299;667;167
2393;3550308999300;855;399
2394;3550308999301;5185;916
2395;3550308999302;2217;876
2396;3550308999303;3436;1187
2397;3550308999304;1337;508
2398;3550308999305;1875;619
2399;3550308999306;3887;463
2400;3550308999307;1043;368
2401;3550308999308;1731;707
2402;3550308999309;3387;611
2403;3550308999310;797;343
2404;3550308999311;5287;1148
2405;3550308999312;6313;1413
2406;3550308999313;1261;506
2407;3550308999314;3023;617
2408;3550308999315;579;269
2409;3550308999316;1605;649
2410;3550308999317;3208;748
2411;3550308999318;3235;1031
2412;3550308999319;665;347
2413;3550308999320;589;386
2414;3550308999321;2124;947
2415;3550308999322;900;569
2416;3550308999323;18437;1681
2417;3550308999324;2385;1195
2418;3550308999325;1624;823
2419;3550308999326;7552;773
2420;3550308999327;5083;683
2421;3550308999328;7549;693
2422;3550308999329;5047;1449
2423;3550308999330;4680;1036
2424;3550308999331;10864;998
2425;3550308999332;2744;691
2426;3550308999333;800;377
2427;3550308999334;773;453
2428;3550308999335;1751;769
2429;3550308999336;867;521
2430;3550308999337;4436;487
2431;3550308999338;712;434
2432;3550308999339;612;434
2433;3550308999340;2704;758
2434;3550308999341;8294;1508
2435;3550308999342;998;500
2436;3550308999343;492;299
2437;3550308999344;1811;571
2438;3550308999345;7000;1290
2439;3550308999346;4648;1233
2440;3550308999347;25415;2611
2441;3550308999348;7659;1914
2442;3550308999349;4196;945
2443;3550308999350;4357;767
2444;3550308999351;4075;785
2445;3550308999352;1578;653
2446;3550308999353;750;320
2447;3550308999354;917;518
2448;3550308999355;1478;424
2449;3550308999356;971;351
2450;3550308999357;6476;1035
2451;3550308999358;1261;556
2452;3550308999359;770;375
2453;3550308999360;3030;566
2454;3550308999361;5601;1001
2455;3550308999362;19529;1646
2456;3550308999363;922;349
2457;3550308999364;5878;821
2458;3550308999365;2019;714
2459;3550308999366;1395;346
2460;3550308999367;1440;787
2461;3550308999368;1429;728
2462;3550308999369;3989;1531
2463;3550308999370;4750;1230
2464;3550308999371;911;607
2465;3550308999372;4027;671
2466;3550308999373;2207;697
2467;3550308999374;709;458
2468;3550308999375;5513;1455
2469;3550308999376;1383;679
2470;3550308999377;9628;997
2471;3550308999378;6224;538
2472;3550308999379;21611;3204
2473;3550308999380;2000;798
2474;3550308999381;3120;675
2475;3550308999382;549;448
2476;3550308999383;783;83
2477;3550308999384;727;337
2478;3550308999385;989;513
2479;3550308999386;1446;828
2480;3550308999387;2008;401
2481;3550308999388;856;482
2482;3550308999389;2462;864
2483;3550308999390;2051;550
2484;3550308999391;885;550
2485;3550308999392;5674;1403
2486;3550308999393;942;365
2487;3550308999394;4069;595
2488;3550308999395;760;473
2489;3550308999396;647;321
2490;3550308999397;821;389
2491;3550308999398;466;300
2492;3550308999399;1151;599
2493;3550308999400;573;350
2494;3550308999401;667;388
2495;3550308999402;3974;354
2496;3550308999403;1201;557
2497;3550308999404;919;272
2498;3550308999405;1380;515
2499;3550308999406;559;175
2500;3550308999407;2782;876
2501;3550308999408;255;186
2502;3550308999409;2023;1006
2503;3550308999410;997;525
2504;3550308999411;599;524
2505;3550308999412;2606;824
2506;3550308999413;2620;728
2507;3550308999414;912;368
2508;3550308999415;719;262
2509;3550308999416;9287;392
2510;3550308999417;1292;419
2511;3550308999418;976;287
2512;3550308999419;220;236
2513;3550308999420;906;341
2514;3550308999421;563;358
2515;3550308999422;6735;478
2516;3550308999423;2042;483
2517;3550308999424;3335;1157
2518;3550308999425;1948;776
2519;3550308999426;1627;331
2520;3550308999427;772;277
2521;3550308999428;2102;346
2522;3550308999429;25131;1829
2523;3550308999430;1009;420
2524;3550308999431;1539;658
2525;3550308999432;1615;580
2526;3550308999433;664;454
2527;3550308999434;3871;1430
2528;3550308999435;1417;665
2529;3550308999436;382;261
2530;3550308999437;989;422
2531;3550308999438;1079;593
2532;3550308999439;942;462
2533;3550308999440;1704;677
2534;3550308999441;597;405
2535;3550308999442;2812;357
2536;3550308999443;506;303
2537;3550308999444;435;211
2538;3550308999445;1934;392
2539;3550308999446;1545;596
2540;3550308999447;1191;601
2541;3550308999448;1590;359
2542;3550308999449;1449;803
2543;3550308999450;1505;515
2544;3550308999451;502;353
2545;3550308999452;938;421
2546;3550308999453;921;459
2547;3550308999454;2111;510
2548;3550308999455;1195;242
2549;3550308999456;18025;3757
2550;3550605001005;15460;3766
2551;3550605001099;960;252
2552;3551009999001;2395;985
2553;3551009999002;2777;327
2554;3551009999003;1547;575
2555;3551009999004;1028;488
2556;3551009999005;627;228
2557;3551009999006;1139;402
2558;3551009999007;2664;641
2559;3551009999008;10797;2443
2560;3551009999009;2401;689
2561;3551009999010;3992;831
2562;3551009999011;572;180
2563;3551009999012;636;201
2564;3551009999013;932;344
2565;3551009999014;688;245
2566;3551009999015;1481;330
2567;3551009999016;1168;376
2568;3551504001001;6071;2079
2569;3551702001001;1716;612
2570;3551702001002;5119;1027
2571;3551702001003;4053;893
2572;3551702001004;13034;2537
2573;3551702001005;17925;1353
2574;3552205001001;1915;818
2575;3552205001002;2587;617
2576;3552205001003;2890;911
2577;3552205001004;5394;869
2578;3552205001005;2168;1200
2579;3552205001006;1473;533
2580;3552205001007;1617;574
2581;3552205001008;5239;1699
2582;3552205001009;7996;1697
2583;3552205001010;2652;743
2584;3552205001011;10810;2495
2585;3552205001012;14008;2802
2586;3552205001013;9031;2230
2587;3552205001014;37951;7450
2588;3552205001015;11601;1108
2589;3552205001016;12299;1721
2590;3552205001017;10941;2468
2591;3552205001018;44461;1900
2592;3552403001001;9350;1504
2593;3552403001002;6514;454
2594;3552403001003;3554;1101
2595;3552403001004;6736;1600
2596;3552403002001;6365;1033
2597;3552403002002;1106;529
2598;3552403002003;1497;547
2599;3552403002004;7861;622
2600;3552403002005;4838;671
2601;3552502001001;4007;405
2602;3552502001002;7973;1210
2603;3552502001003;8617;1987
2604;3552502001004;2781;792
2605;3552502001005;13293;2962
2606;3552502001006;2506;545
2607;3552502002001;1579;171
2608;3552502002002;369;252
2609;3552502002003;721;331
2610;3552502002004;377;196
2611;3552502501001;4377;703
2612;3552809001001;1712;388
2613;3552809001002;3948;496
2614;3552809001003;4910;879
2615;3552809001004;491;164
2616;3552809001005;265;184
2617;3552809001006;3007;1151
2618;3552809001007;14891;1684
2619;3552809001008;7198;1779
2620;3552809001009;13821;1402
2621;3554102001001;3632;697
2622;3554102001002;1187;434
2623;3554102001003;1585;546
2624;3554102001004;3068;401
2625;3554102001005;4228;430
2626;3554102001006;3898;1278
2627;3554102001007;7181;752
2628;3554102001008;12797;3372
2629;3554102001009;22308;2611
2630;3554102001010;1882;551
2631;3554102501001;18967;1236
2632;3554805001001;4853;1518
2633;3556206001001;2233;906
2634;3556206001002;6032;1070
2635;3556206001003;2465;741
2636;3556206001004;19315;2382
2637;3556206001005;9193;2382
2638;3556453001001;9648;1934
2639;3556503001001;2760;977
2640;3556503001002;10953;1379
2641;3556503001003;1745;430
2642;3556701001001;36794;4646
2643;3557006001001;3288;884
2644;3557006001002;4623;1105
2645;3557006001003;1617;573
2646;3557006001004;1151;220
2647;3557006001005;2118;524
2648;4100400001001;3288;991
2649;4100400001002;1675;589
2650;4100400001003;2829;605
2651;4100400001004;3109;467
2652;4101804001001;11615;2499
2653;4101804001002;695;421
2654;4101804001003;7216;1215
2655;4101804001004;8919;828
2656;4101804001005;11427;603
2657;4103701001001;4102;884
2658;4103701001002;1568;201
2659;4103701001003;6216;1898
2660;4103701001004;3225;560
2661;4103701001005;6474;1067
2662;4104006001001;8554;2000
2663;4104204001005;23919;4911
2664;4104204001099;612;205
2665;4104253001001;2703;856
2666;4105805001001;7288;1760
2667;4105805001002;2676;848
2668;4105805001003;2078;650
2669;4105805001004;1441;674
2670;4105805001005;1303;562
2671;4105805001006;5057;1063
2672;4105805001007;4409;958
2673;4105805001008;6937;1382
2674;4105805001009;4526;494
2675;4106902999001;92510;18766
2676;4106902999002;36432;3965
2677;4106902999003;19510;4246
2678;4106902999004;16505;3625
2679;4106902999005;14077;2609
2680;4106902999006;13305;1746
2681;4106902999007;3050;1540
2682;4106902999008;3916;903
2683;4106902999009;15881;5313
2684;4106902999010;35825;1182
2685;4106902999011;2576;1343
2686;4106902999012;9161;2913
2687;4106902999013;17029;2728
2688;4106902999014;11456;3152
2689;4106902999015;8131;1356
2690;4106902999016;1258;912
2691;4106902999017;2476;1265
2692;4106902999018;8687;3372
2693;4106902999019;6360;2240
2694;4106902999020;3366;1514
2695;4106902999021;6315;2415
2696;4106902999022;3361;1865
2697;4106902999023;9029;2531
2698;4106902999024;22172;1904
2699;4106902999025;3775;890
2700;4106902999026;22639;3362
2701;4106902999027;28160;4581
2702;4106902999028;17710;3527
2703;4106902999029;10833;2490
2704;4106902999030;12514;2614
2705;4106902999031;26889;3255
2706;4106902999032;25930;2828
2707;4106902999033;18086;3159
2708;4106902999034;8473;1707
2709;4106902999035;8048;3082
2710;4106902999036;4583;1279
2711;4106902999037;3159;881
2712;4106902999038;3578;1324
2713;4106902999039;14200;1335
2714;4106902999040;24019;2697
2715;4106902999041;12352;3420
2716;4106902999042;7579;1647
2717;4106902999043;6783;1819
2718;4106902999044;11693;3364
2719;4106902999045;278;152
2720;4106902999046;1519;402
2721;4106902999047;6502;2700
2722;4106902999048;16424;3311
2723;4106902999049;6334;2832
2724;4106902999050;5193;2015
2725;4106902999051;3349;1971
2726;4106902999052;1598;540
2727;4106902999053;789;542
2728;4106902999054;30372;1153
2729;4106902999055;8428;1168
2730;4106902999056;9098;1147
2731;4106902999057;3570;1801
2732;4106902999058;20771;1887
2733;4106902999059;7800;768
2734;4107652001001;9599;2981
2735;4107900001001;674;323
2736;4109807001001;7892;1942
2737;4111258001001;2621;856
2738;4113700999001;1102;435
2739;4113700999002;938;540
2740;4113700999003;2818;1118
2741;4113700999004;6503;1130
2742;4113700999005;3449;1253
2743;4113700999006;9524;1925
2744;4113700999007;7798;1788
2745;4113700999008;6237;945
2746;4113700999009;26453;6619
2747;4113700999010;8780;1830
2748;4113700999011;21072;5720
2749;4113700999012;2501;1232
2750;4113700999013;6408;1261
2751;4113700999014;2191;632
2752;4113700999015;1509;884
2753;4113700999016;1911;643
2754;4113700999017;651;166
2755;4113700999018;9242;2670
2756;4113700999019;5812;1410
2757;4113700999020;14085;2540
2758;4113700999021;11521;2344
2759;4113700999022;586;370
2760;4113700999023;54;9
2761;4114203001001;8182;2018
2762;4114807001001;6465;2161
2763;4115200001001;1547;854
2764;4115200001002;4173;1356
2765;4115200001003;9152;2264
2766;4115200001004;11230;2024
2767;4115200001005;8138;1886
2768;4115200001006;40722;9443
2769;4115200001007;4261;860
2770;4115200001008;4683;1438
2771;4115200001009;2197;941
2772;4115200001010;8812;1826
2773;4115200001011;10240;2260
2774;4115200001012;2289;1267
2775;4115200001013;23380;3311
2776;4115200001014;5234;705
2777;4117503001001;3610;1087
2778;4119152001001;5535;1103
2779;4119152001002;1029;387
2780;4119152001003;14307;2153
2781;4119152001004;2162;659
2782;4119152001005;14267;2296
2783;4119152001006;1699;655
2784;4119509001001;2860;1140
2785;4119509001002;3313;888
2786;4120804001001;7029;1083
2787;4122206001001;4931;1214
2788;4122404001001;18630;3762
2789;4125506001001;5252;723
2790;4125506001002;9764;1329
2791;4125506001003;4955;932
2792;4125506001004;19494;2834
2793;4125506001005;18534;3083
2794;4125506001006;14295;2915
2795;4125506001007;92;44
2796;4125506001008;19458;1462
2797;4126256001001;3691;1142
2798;4126256001002;5634;1291
2799;4126256001003;440;332
2800;4126256001004;824;342
2801;4201307001001;7804;1534
2802;4202305001001;12043;2231
2803;4205407999001;20891;2679
2804;4205407999002;50059;8439
2805;4205407999003;3608;483
2806;4205407999004;12860;657
2807;4205407999005;8021;2040
2808;4205407999006;12455;1946
2809;4205407999007;4284;821
2810;4205407999008;2775;680
2811;4205407999009;2655;856
2812;4205407999010;8575;2990
2813;4205407999011;3606;1341
2814;4205407999012;2641;891
2815;4205407999013;4079;1794
2816;4205407999014;3238;1554
2817;4205407999015;7917;1412
2818;4205407999016;12299;2141
2819;4205407999017;4362;1060
2820;4205407999018;1700;424
2821;4205407999019;7708;1274
2822;4205407999020;3528;1197
2823;4205803001001;3423;986
2824;4206009001001;1197;513
2825;4206504001001;12317;2026
2826;4208906001001;18393;3492
2827;4208906001002;651;147
2828;4208906001003;3891;584
2829;4208906001004;7667;1679
2830;4208906001005;25535;1835
2831;4208906001006;5981;1340
2832;4209102999001;2695;311
2833;4209102999002;2114;760
2834;4209102999003;914;419
2835;4209102999004;11861;1206
2836;4209102999005;4495;762
2837;4209102999006;4940;1250
2838;4209102999007;43339;2278
2839;4209102999008;6616;1346
2840;4209102999009;5949;920
2841;4209102999010;3697;745
2842;4209102999011;16123;2811
2843;4209102999012;29662;5424
2844;4209102999013;14817;2567
2845;4209102999014;4612;1141
2846;4209102999015;3606;660
2847;4209102999016;771;290
2848;4209102999017;622;353
2849;4209102999018;1271;540
2850;4209102999019;3308;855
2851;4209102999020;1806;596
2852;4209102999021;1351;609
2853;4209102999022;952;499
2854;4209102999023;869;311
2855;4209102999024;17374;1212
2856;4211900001001;5958;1864
2857;4211900001002;7481;1650
2858;4211900001003;8356;1556
2859;4211900001004;6567;1335
2860;4211900501001;3520;504
2861;4212304001001;1268;352
2862;4215703001001;4315;1191
2863;4216602001001;7295;1493
2864;4216602001002;3310;694
2865;4216602001003;24083;1878
2866;4216602002001;7525;1598
2867;4216602002002;7114;985
2868;4216602002003;19641;1170
2869;4216602002004;5670;1556
2870;4216602501001;18083;4093
2871;4217402001001;4224;752
2872;4300604001001;5171;1499
2873;4300604001002;1422;363
2874;4300604001003;1986;831
2875;4300604001004;1884;343
2876;4300604001005;370;368
2877;4300604001006;560;470
2878;4300604001007;480;295
2879;4300604001008;1934;833
2880;4300604501001;2290;343
2881;4300877001001;1193;348
2882;4303103001001;662;535
2883;4303103001002;833;573
2884;4303103001003;1387;595
2885;4303103001004;7720;2025
2886;4303103001005;5875;1391
2887;4303103001006;16412;1410
2888;4303103001007;6354;1173
2889;4303905001001;19857;4626
2890;4304606001001;3263;604
2891;4304606001002;3573;816
2892;4304606001003;1439;692
2893;4304606001004;1150;382
2894;4304606001005;288;158
2895;4304606001006;1167;431
2896;4304606001007;469;452
2897;4304606001008;1455;661
2898;4304606001009;8458;1788
2899;4304606001010;19053;2700
2900;4304606001011;6446;1841
2901;4304606001012;3400;1384
2902;4304606001013;4469;1654
2903;4304606001014;10348;1022
2904;4304606001015;18935;3419
2905;4304689001001;1115;420
2906;4305108999001;13888;1860
2907;4305108999002;3830;1771
2908;4305108999003;11738;3120
2909;4305108999004;4668;952
2910;4305108999005;10735;3039
2911;4305108999006;5892;1495
2912;4305108999007;6944;2076
2913;4305108999008;10726;1750
2914;4305108999009;11923;794
2915;4305108999010;9107;2613
2916;4305108999011;6444;1525
2917;4305108999012;3920;1348
2918;4305108999013;21544;5610
2919;4305108999014;20049;1607
2920;4305108999015;9668;1574
2921;4305108999016;12548;1248
2922;4305108999017;4805;882
2923;4305108999018;3752;762
2924;4305108999019;616;418
2925;4305108999020;7;9
2926;4306403001001;11840;1862
2927;4306767001001;13248;1536
2928;4307609001001;11466;2854
2929;4307708001001;4815;578
2930;4307708001002;880;699
2931;4307708001003;9340;2362
2932;4307708001004;5361;1131
2933;4307906001001;24461;5053
2934;4309209001001;8987;629
2935;4309209001002;1182;825
2936;4309209001003;3839;1415
2937;4309209001004;1702;1072
2938;4309209001005;3679;1057
2939;4309209001006;1094;519
2940;4309209001007;2583;938
2941;4309209001008;8997;2697
2942;4309209001009;4641;919
2943;4309209001010;10417;474
2944;4309209501001;3215;740
2945;4309308001001;4312;1385
2946;4309308001002;444;323
2947;4309308001003;8246;2622
2948;4310801001001;6579;1518
2949;4311627001001;1847;194
2950;4312476001001;1674;375
2951;4313375001001;5261;1086
2952;4313409001001;1360;672
2953;4313409001002;4821;865
2954;4313409001003;4512;1451
2955;4313409001004;2333;920
2956;4313409001005;21235;5255
2957;4313409001006;982;417
2958;4313409001007;2063;591
2959;4313409001008;8616;2057
2960;4313409001009;248;132
2961;4313409001010;1729;738
2962;4313409001011;5919;1276
2963;4313409001012;12567;2651
2964;4313409001013;6526;1706
2965;4313409001014;3665;1686
2966;4313409001015;1188;600
2967;4314407001001;358;309
2968;4314407001002;2656;910
2969;4314407001003;15620;2944
2970;4314407001004;6930;1598
2971;4314407001005;1356;531
2972;4314407001006;2241;545
2973;4314407001007;2491;976
2974;4314407001008;11811;3259
2975;4314407001009;331;234
2976;4314407001010;1632;628
2977;4314407001011;219;164
2978;4314407001012;3202;759
2979;4314407001013;1846;735
2980;4314407001014;6498;1314
2981;4314407001015;4649;757
2982;4314407001016;556;365
2983;4314407001017;1722;786
2984;4314407501001;1703;263
2985;4314803001001;7788;1838
2986;4314902999001;1573;545
2987;4314902999002;1672;506
2988;4314902999003;2050;1044
2989;4314902999004;3068;1018
2990;4314902999005;84055;14806
2991;4314902999006;5417;2267
2992;4314902999007;8420;2135
2993;4314902999008;16957;2118
2994;4314902999009;22176;5278
2995;4314902999010;8987;2237
2996;4314902999011;14499;1616
2997;4314902999012;2068;961
2998;4314902999013;9772;2953
2999;4314902999014;10274;3113
3000;4314902999015;2701;1427
3001;4314902999016;11836;5752
3002;4314902999017;3708;1506
3003;4314902999018;9164;3411
3004;4314902999019;19549;2905
3005;4314902999020;2204;836
3006;4314902999021;23030;3214
3007;4314902999022;1885;667
3008;4314902999023;27542;5038
3009;4314902999024;7680;631
3010;4314902999025;1470;715
3011;4314902999026;1347;757
3012;4314902999027;2387;559
3013;4314902999028;1001;740
3014;4314902999029;27193;2208
3015;4314902999030;54571;5993
3016;4314902999031;12042;2602
3017;4314902999032;7765;2120
3018;4314902999033;13595;4078
3019;4314902999034;6798;1116
3020;4314902999035;1313;805
3021;4314902999036;6290;1421
3022;4314902999037;9658;2318
3023;4314902999038;4994;2003
3024;4314902999039;3433;1527
3025;4314902999040;1397;727
3026;4314902999041;4444;2194
3027;4314902999042;5166;2380
3028;4314902999043;1260;639
3029;4314902999044;43500;6855
3030;4314902999045;7953;2214
3031;4314902999046;20406;9162
3032;4314902999047;12244;4775
3033;4314902999048;8135;4529
3034;4314902999049;6818;2739
3035;4315602001001;868;468
3036;4315602001002;3290;842
3037;4315602001003;3884;1270
3038;4315602001004;2674;919
3039;4315602001005;1540;519
3040;4315602001006;785;335
3041;4315602001007;15730;3311
3042;4315602001008;3436;1142
3043;4315602001009;4534;285
3044;4315602501001;22;2
3045;4318705001001;2002;536
3046;4318705001002;8325;2447
3047;4318705001003;396;338
3048;4318705001004;1208;579
3049;4318705001005;7374;869
3050;4318705001006;1778;504
3051;4318705001007;1933;612
3052;4318705001008;3821;605
3053;4318705001009;20214;2530
3054;4318705001010;8886;2731
3055;4319901001001;10507;2477
3056;4319901001002;2383;531
3057;4319901001003;3386;626
3058;4319901001004;7377;1427
3059;4320008001001;898;478
3060;4320008001002;3257;841
3061;4320008001003;1503;825
3062;4320008001004;1334;575
3063;4320008001005;4382;306
3064;4320008001006;7417;1949
3065;4323002001001;1654;669
3066;4323002001002;1823;924
3067;4323002001003;542;332
3068;4323002001004;508;401
3069;4323002001005;4163;1338
3070;4323002001006;4921;1278
3071;4323002001007;387;319
3072;4323002001008;776;630
3073;4323002001009;1092;346
3074;4323002001010;1390;600
3075;4323002001011;484;159
3076;5002704999001;1957;379
3077;5002704999002;1694;361
3078;5002704999003;1500;499
3079;5002704999004;1047;406
3080;5002704999005;3281;622
3081;5002704999006;2573;562
3082;5002704999007;755;382
3083;5002704999008;2231;586
3084;5002704999009;786;348
3085;5002704999010;3123;769
3086;5002704999011;911;394
3087;5002704999012;1950;799
3088;5002704999013;4418;370
3089;5002704999014;415;215
3090;5002704999015;12410;1686
3091;5002704999016;27656;3326
3092;5002704999017;21031;4629
3093;5002704999018;1427;450
3094;5002704999019;6070;1387
3095;5002704999020;2758;674
3096;5002704999021;3453;533
3097;5002704999022;4653;1020
3098;5002704999023;4311;900
3099;5002704999024;4676;782
3100;5002704999025;5055;922
3101;5002704999026;2709;190
3102;5002704999027;821;198
3103;5002704999028;9747;1564
3104;5002704999029;4266;558
3105;5002704999030;26538;4955
3106;5002704999031;12239;1917
3107;5002704999032;16957;2477
3108;5103403999001;3778;449
3109;5103403999002;19778;2890
3110;5103403999003;6623;1238
3111;5103403999004;14096;2204
3112;5103403999005;11542;2086
3113;5103403999006;20109;4012
3114;5103403999007;12297;2542
3115;5103403999008;6403;1550
3116;5103403999009;7044;1165
3117;5103403999010;16951;2523
3118;5103403999011;4450;647
3119;5103403999012;3355;995
3120;5103403999013;357;95
3121;5103403999014;1817;334
3122;5103403999015;7816;1542
3123;5103403999016;2852;529
3124;5103403999017;11529;1963
3125;5103403999018;1721;527
3126;5103403999019;4558;978
3127;5103403999020;841;246
3128;5103403999021;74;55
3129;5103403999022;10074;733
3130;5103403999023;1568;390
3131;5108402999001;2100;333
3132;5108402999002;1099;433
3133;5108402999003;3365;660
3134;5108402999004;4898;1139
3135;5108402999005;11538;2447
3136;5108402999006;3776;748
3137;5108402999007;4504;708
3138;5108402999008;5747;1149
3139;5108402999009;1391;296
3140;5200050001001;1140;401
3141;5200258001001;279;175
3142;5200258001002;2311;681
3143;5200258001003;4511;1505
3144;5200258001004;3;23
3145;5201405999001;3639;711
3146;5201405999002;6371;662
3147;5201405999003;880;209
3148;5201405999004;6908;845
3149;5201405999005;8109;837
3150;5201405999006;20086;1697
3151;5201405999007;6277;995
3152;5201405999008;3882;735
3153;5201405999009;915;272
3154;5201405999010;8925;1745
3155;5201405999011;11295;236
3156;5201405999012;5113;561
3157;5201405999013;3626;825
3158;5201405999014;2520;504
3159;5201405999015;8746;830
3160;5205497001001;2456;894
3161;5208004001001;1102;555
3162;5208004001002;3029;896
3163;5208004001003;5851;1902
3164;5208004001004;1849;305
3165;5208707999001;33153;4301
3166;5208707999002;47624;5711
3167;5208707999003;22887;4233
3168;5208707999004;13531;1942
3169;5208707999005;7854;1809
3170;5208707999006;7608;1469
3171;5208707999007;11239;1335
3172;5208707999008;24321;2112
3173;5208707999009;5212;1360
3174;5208707999010;9408;1974
3175;5208707999011;24499;4015
3176;5208707999012;11785;2802
3177;5208707999013;8293;1429
3178;5208707999014;10831;3012
3179;5208707999015;4279;910
3180;5208707999016;18439;3553
3181;5208707999017;31310;9287
3182;5208707999018;5563;1049
3183;5208707999019;22641;4917
3184;5208707999020;3532;879
3185;5208707999021;10832;1050
3186;5208707999022;28075;2276
3187;5208707999023;7707;681
3188;5208707999024;1081;305
3189;5208707999025;3748;900
3190;5208707999026;3990;1035
3191;5208707999027;6154;877
3192;5208707999028;343;167
3193;5208707999029;8304;1585
3194;5208707999030;5870;1118
3195;5208707999031;2683;586
3196;5208707999032;2327;785
3197;5208707999033;17697;2589
3198;5208707999034;1219;449
3199;5208707999035;10793;2032
3200;5208707999036;2853;1032
3201;5208707999037;228;169
3202;5208707999038;10491;2492
3203;5208707999039;4060;1153
3204;5208806001001;4209;1038
3205;5212501001001;1786;238
3206;5212501001002;692;283
3207;5212501001003;5094;953
3208;5212501001004;2742;728
3209;5212501001005;1583;523
3210;5212501001006;4762;1730
3211;5212501001007;1180;260
3212;5214507001001;5353;1782
3213;5215231001001;2875;850
3214;5215603001001;1478;953
3215;5217609001001;3835;1308
3216;5219753001001;2966;1088
3217;5220454001001;9896;1983
3218;5221403001001;2300;544
3219;5221403001002;5246;1047
3220;5221403001003;1872;339
3221;5221403001004;1715;347
3222;5221858001001;1386;541
3223;5221858001002;3917;790
3224;5221858001003;2497;575
3225;5221858001004;4008;780
3226;5221858001005;602;152
3227;5300108999001;41747;4650
3228;5300108999002;22610;2611
3229;5300108999003;4320;1251
3230;5300108999004;2913;838
3231;5300108999005;29517;4039
3232;5300108999006;73648;7137
3233;5300108999007;6084;936
3234;5300108999008;2350;518
3235;5300108999009;2328;520
3236;5300108999010;17677;1612
3237;5300108999011;83988;8283
3238;5300108999012;4109;1068
3239;5300108999013;5935;1001
3240;5300108999014;1947;332
3241;5300108999015;828;410
3242;5300108999016;888;285
3243;5300108999017;1617;539
3244;5300108999018;4513;826
3245;5300108999019;12995;1053
3246;5300108999020;28485;4606
3247;5300108999021;13971;2648
3248;5300108999022;2812;790
3249;5300108999023;952;306
3250;5300108999024;694;202
3251;5300108999025;2323;164
3252;5300108999026;906;254
3253;5300108999027;898;330
3254;5300108999028;4767;1030
3255;5300108999029;7118;1551
3256;5300108999030;10317;2672
3257;5300108999031;11096;2416
3258;5300108999032;3002;991
3259;5300108999033;3211;968
3260;5300108999034;928;165
3261;5300108999035;4538;1508
3262;5300108999036;6222;1824
3263;5300108999037;5725;1263
3264;5300108999038;2023;989
3265;5300108999039;1066;386
3266;5300108999040;1128;420
3267;5300108999041;4768;870
3268;5300108999042;321;198
3269;5300108999043;2265;601
3270;5300108999044;2053;185
3271;5300108999045;1866;488
3272;5300108999046;1080;386
3273;5300108999047;946;397
3274;5300108999048;621;140
3275;5300108999049;240;123
3276;5300108999050;3825;1453
3277;5300108999051;2227;1009
3278;5300108999052;2033;658
3279;5300108999053;1530;827
3280;5300108999054;543;394
3281;5300108999055;6506;1517
3282;5300108999056;22009;1284
3283;5300108999057;3968;1040
3284;5300108999058;537;269
3285;5300108999059;290;169
3286;5300108999060;2573;511
3287;5300108999061;2201;676
3288;5300108999062;2695;625
3289;5300108999063;678;216
3290;5300108999064;606;203
3291;5300108999065;3413;284
3292;5300108999066;713;243
3293;5300108999067;271;175
3294;5300108999068;1319;325
3295;5300108999069;4503;759
3296;5300108999070;1625;145
3297;5300108999071;721;283
3298;5300108999072;1071;171
3299;5300108999073;876;334
3300;5300108999074;56693;3720
3301;5300108999075;2346;544
3302;5300108999076;1518;403
3303;5300108999077;3332;842
3304;5300108999078;26503;2152
3305;5300108999079;15894;1286
3306;5300108999080;5359;784
3307;5300108999081;6496;1516
3308;5300108999082;30360;7129
3309;5300108999083;2374;623
3310;5300108999084;4815;1234
3311;5300108999085;3589;934
3312;5300108999086;2893;661
3313;5300108999087;2251;476
3314;5300108999088;3618;412
3315;5300108999089;4190;364
3316;5300108999090;2548;1009
3317;5300108999091;3312;749
3318;5300108999092;2937;744
3319;5300108999093;1444;344
3320;5300108999094;1961;854
3321;5300108999095;1053;507
3322;5300108999096;1365;390
3323;5300108999097;9635;2132
3324;5300108999098;1492;545
3325;5300108999099;2168;720
3326;5300108999100;2211;656
3327;5300108999101;968;372
3328;5300108999102;6606;1783
3329;5300108999103;468;106
3330;5300108999104;1720;432
3331;5300108999105;14889;2873
3332;5300108999106;9220;1855
