;AP;num_employees;num_firms
0;1302603999001;28642.0;2778
1;1302603999002;6610.0;569
2;1302603999003;1966.0;95
3;1302603999004;1440.0;124
4;1302603999005;1276.0;91
5;1302603999006;3495.5;345
6;1302603999007;1973.0;185
7;1302603999008;1042.0;123
8;1302603999009;2400.0;232
9;1302603999010;691.0;128
10;1302603999011;1140.0;114
11;1302603999012;1193.0;93
12;1302603999013;1554.0;156
13;1302603999014;1402.0;118
14;1302603999015;3554.0;288
15;1302603999016;860.0;66
16;1302603999017;3042.0;258
17;1302603999018;909.0;98
18;1302603999019;30762.0;343
19;1302603999020;1056.0;59
20;1302603999021;6384.5;521
21;1302603999022;9727.5;875
22;1302603999023;2289.0;180
23;1302603999024;3777.0;412
24;1302603999025;6774.0;273
25;1302603999026;459.0;62
26;1302603999027;161.0;17
27;1302603999028;1547.0;60
28;1302603999029;2155.5;238
29;1302603999030;4007.0;17
30;1302603999031;1146.0;48
31;1302603999032;5026.0;390
32;1302603999033;2433.5;65
33;1302603999034;87.0;14
34;1302603999035;449.0;20
35;1302603999036;3035.0;226
36;1302603999037;1365.0;101
37;1302603999038;312.0;30
38;1302603999039;3220.5;81
39;1500800999001;1589.0;134
40;1500800999002;309.0;55
41;1500800999003;2123.0;90
42;1500800999004;8582.0;493
43;1500800999005;1281.0;128
44;1500800999006;430.0;47
45;1500800999007;2852.0;334
46;1500800999008;967.0;101
47;1500800999009;194.0;35
48;1500800999010;1745.0;126
49;1500800999011;223.5;32
50;1500800999012;212.0;20
51;1500800999013;583.0;19
52;1500800999014;377.0;26
53;1500800999015;167.0;18
54;1501402999001;28722.0;3053
55;1501402999002;3467.0;254
56;1501402999003;4800.0;266
57;1501402999004;1787.0;165
58;1501402999006;411.0;37
59;1501402999007;11014.0;1063
60;1501402999008;9634.5;654
61;1501402999009;14743.0;1447
62;1501402999010;6411.0;657
63;1501402999011;179.0;32
64;1501402999012;73.0;20
65;1501402999013;4078.5;200
66;1501402999014;278.0;48
67;1501402999015;3950.0;253
68;1501402999016;4989.0;254
69;1501402999017;3036.5;320
70;1501402999018;1398.0;163
71;1501402999019;204.0;42
72;1501402999020;154.0;12
73;1501402999021;373.0;36
74;1501402999022;983.0;96
75;1501402999023;3599.0;89
76;1501402999024;31.0;10
77;1501402999025;3961.0;288
78;1501402999026;4576.0;573
79;1501402999027;3031.0;208
80;1501402999028;838.0;87
81;1501402999029;5592.0;431
82;1501402999030;1503.0;189
83;1501402999031;766.0;125
84;1501402999032;986.0;114
85;1501402999033;1141.0;126
86;1501402999034;1111.0;88
87;1501402999035;851.0;35
88;1501402999036;1562.0;183
89;1501402999037;71.0;32
90;1501402999038;603.0;44
91;1501501001001;475.0;77
92;1504422001001;2056.0;165
93;2301000001005;1674.0;83
94;2301000001099;469.0;28
95;2303709001001;3478.5;355
96;2303709001002;1197.0;153
97;2303709001003;686.0;99
98;2303709001004;1653.0;132
99;2303709005001;139.0;44
100;2303709005002;165.0;50
101;2303709005003;357.0;55
102;2303709005004;176.0;28
103;2303709005005;898.0;70
104;2303709501001;28.0;2
105;2304285001001;2675.0;261
106;2304400999001;1987.0;311
107;2304400999002;7871.0;414
108;2304400999003;1549.0;225
109;2304400999004;1567.0;83
110;2304400999005;2849.0;132
111;2304400999006;2298.0;175
112;2304400999007;678.0;135
113;2304400999008;2044.0;139
114;2304400999009;5580.5;628
115;2304400999010;3130.0;581
116;2304400999011;3463.0;339
117;2304400999012;2092.0;256
118;2304400999013;2925.0;481
119;2304400999014;8407.0;772
120;2304400999015;9430.5;1291
121;2304400999016;3463.0;343
122;2304400999017;35306.0;4876
123;2304400999018;13554.0;1526
124;2304400999019;22902.0;3360
125;2304400999020;5664.0;863
126;2304400999021;4003.0;460
127;2304400999022;12511.0;1567
128;2304400999023;7226.0;689
129;2304400999024;2230.0;135
130;2304400999025;1297.5;221
131;2304400999026;4439.0;714
132;2304400999027;2152.0;194
133;2304400999028;1273.0;215
134;2304400999029;4099.0;303
135;2304400999030;1461.0;144
136;2304400999031;1183.0;171
137;2304400999032;994.0;93
138;2304400999033;543.0;70
139;2304400999034;468.0;82
140;2304400999035;7355.5;482
141;2304400999036;5271.0;523
142;2304400999037;650.0;114
143;2304400999038;2660.0;411
144;2304400999039;1467.0;319
145;2304400999040;1299.0;250
146;2304400999041;501.0;89
147;2304400999042;1055.0;77
148;2304400999043;1623.5;188
149;2304400999044;3355.0;398
150;2304400999045;930.0;194
151;2304400999046;1437.0;109
152;2304400999047;2525.5;192
153;2304400999048;492.0;48
154;2304400999049;2643.0;215
155;2304400999050;7590.5;582
156;2304400999051;1583.0;312
157;2304400999052;1992.0;148
158;2304400999053;790.0;130
159;2304400999054;1470.0;245
160;2304400999055;1394.0;253
161;2304400999056;396.0;92
162;2304400999057;5030.0;381
163;2304400999058;384.0;114
164;2304400999059;424.0;87
165;2304400999060;1127.0;163
166;2304400999061;1055.0;178
167;2304400999062;6156.5;382
168;2304400999063;1649.0;141
169;2304400999064;2402.0;190
170;2304400999065;8303.5;814
171;2304400999066;3331.0;361
172;2304400999067;1202.0;143
173;2304400999068;852.0;106
174;2304400999069;3227.5;239
175;2304400999070;5311.0;269
176;2304400999071;1097.0;190
177;2306256001001;658.0;37
178;2307650999001;6791.0;368
179;2307650999002;1110.0;83
180;2307650999003;1666.0;123
181;2307650999004;7326.0;154
182;2307650999005;5935.0;232
183;2307700001005;8566.0;310
184;2309706001001;1981.0;72
185;2600054001001;2108.0;198
186;2600054001002;263.0;47
187;2600054001003;228.0;41
188;2600054001004;247.0;26
189;2600054001005;609.0;71
190;2602902001005;5010.0;485
191;2602902001099;4436.0;176
192;2603454001001;974.0;93
193;2603454001002;1463.5;244
194;2603454001003;804.0;151
195;2603454001004;269.0;28
196;2603454001005;82.0;18
197;2603454001006;813.0;115
198;2606804001001;5972.0;119
199;2606804001002;173.0;55
200;2606804001003;382.0;50
201;2606804001004;874.0;22
202;2607604001001;329.0;68
203;2607752001001;1665.0;50
204;2607901001001;1966.0;83
205;2607901001002;5622.0;211
206;2607901001003;1385.0;291
207;2607901001004;2894.5;441
208;2607901001005;1462.0;151
209;2607901001006;1029.0;92
210;2607901001007;649.0;144
211;2607901001008;2939.0;315
212;2607901001009;2363.0;137
213;2607901001010;978.0;176
214;2607901001011;835.0;104
215;2607901001012;251.0;69
216;2607901001013;281.0;26
217;2607901001014;50.0;13
218;2607901001015;2057.0;222
219;2607901001016;2190.0;337
220;2607901002001;280.0;36
221;2607901002002;465.0;83
222;2607901002003;761.0;101
223;2607901002004;134.0;30
224;2607901002005;931.0;88
225;2607901002006;530.0;97
226;2607901003001;1358.0;137
227;2607901003002;102.0;18
228;2607901003003;1417.0;183
229;2607901003004;1458.0;94
230;2609402001001;747.0;88
231;2609600999001;629.0;127
232;2609600999002;1794.0;197
233;2609600999003;3133.0;335
234;2609600999004;865.0;128
235;2609600999005;730.0;106
236;2609600999006;1963.0;218
237;2609600999007;7844.0;1046
238;2609600999008;3213.0;318
239;2609600999009;374.0;51
240;2609600999010;1125.0;210
241;2610707999001;773.0;127
242;2610707999002;689.0;123
243;2610707999003;608.0;99
244;2610707999004;459.0;91
245;2610707999005;261.0;45
246;2610707999006;72.0;14
247;2610707999007;176.0;49
248;2610707999008;1902.0;181
249;2610707999009;1987.0;118
250;2610707999010;2848.0;106
251;2610707999011;333.0;57
252;2610707999012;2033.0;260
253;2611606999001;22417.5;1741
254;2611606999002;26706.0;2390
255;2611606999003;24663.0;2744
256;2611606999004;1432.0;157
257;2611606999005;4124.0;571
258;2611606999006;5721.5;507
259;2611606999007;734.0;88
260;2611606999008;221.0;59
261;2611606999009;1010.0;171
262;2611606999010;270.0;67
263;2611606999011;353.0;44
264;2611606999012;9078.0;981
265;2611606999013;12813.0;1216
266;2611606999014;4222.0;538
267;2611606999015;4628.0;723
268;2611606999016;3249.0;231
269;2611606999017;374.0;74
270;2611606999018;231.0;45
271;2611606999019;158.0;46
272;2611606999020;1133.0;124
273;2611606999021;321.0;75
274;2611606999022;858.0;56
275;2611606999023;567.0;81
276;2611606999024;5017.0;491
277;2611606999025;2978.0;310
278;2611606999026;2040.0;285
279;2611606999027;4569.0;457
280;2611606999028;2931.5;222
281;2611606999029;8178.0;847
282;2611606999030;6057.0;468
283;2611606999031;882.0;88
284;2611606999032;1454.0;121
285;2611606999033;5542.0;625
286;2611606999034;1802.0;241
287;2611606999035;2511.0;214
288;2611606999036;161.0;34
289;2611606999037;3490.0;145
290;2611606999038;739.0;126
291;2611606999039;1575.0;181
292;2611606999040;2265.0;235
293;2611606999041;18473.0;2129
294;2611606999042;3156.0;437
295;2611606999043;15607.0;1904
296;2611606999044;5559.0;667
297;2611606999045;8850.0;829
298;2611606999046;4335.5;405
299;2611606999047;2644.0;239
300;2611606999048;1674.5;191
301;2611606999049;2526.0;163
302;2611606999050;87.0;19
303;2611606999051;2150.0;259
304;2611606999052;372.0;73
305;2611606999053;605.0;94
306;2613701001001;1071.0;220
307;2613701001002;386.0;52
308;2613701001003;459.0;30
309;2613701001004;15.0;6
310;2905701001001;753.0;137
311;2905701001002;1126.0;108
312;2905701001003;2358.0;307
313;2905701001004;7417.0;1040
314;2905701001005;13101.0;332
315;2905701501001;788.0;50
316;2906501001001;2942.0;399
317;2910057001001;2438.0;272
318;2916104001001;68.0;18
319;2919207001001;2360.0;443
320;2919207001002;1498.0;217
321;2919207001003;372.0;62
322;2919207001004;2400.0;421
323;2919207001005;1349.0;129
324;2919926001001;362.0;65
325;2921005001001;2485.0;101
326;2927408999001;181.0;60
327;2927408999002;4928.0;401
328;2927408999003;711.0;136
329;2927408999004;22.0;16
330;2927408999005;2382.5;471
331;2927408999006;2360.0;266
332;2927408999007;1375.0;249
333;2927408999008;122.0;19
334;2927408999009;1730.0;225
335;2927408999010;4360.0;449
336;2927408999011;2626.0;266
337;2927408999012;8347.5;973
338;2927408999013;457.0;104
339;2927408999014;3337.0;454
340;2927408999015;3182.0;491
341;2927408999016;6200.5;809
342;2927408999017;25020.5;2386
343;2927408999018;15115.5;2058
344;2927408999019;311.0;46
345;2927408999020;680.0;162
346;2927408999021;6227.0;687
347;2927408999022;7644.0;939
348;2927408999023;8610.5;1127
349;2927408999024;6834.5;1030
350;2927408999025;2784.0;412
351;2927408999026;4438.0;443
352;2927408999027;4141.0;298
353;2927408999028;3563.0;374
354;2927408999029;9341.0;804
355;2927408999030;2513.0;227
356;2927408999031;711.0;96
357;2927408999032;709.5;73
358;2927408999033;862.0;121
359;2927408999034;676.0;130
360;2927408999035;28396.0;3602
361;2927408999036;15150.0;1410
362;2927408999037;7097.0;1152
363;2927408999038;3470.0;286
364;2927408999039;2503.0;185
365;2927408999040;2551.0;227
366;2927408999041;462.0;84
367;2927408999042;559.0;72
368;2927408999043;267.0;70
369;2927408999044;260.0;66
370;2927408999045;164.0;49
371;2927408999046;85.0;20
372;2927408999047;1034.0;176
373;2927408999048;454.0;113
374;2927408999049;137.0;28
375;2927408999050;645.0;73
376;2927408999051;7065.0;400
377;2927408999052;2022.0;111
378;2927408999053;426.0;71
379;2927408999054;545.0;109
380;2927408999055;3048.0;341
381;2927408999056;4436.0;384
382;2927408999057;389.0;53
383;2927408999058;786.0;159
384;2927408999059;545.0;97
385;2927408999060;306.0;58
386;2927408999061;9349.0;768
387;2927408999062;3310.0;498
388;2927408999063;1702.0;353
389;2927408999064;2458.0;340
390;2927408999065;875.0;154
391;2927408999066;6506.0;382
392;2927408999067;9628.0;1344
393;2927408999068;3975.0;337
394;2927408999069;2445.0;357
395;2927408999070;3594.0;228
396;2927408999071;1006.0;128
397;2927408999072;2800.0;176
398;2927408999073;1515.0;85
399;2927408999074;3625.0;357
400;2927408999075;3449.0;181
401;2927408999076;166.0;45
402;2927408999077;543.0;128
403;2927408999078;1212.0;188
404;2927408999079;1094.0;237
405;2927408999080;755.0;47
406;2927408999081;1829.0;268
407;2927408999082;237.0;50
408;2927408999083;496.0;77
409;2927408999084;253.0;53
410;2927408999085;842.0;136
411;2927408999086;204.0;49
412;2927408999087;75.0;20
413;2927408999088;0.0;1
414;2929206001001;1685.0;49
415;2929503001001;457.0;100
416;2930709001001;3832.0;421
417;2930709001002;1089.0;55
418;3106200999001;3849.0;760
419;3106200999002;17781.0;2148
420;3106200999003;11730.0;1530
421;3106200999004;827.0;124
422;3106200999005;10941.0;1243
423;3106200999006;110136.0;12522
424;3106200999007;14566.5;2452
425;3106200999008;1374.0;230
426;3106200999009;4493.0;522
427;3106200999010;2355.0;592
428;3106200999011;6129.0;599
429;3106200999012;3869.0;591
430;3106200999013;286.0;51
431;3106200999014;6114.0;939
432;3106200999015;2545.0;281
433;3106200999016;210.0;50
434;3106200999017;1582.0;232
435;3106200999018;7684.0;1001
436;3106200999019;604.0;186
437;3106200999020;4029.0;415
438;3106200999021;3066.0;587
439;3106200999022;10439.0;1847
440;3106200999023;10048.0;1022
441;3106200999024;7868.0;1370
442;3106200999025;3819.0;643
443;3106200999026;4234.0;823
444;3106200999027;309.0;52
445;3106200999028;1360.0;124
446;3106200999029;15647.5;1413
447;3106200999030;10012.0;1453
448;3106200999031;949.0;228
449;3106200999032;792.0;136
450;3106200999033;11052.0;780
451;3106200999034;2245.0;433
452;3106200999035;786.0;195
453;3106200999036;1045.0;149
454;3106200999037;6514.0;435
455;3106200999038;12913.0;2001
456;3106200999039;7007.0;658
457;3106200999040;1957.0;416
458;3106200999041;2027.5;345
459;3106200999042;2548.0;298
460;3106200999043;1839.0;356
461;3106200999044;7060.0;835
462;3106200999045;5659.0;649
463;3106200999046;499.0;70
464;3106200999047;6337.0;854
465;3106200999048;6001.0;766
466;3106200999049;12904.5;1858
467;3106200999050;7844.0;943
468;3106200999051;2076.0;290
469;3106200999052;6095.0;752
470;3106200999053;1619.0;292
471;3106200999054;76966.5;8181
472;3106200999055;8078.0;1243
473;3106200999056;114.0;20
474;3106200999057;2083.0;319
475;3106200999058;4387.0;677
476;3106705001001;168.0;45
477;3106705001002;251.0;64
478;3106705001003;370.0;55
479;3106705001004;496.0;142
480;3106705001005;1732.0;130
481;3106705001006;2721.0;209
482;3106705001007;3908.0;68
483;3106705001008;167.0;45
484;3106705001009;5549.5;898
485;3106705001010;10045.0;213
486;3106705001011;1737.0;244
487;3106705001012;2498.0;150
488;3106705001013;8298.0;771
489;3109006001001;1275.0;246
490;3110004001001;1504.0;318
491;3112505001001;98.0;30
492;3117876001001;197.0;43
493;3118601001001;3638.0;332
494;3118601001002;801.0;156
495;3118601001003;3164.0;391
496;3118601001004;9425.0;438
497;3118601001005;1855.0;250
498;3118601001006;555.0;125
499;3118601001007;2237.0;255
500;3118601001008;940.0;168
501;3118601001009;460.0;86
502;3118601001010;396.0;96
503;3118601001011;164.0;36
504;3118601001012;1837.0;293
505;3118601001013;1175.0;270
506;3118601001014;5016.0;354
507;3118601001015;905.0;145
508;3118601001016;2118.0;115
509;3118601001017;8126.0;616
510;3118601002001;6836.0;429
511;3118601002002;1671.0;361
512;3118601002003;2713.0;248
513;3118601002004;2297.0;388
514;3118601002005;2287.0;380
515;3118601002006;2905.0;311
516;3118601002007;1329.0;299
517;3118601002008;3958.0;409
518;3118601002009;3309.0;500
519;3118601002010;683.0;165
520;3118601002011;14112.5;739
521;3124104001001;1558.5;332
522;3129806501001;2254.0;345
523;3129806502001;735.0;160
524;3130101001001;1453.0;235
525;3136652001001;1782.0;135
526;3137601001001;2697.5;493
527;3140159001001;159.0;45
528;3140704001001;1837.5;241
529;3141108001001;3864.0;417
530;3144805001001;6653.0;1022
531;3149309001001;4524.0;774
532;3153905001001;80.0;32
533;3154606001001;583.0;137
534;3154606001002;1010.0;122
535;3154606001003;1322.0;204
536;3154606001004;216.0;69
537;3154606002001;1056.5;148
538;3154606002002;132.0;33
539;3154606002003;160.0;57
540;3154606002004;218.0;52
541;3154606002005;828.5;125
542;3154606002006;167.0;58
543;3154804001001;1191.0;244
544;3156700501001;4796.0;400
545;3156700502001;1545.0;268
546;3157807001001;2987.5;355
547;3157807001002;2176.0;224
548;3157807001003;1057.0;49
549;3157807002001;350.0;72
550;3157807002002;2049.0;263
551;3157807002003;48.0;27
552;3157807002004;1092.0;70
553;3157807002005;487.0;65
554;3162922001001;756.0;85
555;3162955001001;1075.5;97
556;3165537001001;308.0;67
557;3171204001001;4578.5;460
558;3300456999001;2415.0;343
559;3300456999002;422.0;50
560;3300456999003;638.0;137
561;3300456999004;483.0;52
562;3300456999005;119.0;30
563;3300456999006;139.0;31
564;3300456999007;194.0;27
565;3300456999008;268.0;46
566;3300456999009;1439.0;62
567;3300456999010;392.0;31
568;3300456999011;308.0;60
569;3300456999012;141.0;32
570;3300456999013;242.0;58
571;3300456999014;108.0;18
572;3300456999015;550.0;126
573;3300456999016;287.0;33
574;3300456999017;338.0;33
575;3300456999018;163.0;32
576;3300456999019;304.0;49
577;3300456999020;245.0;57
578;3301702999001;7839.0;472
579;3301702999002;1213.0;81
580;3301702999003;151.0;26
581;3301702999004;5085.0;474
582;3301702999005;937.0;153
583;3301702999006;791.0;110
584;3301702999007;4653.0;418
585;3301702999008;5724.0;789
586;3301702999009;1386.0;123
587;3301702999010;477.0;49
588;3301702999011;1768.0;241
589;3301702999012;344.0;54
590;3301702999013;122.0;24
591;3301702999014;243.0;58
592;3301702999015;190.0;29
593;3301702999016;434.0;58
594;3301702999017;196.0;36
595;3301702999018;710.0;95
596;3301702999019;653.0;62
597;3301702999020;150.0;29
598;3301702999021;547.0;59
599;3301702999022;1437.0;138
600;3301702999023;300.0;59
601;3301702999024;1151.0;144
602;3301702999025;763.0;151
603;3301702999026;554.0;29
604;3301702999027;194.0;30
605;3301702999028;415.0;76
606;3301702999029;2801.0;309
607;3301702999030;2522.0;119
608;3301702999031;914.0;68
609;3301702999032;318.0;59
610;3301702999033;1931.0;62
611;3301702999034;213.0;51
612;3301702999035;3763.0;169
613;3301702999036;780.0;82
614;3301702999037;584.0;38
615;3301702999038;2357.0;137
616;3301702999039;1299.0;136
617;3301702999040;855.5;50
618;3301702999041;78.0;21
619;3301702999042;344.0;69
620;3301702999043;739.0;90
621;3301702999044;256.0;58
622;3301702999045;1169.0;55
623;3301702999046;203.0;34
624;3301702999047;157.0;36
625;3301702999048;3130.0;182
626;3301702999049;304.0;53
627;3301702999050;1194.0;117
628;3301850001001;1526.0;191
629;3301900001001;2162.0;166
630;3301900001002;258.0;36
631;3301900001003;382.0;65
632;3301900001004;1042.0;149
633;3301900001005;356.0;61
634;3301900001006;2636.0;117
635;3301900001007;782.0;121
636;3301900001008;280.0;23
637;3301900001009;304.0;48
638;3302007001001;1357.0;109
639;3302007001002;1064.0;187
640;3302007001003;2767.0;430
641;3302007001004;1351.0;219
642;3302270001001;288.0;30
643;3302270001002;100.0;24
644;3302270001003;355.0;65
645;3302270001004;121.0;23
646;3302502001001;1140.0;132
647;3302502001002;751.0;69
648;3302502001003;200.0;56
649;3302502001004;1346.0;221
650;3302502001005;613.0;53
651;3302502001006;631.0;83
652;3302502001007;192.0;10
653;3302502001008;110.0;28
654;3302502001009;147.0;26
655;3302502001010;213.0;26
656;3302502001011;281.0;62
657;3302700001001;1205.0;235
658;3302700001002;381.0;71
659;3302700001003;372.0;91
660;3302700001004;1250.0;214
661;3302700001005;245.0;65
662;3303203001001;755.0;101
663;3303203001002;1634.0;189
664;3303203001003;3483.0;567
665;3303203001004;632.0;124
666;3303203001005;306.0;75
667;3303203002001;1129.0;124
668;3303203002002;154.0;33
669;3303203002003;331.0;53
670;3303302999001;2711.0;452
671;3303302999002;1881.0;264
672;3303302999003;2783.0;229
673;3303302999004;466.0;78
674;3303302999005;1410.0;260
675;3303302999006;1539.0;194
676;3303302999007;11761.5;1985
677;3303302999008;3921.0;632
678;3303302999009;1088.0;213
679;3303302999010;5683.0;650
680;3303302999011;251.0;29
681;3303302999012;1504.0;199
682;3303302999013;1199.0;172
683;3303302999014;5117.0;581
684;3303302999015;408.0;99
685;3303302999016;2164.0;185
686;3303302999017;35360.5;4057
687;3303302999018;3388.0;412
688;3303302999019;7550.0;459
689;3303500999001;1700.0;200
690;3303500999002;3234.0;238
691;3303500999003;927.0;106
692;3303500999004;1720.0;68
693;3303500999005;3085.0;160
694;3303500999006;253.0;30
695;3303500999007;15115.5;2077
696;3303500999008;1280.0;165
697;3303500999009;2605.0;183
698;3303500999010;2290.0;241
699;3303500999011;542.0;69
700;3303500999012;492.0;68
701;3303500999013;577.0;40
702;3303500999014;1077.0;79
703;3303500999015;256.0;44
704;3303500999016;825.0;61
705;3303500999017;615.0;38
706;3303500999018;747.0;74
707;3303500999019;437.0;86
708;3303500999020;107.0;26
709;3303500999021;798.0;89
710;3303500999022;315.0;72
711;3303500999023;1573.0;172
712;3303500999024;264.0;60
713;3303500999025;73.0;39
714;3303500999026;109.0;11
715;3303500999027;303.0;44
716;3303500999028;101.0;26
717;3303500999029;268.0;35
718;3303500999030;175.0;15
719;3303500999031;449.0;58
720;3303500999032;180.0;34
721;3303500999033;159.0;24
722;3303500999034;706.0;85
723;3303500999035;1149.0;147
724;3303500999036;40.0;14
725;3303500999037;404.0;18
726;3303500999038;98.0;23
727;3303500999039;982.0;37
728;3303500999040;322.0;38
729;3303500999041;777.0;66
730;3303500999042;301.0;51
731;3303500999043;221.0;41
732;3303500999044;1856.0;144
733;3303609001001;1216.0;219
734;3304144501001;2008.0;143
735;3304144502001;1114.0;176
736;3304144503001;1165.0;177
737;3304557999001;1005.0;165
738;3304557999002;5500.0;136
739;3304557999003;2218.0;237
740;3304557999004;963.0;139
741;3304557999005;7100.0;660
742;3304557999006;2124.0;236
743;3304557999007;1576.0;205
744;3304557999008;1475.0;166
745;3304557999009;1461.0;141
746;3304557999010;1203.0;220
747;3304557999011;1391.0;163
748;3304557999012;4059.0;560
749;3304557999013;58573.0;6668
750;3304557999014;1548.0;79
751;3304557999015;9398.5;696
752;3304557999016;1753.0;251
753;3304557999017;14629.0;1303
754;3304557999018;16510.0;1566
755;3304557999019;21205.0;1647
756;3304557999020;9146.0;828
757;3304557999021;5699.0;378
758;3304557999022;3915.0;627
759;3304557999023;6314.0;556
760;3304557999024;5431.0;225
761;3304557999025;2739.0;220
762;3304557999026;2642.0;440
763;3304557999027;4656.0;594
764;3304557999028;7394.0;1147
765;3304557999029;1160.0;122
766;3304557999030;1619.0;254
767;3304557999031;187983.5;16490
768;3304557999032;18889.5;1452
769;3304557999033;528.0;80
770;3304557999034;1739.5;257
771;3304557999035;2976.0;188
772;3304557999036;2137.0;108
773;3304557999037;6192.0;372
774;3304557999038;12032.5;1670
775;3304557999039;4478.5;781
776;3304557999040;7009.0;1247
777;3304557999041;8857.5;1510
778;3304557999042;9273.5;1299
779;3304557999043;3279.0;296
780;3304557999044;1745.0;182
781;3304557999045;6282.5;287
782;3304557999046;7565.0;404
783;3304557999047;3024.0;376
784;3304557999048;3148.0;147
785;3304557999049;1540.0;222
786;3304557999050;764.0;125
787;3304557999051;1775.0;219
788;3304557999052;11945.0;1309
789;3304557999053;1494.0;194
790;3304557999054;945.0;113
791;3304557999055;1939.0;214
792;3304557999056;2640.0;290
793;3304557999057;3366.0;448
794;3304557999058;1155.0;95
795;3304557999059;8206.0;847
796;3304557999060;5954.0;680
797;3304557999061;6762.0;876
798;3304557999062;533.0;170
799;3304557999063;10815.0;1301
800;3304557999064;11480.0;743
801;3304557999065;850.0;108
802;3304557999066;5349.0;464
803;3304557999067;2978.0;565
804;3304557999068;4092.0;314
805;3304557999069;4875.5;417
806;3304557999070;8097.0;707
807;3304557999071;4266.5;395
808;3304557999072;411.0;65
809;3304557999073;5618.0;460
810;3304557999074;161.0;32
811;3304557999075;5763.0;444
812;3304557999076;1134.0;110
813;3304557999077;14906.0;2518
814;3304557999078;7990.5;1272
815;3304557999079;6231.0;613
816;3304557999080;3095.0;401
817;3304557999081;2180.0;408
818;3304557999082;2175.0;213
819;3304557999083;10436.0;579
820;3304557999084;1431.0;132
821;3304557999085;9268.0;750
822;3304557999086;1886.0;316
823;3304557999087;13034.0;774
824;3304557999088;842.0;157
825;3304557999089;2652.5;776
826;3304557999090;4585.0;646
827;3304557999091;8318.0;935
828;3304557999092;15828.0;2442
829;3304557999093;2781.0;298
830;3304557999094;2224.0;340
831;3304557999095;18708.0;2188
832;3304557999096;756.0;147
833;3304557999097;2131.0;156
834;3304557999098;2527.0;184
835;3304557999099;9113.0;717
836;3304557999100;2436.0;286
837;3304557999101;6377.0;499
838;3304557999102;661.0;46
839;3304557999103;4262.0;397
840;3304557999104;317.0;29
841;3304557999105;1118.0;103
842;3304557999106;2039.0;343
843;3304557999107;12791.0;2065
844;3304557999108;8663.0;921
845;3304557999109;3246.0;331
846;3304557999110;5749.0;383
847;3304557999111;4866.0;407
848;3304557999112;2543.0;246
849;3304557999113;669.0;124
850;3304557999114;8171.0;563
851;3304557999115;2183.0;277
852;3304557999116;6530.5;772
853;3304557999117;2491.0;475
854;3304557999118;4740.0;585
855;3304557999119;12290.0;959
856;3304557999120;5876.0;452
857;3304557999121;2462.0;313
858;3304557999122;4186.0;537
859;3304557999123;1949.0;273
860;3304557999124;9193.0;946
861;3304557999125;2877.0;196
862;3304557999126;1442.0;239
863;3304557999127;337.0;40
864;3304557999128;433.0;82
865;3304557999129;693.0;130
866;3304557999130;2222.0;166
867;3304557999131;455.0;62
868;3304557999132;8442.0;1906
869;3304557999133;2712.0;236
870;3304557999134;1551.0;252
871;3304557999135;921.0;137
872;3304557999136;14406.0;827
873;3304557999137;2571.0;445
874;3304557999138;573.0;19
875;3304557999139;5365.0;578
876;3304557999140;1734.0;140
877;3304557999141;14561.5;975
878;3304557999142;389.0;88
879;3304557999143;4057.0;371
880;3304557999144;480.0;58
881;3304557999145;1055.0;158
882;3304557999146;6187.0;281
883;3304557999147;4357.0;409
884;3304557999148;5076.0;416
885;3304557999149;660.0;58
886;3304557999150;3053.0;611
887;3304557999151;4224.0;89
888;3304557999152;2303.0;264
889;3304557999153;22601.0;1689
890;3304557999154;2821.0;397
891;3304557999155;17778.0;1583
892;3304557999156;1790.0;226
893;3304557999157;9690.0;1361
894;3304557999158;13196.0;1717
895;3304557999159;23356.0;2359
896;3304557999160;4377.0;622
897;3304557999161;2401.0;337
898;3304557999162;1017.0;102
899;3304557999163;1027.0;96
900;3304557999164;1544.0;124
901;3304557999165;5891.0;490
902;3304557999166;6794.0;394
903;3304557999167;10190.0;1634
904;3304557999168;907.0;155
905;3304557999169;3873.0;613
906;3304557999170;524.0;115
907;3304904001001;817.0;120
908;3304904001002;587.0;73
909;3304904001003;640.0;72
910;3304904001004;125.0;33
911;3304904001005;1357.0;117
912;3304904001006;358.0;64
913;3304904001007;400.0;74
914;3304904001008;2979.0;458
915;3304904001009;710.0;81
916;3304904001010;6947.0;874
917;3304904001011;629.0;91
918;3304904001012;80.0;15
919;3304904001013;3748.0;389
920;3304904001014;3734.0;192
921;3304904001015;3046.0;549
922;3304904001016;650.0;66
923;3304904001017;117.0;24
924;3304904001018;233.0;51
925;3304904002001;402.0;83
926;3304904002002;931.0;111
927;3304904002003;1784.0;135
928;3304904002004;91.0;35
929;3304904002005;995.0;52
930;3304904002006;511.0;71
931;3304904002007;266.0;26
932;3304904002008;1109.0;179
933;3304904003001;714.0;61
934;3304904003002;376.0;71
935;3304904003003;1481.0;189
936;3304904003004;1415.0;138
937;3304904003005;633.0;46
938;3304904003006;5.0;2
939;3304904003007;426.0;61
940;3304904003008;507.0;48
941;3304904003009;308.0;49
942;3304904004001;2854.0;210
943;3304904004002;1062.0;87
944;3304904004003;812.0;126
945;3304904004004;1219.0;141
946;3304904004005;1768.0;164
947;3304904004006;457.0;52
948;3304904004007;394.0;81
949;3304904004008;725.0;70
950;3304904005001;773.0;75
951;3304904005002;814.0;154
952;3304904005003;82.0;23
953;3304904005004;731.0;127
954;3305109999001;901.0;109
955;3305109999002;346.0;40
956;3305109999003;801.0;161
957;3305109999004;251.0;29
958;3305109999005;1194.0;186
959;3305109999006;1907.0;174
960;3305109999007;337.0;64
961;3305109999008;2187.0;421
962;3305109999009;1180.0;128
963;3305109999010;6702.0;1098
964;3305109999011;2161.0;415
965;3305109999012;4176.0;356
966;3305554001001;1189.0;166
967;3305554001002;317.0;37
968;3503901001001;6301.5;516
969;3505708001001;4635.5;387
970;3505708001002;2723.0;221
971;3505708001003;7893.5;583
972;3505708001004;39192.0;2343
973;3505708001005;5601.0;219
974;3505708004001;330.0;90
975;3505708004002;574.0;102
976;3505708501001;2645.0;215
977;3505708502001;6748.5;326
978;3509007001001;4784.0;335
979;3509205001001;9127.0;417
980;3510609001001;616.0;137
981;3510609001002;521.0;93
982;3510609001003;30.0;6
983;3510609001004;81.0;17
984;3510609001005;178.0;55
985;3510609001006;2187.5;230
986;3510609001007;154.0;24
987;3510609001008;723.0;141
988;3510609001009;465.0;106
989;3510609001010;2088.5;82
990;3510609001011;2439.5;270
991;3510609003001;433.0;55
992;3510609003002;182.0;37
993;3510609003003;259.0;59
994;3510609003004;227.0;53
995;3510609501001;650.0;124
996;3513009001001;4153.0;537
997;3513009001002;835.0;175
998;3513009001003;5037.0;209
999;3513009001004;4956.0;345
1000;3513009001005;7780.0;750
1001;3513009501001;1523.0;210
1002;3513801999001;1201.0;130
1003;3513801999002;4519.5;534
1004;3513801999003;3692.5;375
1005;3513801999004;9165.0;348
1006;3513801999005;7723.0;422
1007;3513801999006;6087.0;176
1008;3513801999007;6109.0;301
1009;3513801999008;1117.0;72
1010;3513801999009;630.0;136
1011;3513801999010;490.0;105
1012;3513801999011;1982.0;181
1013;3513801999012;1055.0;75
1014;3513801999013;6315.0;152
1015;3513801999014;1052.0;98
1016;3513801999015;140.0;43
1017;3513801999016;872.0;49
1018;3513801999017;5349.0;405
1019;3513801999018;757.0;82
1020;3515004001001;193.0;48
1021;3515004001002;317.0;71
1022;3515004001003;183.0;38
1023;3515004001004;197.0;43
1024;3515004001005;308.0;98
1025;3515004001006;326.0;36
1026;3515004001007;358.0;87
1027;3515004001008;1321.0;61
1028;3515004001009;5498.5;416
1029;3515004001010;4388.0;387
1030;3515103001005;2315.0;192
1031;3515103001099;222.0;36
1032;3515707001001;2553.0;74
1033;3515707001002;477.0;28
1034;3515707001003;199.0;15
1035;3515707001004;621.5;42
1036;3515707001005;2203.0;301
1037;3515707501001;709.0;40
1038;3515707502001;334.0;28
1039;3516309001001;251.0;20
1040;3516309001002;77.0;15
1041;3516309001003;98.0;18
1042;3516309001004;650.0;95
1043;3516309001005;324.0;29
1044;3516309001006;648.0;91
1045;3516408001001;109.0;27
1046;3516408001002;77.0;24
1047;3516408001003;1169.5;165
1048;3516408001004;1028.0;67
1049;3516408001005;1048.5;175
1050;3518305001001;1455.5;256
1051;3518800999001;13685.0;1853
1052;3518800999002;3648.0;282
1053;3518800999003;2424.0;228
1054;3518800999004;5034.0;79
1055;3518800999005;778.0;153
1056;3518800999006;1098.0;277
1057;3518800999007;477.0;114
1058;3518800999008;245.0;57
1059;3518800999009;787.0;54
1060;3518800999010;894.0;220
1061;3518800999011;307.0;80
1062;3518800999012;1737.0;93
1063;3518800999013;512.0;95
1064;3518800999014;359.0;58
1065;3518800999015;1874.0;133
1066;3518800999016;1665.0;242
1067;3518800999017;2388.0;419
1068;3518800999018;1297.0;126
1069;3518800999019;3303.5;364
1070;3518800999020;948.0;179
1071;3518800999021;862.0;127
1072;3518800999022;11035.5;436
1073;3518800999023;10864.0;554
1074;3518800999024;538.0;119
1075;3518800999025;236.0;71
1076;3518800999026;182.0;67
1077;3518800999027;176.0;28
1078;3518800999028;59.0;19
1079;3518800999029;901.5;66
1080;3518800999030;2737.0;102
1081;3518800999031;635.0;58
1082;3518800999032;246.0;43
1083;3518800999033;136.0;28
1084;3518800999034;6537.0;173
1085;3518800999035;4615.0;198
1086;3518800999036;451.0;26
1087;3518800999037;425.0;31
1088;3518800999038;108.0;25
1089;3518800999039;279.5;40
1090;3518800999040;2783.0;96
1091;3518800999041;3792.0;116
1092;3518800999042;2453.0;68
1093;3518800999043;389.0;36
1094;3518800999044;1059.0;129
1095;3518800999045;573.0;111
1096;3518800999046;3332.0;121
1097;3518800999047;1877.0;223
1098;3518800999048;2550.0;140
1099;3518800999049;13156.0;356
1100;3518800999050;15420.0;782
1101;3518800999051;2092.0;104
1102;3518800999052;731.0;66
1103;3518800999053;383.0;21
1104;3518800999054;466.0;55
1105;3518800999055;434.0;48
1106;3518800999056;228.0;26
1107;3518800999057;533.0;81
1108;3518800999058;1235.0;88
1109;3522208001001;1170.5;216
1110;3522208001002;592.0;97
1111;3522208001003;1675.0;179
1112;3522208001004;944.0;76
1113;3522208001005;2329.0;127
1114;3522208001006;230.0;49
1115;3522505001001;134.0;19
1116;3522505001002;116.0;35
1117;3522505001003;2898.5;440
1118;3522505001004;84.0;26
1119;3522505001005;777.0;38
1120;3522505001006;741.5;56
1121;3522505001007;1859.0;64
1122;3523107001001;1977.0;64
1123;3523107001002;1955.0;101
1124;3523107001003;4491.0;248
1125;3523107001004;460.0;55
1126;3523107001005;1013.0;54
1127;3523107001006;1074.0;49
1128;3523107001007;140.0;28
1129;3523107001008;666.5;51
1130;3523107001009;1700.0;47
1131;3523107001010;345.0;51
1132;3523107001011;168.0;37
1133;3523107001012;1711.0;247
1134;3524006001001;2.0;1
1135;3525003001001;690.0;42
1136;3525003001002;121.0;52
1137;3525003001003;2034.0;298
1138;3525003001004;3100.0;170
1139;3526209001001;1447.0;225
1140;3528502001001;3954.0;604
1141;3529401001001;175.0;39
1142;3529401001002;616.0;141
1143;3529401001003;504.0;102
1144;3529401001004;67.0;31
1145;3529401001005;5395.0;676
1146;3529401001006;1337.0;248
1147;3529401001007;86.0;18
1148;3529401001008;408.0;106
1149;3529401001009;7.0;5
1150;3529401001010;923.5;78
1151;3529401001011;684.0;137
1152;3529401001012;113.0;27
1153;3529401001013;29.0;13
1154;3529401001014;664.0;99
1155;3529401001015;2771.0;135
1156;3529401001016;13226.0;500
1157;3530607001001;446.0;77
1158;3530607001002;360.0;82
1159;3530607001003;5764.0;340
1160;3530607001004;428.0;58
1161;3530607001005;102.0;24
1162;3530607001006;1051.0;145
1163;3530607001007;63.0;25
1164;3530607001008;7370.0;876
1165;3530607001009;1134.0;110
1166;3530607001010;8431.5;1203
1167;3530607001011;1117.0;121
1168;3530607001012;141.0;12
1169;3530607001013;1112.0;136
1170;3530607001014;373.0;77
1171;3530607001015;2735.0;205
1172;3534401999001;1520.0;42
1173;3534401999002;139.0;25
1174;3534401999003;248.0;74
1175;3534401999004;248.0;44
1176;3534401999005;532.0;92
1177;3534401999006;142.0;31
1178;3534401999007;407.0;96
1179;3534401999008;192.0;46
1180;3534401999009;314.0;61
1181;3534401999010;1041.0;149
1182;3534401999011;386.0;124
1183;3534401999012;9844.0;284
1184;3534401999013;2095.0;427
1185;3534401999014;2021.5;299
1186;3534401999015;499.0;44
1187;3534401999016;515.0;65
1188;3534401999017;277.0;76
1189;3534401999018;164.0;42
1190;3534401999019;254.0;74
1191;3534401999020;355.0;91
1192;3534401999021;872.0;224
1193;3534401999022;711.0;151
1194;3534401999023;5283.5;326
1195;3534401999024;914.0;78
1196;3534401999025;16536.0;1797
1197;3534401999026;1294.0;200
1198;3534401999027;1719.0;240
1199;3534401999028;1825.0;150
1200;3534401999029;196.0;63
1201;3534401999030;4131.0;118
1202;3534401999031;60.0;22
1203;3534401999032;82.0;31
1204;3539103001001;575.0;55
1205;3539806001001;2779.0;219
1206;3539806001002;682.0;113
1207;3539806001003;3353.0;350
1208;3539806001004;5333.0;739
1209;3543303001005;7788.5;793
1210;3543303001099;1252.5;121
1211;3544103001001;1422.0;112
1212;3546801001001;3765.0;358
1213;3547304001001;18240.0;2194
1214;3547809999001;5030.0;308
1215;3547809999002;1125.0;119
1216;3547809999003;465.0;101
1217;3547809999004;966.0;159
1218;3547809999005;896.0;148
1219;3547809999006;913.0;121
1220;3547809999007;2356.0;248
1221;3547809999008;890.0;141
1222;3547809999009;1849.0;310
1223;3547809999010;2480.0;307
1224;3547809999011;3508.0;344
1225;3547809999012;399.0;67
1226;3547809999013;118.0;25
1227;3547809999014;464.0;72
1228;3547809999015;5663.5;439
1229;3547809999016;2340.0;131
1230;3547809999017;9371.5;1099
1231;3547809999018;1958.0;162
1232;3547809999019;1226.0;204
1233;3547809999020;4618.0;691
1234;3547809999021;21840.0;2099
1235;3547809999022;2989.5;263
1236;3547809999023;3778.0;424
1237;3547809999024;2103.0;269
1238;3547809999025;4175.0;342
1239;3547809999026;1075.0;148
1240;3547809999027;2052.0;136
1241;3547809999028;143.0;43
1242;3547809999029;516.0;100
1243;3547809999030;544.0;119
1244;3547809999031;693.0;124
1245;3547809999032;263.0;59
1246;3547809999033;239.0;59
1247;3547809999034;344.0;61
1248;3547809999035;129.0;44
1249;3547809999036;239.0;45
1250;3547809999037;84.0;31
1251;3547809999038;97.0;13
1252;3547809999039;739.0;114
1253;3547809999040;258.0;34
1254;3547809999041;378.0;55
1255;3547809999042;77.0;30
1256;3547809999043;688.0;38
1257;3548708999001;5371.0;146
1258;3548708999002;1322.0;109
1259;3548708999003;1441.0;78
1260;3548708999004;1092.0;100
1261;3548708999005;1230.0;121
1262;3548708999006;2774.0;145
1263;3548708999007;3775.0;363
1264;3548708999008;1197.0;145
1265;3548708999009;158.0;43
1266;3548708999010;720.0;92
1267;3548708999011;10189.5;413
1268;3548708999012;2506.0;218
1269;3548708999013;10455.5;1432
1270;3548708999014;7558.0;669
1271;3548708999015;6187.0;851
1272;3548708999016;265.0;51
1273;3548708999017;550.0;120
1274;3548708999018;2337.5;312
1275;3548708999019;1656.0;320
1276;3548708999020;836.0;144
1277;3548708999021;5772.0;221
1278;3548708999022;978.0;197
1279;3548708999023;834.0;136
1280;3548708999024;2637.5;365
1281;3548708999025;4600.0;274
1282;3548708999026;8312.0;590
1283;3548708999027;16439.0;399
1284;3548708999028;10010.0;478
1285;3548708999029;4465.0;210
1286;3548708999030;5013.0;338
1287;3548708999031;185.0;46
1288;3548708999032;591.0;90
1289;3548708999033;188.0;19
1290;3548708999034;128.0;39
1291;3548708999035;8.0;5
1292;3548708999036;1652.0;111
1293;3548708999037;1007.0;128
1294;3548807001001;3274.0;460
1295;3548807001002;1206.0;256
1296;3548807001003;5305.0;601
1297;3548807001004;22481.0;1647
1298;3548807001005;1617.0;283
1299;3548807001006;2892.0;426
1300;3548807001007;4544.0;577
1301;3549953001001;1349.0;269
1302;3550308999001;44376.5;5368
1303;3550308999002;9233.5;1201
1304;3550308999003;26129.0;3510
1305;3550308999004;14371.0;2193
1306;3550308999005;17523.0;2549
1307;3550308999006;14849.0;1354
1308;3550308999007;33356.0;4289
1309;3550308999008;18431.5;1383
1310;3550308999009;2821.0;380
1311;3550308999010;3740.5;532
1312;3550308999011;2507.0;365
1313;3550308999012;13806.0;978
1314;3550308999013;11658.0;482
1315;3550308999014;5975.0;538
1316;3550308999015;19391.5;1339
1317;3550308999016;27098.5;1560
1318;3550308999017;5584.0;709
1319;3550308999018;15221.0;1138
1320;3550308999019;14561.0;1374
1321;3550308999020;12814.0;1044
1322;3550308999021;12473.0;940
1323;3550308999022;7339.0;671
1324;3550308999023;16699.0;1739
1325;3550308999024;16731.5;1316
1326;3550308999025;6798.0;643
1327;3550308999026;10367.0;882
1328;3550308999027;6517.0;765
1329;3550308999028;17361.0;1384
1330;3550308999029;13982.0;1014
1331;3550308999030;13611.0;1133
1332;3550308999031;4781.0;520
1333;3550308999032;6445.0;1011
1334;3550308999033;10613.5;1194
1335;3550308999034;19574.0;1633
1336;3550308999035;21827.5;2267
1337;3550308999036;15815.5;1720
1338;3550308999037;15339.5;1686
1339;3550308999038;19675.0;789
1340;3550308999039;12974.0;1382
1341;3550308999040;4038.5;710
1342;3550308999041;6585.0;589
1343;3550308999042;12073.5;1071
1344;3550308999043;7119.0;1010
1345;3550308999044;29770.0;1668
1346;3550308999045;6669.5;692
1347;3550308999046;2457.0;401
1348;3550308999047;11279.0;1483
1349;3550308999048;17281.0;1602
1350;3550308999049;3451.5;535
1351;3550308999050;11528.0;1138
1352;3550308999051;2257.5;406
1353;3550308999052;2571.0;414
1354;3550308999053;3251.0;259
1355;3550308999054;8052.0;577
1356;3550308999055;5662.0;636
1357;3550308999056;5347.0;546
1358;3550308999057;7667.5;1220
1359;3550308999058;8467.0;1440
1360;3550308999059;3424.0;545
1361;3550308999060;3109.0;458
1362;3550308999061;2742.0;387
1363;3550308999062;8392.5;918
1364;3550308999063;2462.5;414
1365;3550308999064;2598.0;327
1366;3550308999065;4260.0;502
1367;3550308999066;5480.0;577
1368;3550308999067;6595.0;1109
1369;3550308999068;4731.0;421
1370;3550308999069;4230.0;567
1371;3550308999070;1751.0;373
1372;3550308999071;3538.0;488
1373;3550308999072;5393.0;640
1374;3550308999073;14300.0;1320
1375;3550308999074;7541.5;1029
1376;3550308999075;6104.0;602
1377;3550308999076;4683.0;622
1378;3550308999077;21587.5;1544
1379;3550308999078;31695.5;2832
1380;3550308999079;5408.0;547
1381;3550308999080;11370.0;1754
1382;3550308999081;47164.0;4445
1383;3550308999082;6314.0;1188
1384;3550308999083;2556.0;462
1385;3550308999084;3569.0;503
1386;3550308999085;4014.0;537
1387;3550308999086;2044.0;403
1388;3550308999087;3159.0;437
1389;3550308999088;6649.0;675
1390;3550308999089;10052.0;1357
1391;3550308999090;28397.5;1622
1392;3550308999091;10175.5;1281
1393;3550308999092;12055.0;542
1394;3550308999093;2131.0;228
1395;3550308999094;1120.5;191
1396;3550308999095;1338.0;214
1397;3550308999096;3773.0;281
1398;3550308999097;1488.0;275
1399;3550308999098;2165.0;204
1400;3550308999099;3356.0;655
1401;3550308999100;3941.0;566
1402;3550308999101;5248.5;685
1403;3550308999102;2590.5;463
1404;3550308999103;2213.0;451
1405;3550308999104;2498.0;452
1406;3550308999105;809.0;213
1407;3550308999106;1317.0;286
1408;3550308999107;1271.0;317
1409;3550308999108;3676.0;279
1410;3550308999109;757.0;153
1411;3550308999110;1766.0;255
1412;3550308999111;744.0;137
1413;3550308999112;8253.0;1267
1414;3550308999113;550.0;143
1415;3550308999114;1122.0;157
1416;3550308999115;1525.0;307
1417;3550308999116;2360.5;331
1418;3550308999117;1409.5;251
1419;3550308999118;2210.0;299
1420;3550308999119;1111.0;276
1421;3550308999120;3118.5;397
1422;3550308999121;4974.0;573
1423;3550308999122;3385.0;458
1424;3550308999123;2641.0;338
1425;3550308999124;3772.0;583
1426;3550308999125;2513.0;447
1427;3550308999126;2178.0;355
1428;3550308999127;689.0;118
1429;3550308999128;3104.0;352
1430;3550308999129;1364.0;187
1431;3550308999130;3401.0;470
1432;3550308999131;3144.0;368
1433;3550308999132;2736.0;387
1434;3550308999133;1154.5;168
1435;3550308999134;8297.0;404
1436;3550308999135;3329.0;378
1437;3550308999136;1220.0;127
1438;3550308999137;3037.0;345
1439;3550308999138;608.5;104
1440;3550308999139;2932.0;220
1441;3550308999140;5921.0;649
1442;3550308999141;672.0;148
1443;3550308999142;4771.0;214
1444;3550308999143;2542.0;227
1445;3550308999144;1756.5;274
1446;3550308999145;5548.0;755
1447;3550308999146;9887.0;643
1448;3550308999147;6018.0;751
1449;3550308999148;5153.5;666
1450;3550308999149;5108.5;505
1451;3550308999150;1889.0;253
1452;3550308999151;5653.0;742
1453;3550308999152;3634.0;416
1454;3550308999153;2072.0;255
1455;3550308999154;4523.0;361
1456;3550308999155;11043.0;1503
1457;3550308999156;7325.0;855
1458;3550308999157;2993.0;487
1459;3550308999158;12794.0;1730
1460;3550308999159;7259.0;1061
1461;3550308999160;8889.0;1158
1462;3550308999161;20137.0;2156
1463;3550308999162;33603.5;2674
1464;3550308999163;8679.0;1149
1465;3550308999164;10651.0;603
1466;3550308999165;11591.0;694
1467;3550308999166;24805.5;1075
1468;3550308999167;5125.0;539
1469;3550308999168;33237.0;2332
1470;3550308999169;9059.0;368
1471;3550308999170;4485.0;549
1472;3550308999171;8186.5;543
1473;3550308999172;1308.5;283
1474;3550308999173;4843.0;424
1475;3550308999174;5585.0;291
1476;3550308999175;733.0;133
1477;3550308999176;2594.0;471
1478;3550308999177;1133.0;161
1479;3550308999178;1608.0;200
1480;3550308999179;2029.0;351
1481;3550308999180;177.0;49
1482;3550308999181;999.0;188
1483;3550308999182;3750.0;406
1484;3550308999183;3263.0;437
1485;3550308999184;1837.5;367
1486;3550308999185;2192.0;354
1487;3550308999186;779.0;107
1488;3550308999187;988.0;154
1489;3550308999188;513.0;111
1490;3550308999189;1157.0;205
1491;3550308999190;514.0;142
1492;3550308999191;418.0;105
1493;3550308999192;1062.0;199
1494;3550308999193;90.0;29
1495;3550308999194;388.0;87
1496;3550308999195;158.0;28
1497;3550308999196;1564.0;256
1498;3550308999197;1238.0;192
1499;3550308999198;595.0;119
1500;3550308999199;1222.0;173
1501;3550308999200;628.0;108
1502;3550308999201;666.5;97
1503;3550308999202;1203.5;230
1504;3550308999203;918.0;158
1505;3550308999204;1271.0;235
1506;3550308999205;1365.0;274
1507;3550308999206;1914.0;195
1508;3550308999207;2519.0;441
1509;3550308999208;1208.0;221
1510;3550308999209;730.5;115
1511;3550308999210;1282.0;104
1512;3550308999211;2457.0;404
1513;3550308999212;1166.0;174
1514;3550308999213;1076.0;177
1515;3550308999214;4846.5;327
1516;3550308999215;3568.0;257
1517;3550308999216;1136.0;137
1518;3550308999217;1115.0;180
1519;3550308999218;668.0;138
1520;3550308999219;483.0;69
1521;3550308999220;1057.0;171
1522;3550308999221;750.0;149
1523;3550308999222;419.0;105
1524;3550308999223;1130.0;172
1525;3550308999224;1007.0;173
1526;3550308999225;1277.0;192
1527;3550308999226;940.0;200
1528;3550308999227;770.0;160
1529;3550308999228;568.0;131
1530;3550308999229;1293.0;169
1531;3550308999230;2704.0;292
1532;3550308999231;3719.0;477
1533;3550308999232;835.0;153
1534;3550308999233;832.0;176
1535;3550308999234;1255.0;188
1536;3550308999235;1379.0;232
1537;3550308999236;625.0;135
1538;3550308999237;1959.0;339
1539;3550308999238;498.0;100
1540;3550308999239;679.0;126
1541;3550308999240;1257.0;165
1542;3550308999241;1782.0;227
1543;3550308999242;4576.5;454
1544;3550308999243;1146.5;192
1545;3550308999244;5764.0;436
1546;3550308999245;3579.0;118
1547;3550308999246;662.0;195
1548;3550308999247;1241.0;150
1549;3550308999248;2116.0;218
1550;3550308999249;1030.0;206
1551;3550308999250;1102.0;185
1552;3550308999251;1152.0;214
1553;3550308999252;845.5;173
1554;3550308999253;1007.0;150
1555;3550308999254;544.0;96
1556;3550308999255;241.0;41
1557;3550308999256;2321.0;342
1558;3550308999257;2180.0;134
1559;3550308999258;423.0;98
1560;3550308999259;814.0;163
1561;3550308999260;455.0;78
1562;3550308999261;535.0;129
1563;3550308999262;1243.0;218
1564;3550308999263;2044.0;282
1565;3550308999264;783.5;108
1566;3550308999265;1912.0;311
1567;3550308999266;546.0;69
1568;3550308999267;932.0;158
1569;3550308999268;657.0;69
1570;3550308999269;3964.0;149
1571;3550308999270;537.0;101
1572;3550308999271;2758.0;468
1573;3550308999272;1108.0;132
1574;3550308999273;1624.0;271
1575;3550308999274;7429.0;615
1576;3550308999275;16369.0;741
1577;3550308999276;3190.0;195
1578;3550308999277;2502.5;293
1579;3550308999278;28485.0;2213
1580;3550308999279;45586.0;1446
1581;3550308999280;21691.5;2026
1582;3550308999281;824.0;111
1583;3550308999282;4614.0;478
1584;3550308999283;5089.0;403
1585;3550308999284;3244.0;419
1586;3550308999285;4913.5;579
1587;3550308999286;1827.0;303
1588;3550308999287;4112.0;585
1589;3550308999288;1817.0;186
1590;3550308999289;855.0;171
1591;3550308999290;1302.0;310
1592;3550308999291;2621.5;277
1593;3550308999292;910.0;91
1594;3550308999293;2372.0;234
1595;3550308999294;2991.0;291
1596;3550308999295;1942.0;34
1597;3550308999296;1421.0;158
1598;3550308999297;2204.5;252
1599;3550308999298;451.0;95
1600;3550308999299;187.0;18
1601;3550308999300;346.0;71
1602;3550308999301;5068.0;194
1603;3550308999302;1219.0;195
1604;3550308999303;1554.0;270
1605;3550308999304;596.0;87
1606;3550308999305;1000.5;135
1607;3550308999306;2004.0;126
1608;3550308999307;523.0;48
1609;3550308999308;759.0;155
1610;3550308999309;1730.0;117
1611;3550308999310;599.0;52
1612;3550308999311;3907.5;313
1613;3550308999312;3510.0;560
1614;3550308999313;651.0;129
1615;3550308999314;412.0;100
1616;3550308999315;278.0;32
1617;3550308999316;902.0;157
1618;3550308999317;836.0;158
1619;3550308999318;2685.0;200
1620;3550308999319;268.0;72
1621;3550308999320;221.0;67
1622;3550308999321;1209.0;201
1623;3550308999322;317.5;78
1624;3550308999323;4178.5;437
1625;3550308999324;1404.0;235
1626;3550308999325;644.0;155
1627;3550308999326;6871.0;161
1628;3550308999327;3667.0;176
1629;3550308999328;1055.0;183
1630;3550308999329;2641.0;497
1631;3550308999330;1371.5;228
1632;3550308999331;4858.5;241
1633;3550308999332;653.0;119
1634;3550308999333;309.0;58
1635;3550308999334;376.0;69
1636;3550308999335;818.0;147
1637;3550308999336;424.0;91
1638;3550308999337;821.0;70
1639;3550308999338;523.0;86
1640;3550308999339;149.0;55
1641;3550308999340;980.0;167
1642;3550308999341;3050.0;374
1643;3550308999342;453.0;72
1644;3550308999343;350.0;40
1645;3550308999344;289.0;71
1646;3550308999345;2744.0;308
1647;3550308999346;2434.0;276
1648;3550308999347;14210.0;867
1649;3550308999348;5435.0;476
1650;3550308999349;2934.0;177
1651;3550308999350;1662.0;119
1652;3550308999351;1765.5;156
1653;3550308999352;659.0;112
1654;3550308999353;182.0;51
1655;3550308999354;354.0;92
1656;3550308999355;990.0;104
1657;3550308999356;409.5;64
1658;3550308999357;2636.0;160
1659;3550308999358;767.0;113
1660;3550308999359;624.0;94
1661;3550308999360;650.0;83
1662;3550308999361;1926.0;215
1663;3550308999362;9112.0;464
1664;3550308999363;530.0;82
1665;3550308999364;1162.0;184
1666;3550308999365;985.0;128
1667;3550308999366;730.0;70
1668;3550308999367;725.0;125
1669;3550308999368;504.0;85
1670;3550308999369;1619.0;242
1671;3550308999370;1685.0;251
1672;3550308999371;453.0;83
1673;3550308999372;765.0;132
1674;3550308999373;1136.0;176
1675;3550308999374;396.0;84
1676;3550308999375;5301.0;304
1677;3550308999376;1061.0;123
1678;3550308999377;5999.0;258
1679;3550308999378;2317.0;127
1680;3550308999379;9442.0;731
1681;3550308999380;776.0;177
1682;3550308999381;1713.5;175
1683;3550308999382;320.0;71
1684;3550308999383;15.0;6
1685;3550308999384;385.0;75
1686;3550308999385;225.0;76
1687;3550308999386;694.5;113
1688;3550308999387;812.5;83
1689;3550308999388;302.0;59
1690;3550308999389;1578.0;267
1691;3550308999390;1083.0;123
1692;3550308999391;269.0;65
1693;3550308999392;1993.5;354
1694;3550308999393;227.0;74
1695;3550308999394;2992.0;104
1696;3550308999395;268.0;85
1697;3550308999396;402.0;60
1698;3550308999397;218.0;63
1699;3550308999398;196.0;34
1700;3550308999399;509.0;93
1701;3550308999400;195.0;45
1702;3550308999401;335.5;49
1703;3550308999402;423.0;42
1704;3550308999403;260.0;79
1705;3550308999404;364.0;24
1706;3550308999405;692.5;66
1707;3550308999406;223.0;10
1708;3550308999407;1124.0;185
1709;3550308999408;59.0;15
1710;3550308999409;762.0;126
1711;3550308999410;242.0;52
1712;3550308999411;360.0;60
1713;3550308999412;957.0;183
1714;3550308999413;1156.0;140
1715;3550308999414;276.0;45
1716;3550308999415;129.0;27
1717;3550308999416;2758.0;122
1718;3550308999417;560.0;69
1719;3550308999418;72.0;21
1720;3550308999419;39.0;10
1721;3550308999420;257.0;37
1722;3550308999421;76.0;18
1723;3550308999422;177.0;34
1724;3550308999423;118.5;22
1725;3550308999424;1056.0;213
1726;3550308999425;815.0;115
1727;3550308999426;547.0;51
1728;3550308999427;135.0;29
1729;3550308999428;282.5;62
1730;3550308999429;5830.0;432
1731;3550308999430;384.0;64
1732;3550308999431;682.0;89
1733;3550308999432;918.0;94
1734;3550308999433;167.0;40
1735;3550308999434;2141.5;247
1736;3550308999435;814.0;87
1737;3550308999436;103.0;23
1738;3550308999437;498.0;64
1739;3550308999438;564.0;108
1740;3550308999439;623.0;117
1741;3550308999440;743.0;125
1742;3550308999441;98.0;22
1743;3550308999442;638.0;66
1744;3550308999443;390.0;37
1745;3550308999444;244.0;29
1746;3550308999445;285.0;61
1747;3550308999446;684.0;109
1748;3550308999447;317.0;88
1749;3550308999448;1088.0;71
1750;3550308999449;679.0;133
1751;3550308999450;589.0;69
1752;3550308999451;361.0;46
1753;3550308999452;362.0;54
1754;3550308999453;397.0;62
1755;3550308999454;968.0;73
1756;3550308999455;334.5;54
1757;3550308999456;6998.5;789
1758;3552502001001;2707.0;84
1759;3552502001002;5283.5;276
1760;3552502001003;3834.0;610
1761;3552502001004;889.0;118
1762;3552502001005;3832.0;621
1763;3552502001006;957.0;139
1764;3552502002001;224.0;16
1765;3552502002002;182.0;30
1766;3552502002003;160.0;41
1767;3552502002004;252.0;15
1768;3552502501001;5408.0;148
1769;3552809001001;579.0;66
1770;3552809001002;2505.0;93
1771;3552809001003;2498.0;270
1772;3552809001004;208.0;27
1773;3552809001005;63.0;25
1774;3552809001006;1426.0;217
1775;3552809001007;9026.5;472
1776;3552809001008;866.0;148
1777;3552809001009;4980.0;428
1778;3556453001001;3890.5;332
1779;4100400001001;1420.5;195
1780;4100400001002;492.0;107
1781;4100400001003;1695.0;174
1782;4100400001004;474.0;66
1783;4101804001001;2959.0;562
1784;4101804001002;180.0;53
1785;4101804001003;3410.0;254
1786;4101804001004;4879.0;134
1787;4101804001005;4767.0;199
1788;4104006001001;1338.0;156
1789;4104204001005;11160.0;1241
1790;4104204001099;175.0;36
1791;4104253001001;509.0;100
1792;4105805001001;2811.0;335
1793;4105805001002;1155.0;221
1794;4105805001003;827.0;136
1795;4105805001004;450.0;99
1796;4105805001005;483.0;93
1797;4105805001006;2454.0;333
1798;4105805001007;1624.0;177
1799;4105805001008;2823.0;236
1800;4105805001009;1025.0;121
1801;4106902999001;57734.5;7774
1802;4106902999002;16057.0;1672
1803;4106902999003;10885.0;1625
1804;4106902999004;8376.0;1275
1805;4106902999005;8549.0;954
1806;4106902999006;5934.5;761
1807;4106902999007;2360.0;409
1808;4106902999008;1489.0;280
1809;4106902999009;9700.0;1484
1810;4106902999010;19688.0;378
1811;4106902999011;1603.0;264
1812;4106902999012;5299.0;821
1813;4106902999013;8073.0;789
1814;4106902999014;4371.0;823
1815;4106902999015;1850.0;275
1816;4106902999016;1000.0;128
1817;4106902999017;1237.0;215
1818;4106902999018;6066.0;783
1819;4106902999019;3700.0;596
1820;4106902999020;1227.0;266
1821;4106902999021;3689.0;657
1822;4106902999022;1497.0;368
1823;4106902999023;4522.0;667
1824;4106902999024;8932.0;461
1825;4106902999025;968.0;166
1826;4106902999026;8966.0;1214
1827;4106902999027;9022.0;1343
1828;4106902999028;7131.0;1214
1829;4106902999029;5496.0;763
1830;4106902999030;4073.0;647
1831;4106902999031;14173.0;1232
1832;4106902999032;6304.0;894
1833;4106902999033;6500.0;743
1834;4106902999034;6431.0;476
1835;4106902999035;3714.0;665
1836;4106902999036;1593.0;316
1837;4106902999037;1097.0;172
1838;4106902999038;2698.0;277
1839;4106902999039;2355.0;323
1840;4106902999040;9305.0;873
1841;4106902999041;6302.0;1004
1842;4106902999042;7707.0;535
1843;4106902999043;5373.0;704
1844;4106902999044;2562.0;630
1845;4106902999045;45.0;6
1846;4106902999046;499.0;61
1847;4106902999047;2659.5;560
1848;4106902999048;8402.0;1243
1849;4106902999049;3311.0;658
1850;4106902999050;2282.0;427
1851;4106902999051;898.0;195
1852;4106902999052;333.0;86
1853;4106902999053;198.0;32
1854;4106902999054;13309.0;213
1855;4106902999055;4838.5;288
1856;4106902999056;2489.0;302
1857;4106902999057;1605.0;353
1858;4106902999058;8610.0;409
1859;4106902999059;2489.0;114
1860;4107652001001;3753.0;553
1861;4111258001001;316.0;74
1862;4119152001001;2418.0;258
1863;4119152001002;327.0;96
1864;4119152001003;6284.0;614
1865;4119152001004;716.0;128
1866;4119152001005;5087.0;590
1867;4119152001006;243.0;71
1868;4119509001001;1284.0;208
1869;4119509001002;569.0;99
1870;4120804001001;1796.0;179
1871;4122206001001;1907.0;187
1872;4125506001001;1220.0;107
1873;4125506001002;3587.5;291
1874;4125506001003;1406.0;174
1875;4125506001004;9989.5;747
1876;4125506001005;7312.0;805
1877;4125506001006;5260.0;793
1878;4125506001007;17.0;3
1879;4125506001008;6245.0;294
1880;4300604001001;1760.0;337
1881;4300604001002;383.0;72
1882;4300604001003;599.0;123
1883;4300604001004;246.0;59
1884;4300604001005;98.0;48
1885;4300604001006;429.0;96
1886;4300604001007;143.0;51
1887;4300604001008;1009.0;182
1888;4300604501001;616.0;64
1889;4300877001001;209.0;40
1890;4303103001001;368.0;125
1891;4303103001002;305.0;113
1892;4303103001003;349.0;90
1893;4303103001004;2405.5;510
1894;4303103001005;1541.0;284
1895;4303103001006;8042.0;339
1896;4303103001007;2379.0;375
1897;4303905001001;15099.0;1015
1898;4304606001001;813.0;154
1899;4304606001002;2234.0;212
1900;4304606001003;569.0;120
1901;4304606001004;496.0;51
1902;4304606001005;172.0;22
1903;4304606001006;181.0;59
1904;4304606001007;176.0;63
1905;4304606001008;535.0;93
1906;4304606001009;2371.0;310
1907;4304606001010;10997.0;770
1908;4304606001011;2539.0;468
1909;4304606001012;1858.0;324
1910;4304606001013;2319.0;385
1911;4304606001014;7717.0;357
1912;4304606001015;8657.5;1108
1913;4304689001001;253.5;64
1914;4306403001001;9678.5;469
1915;4306767001001;1313.5;126
1916;4307609001001;8289.0;676
1917;4307708001001;1944.0;124
1918;4307708001002;623.0;126
1919;4307708001003;4247.5;718
1920;4307708001004;3452.0;321
1921;4309209001001;6150.0;138
1922;4309209001002;650.0;165
1923;4309209001003;1551.5;303
1924;4309209001004;826.0;149
1925;4309209001005;2011.0;267
1926;4309209001006;305.0;74
1927;4309209001007;700.0;160
1928;4309209001008;3594.0;621
1929;4309209001009;2729.5;183
1930;4309209001010;4562.0;125
1931;4309209501001;1364.0;117
1932;4309308001001;2060.0;303
1933;4309308001002;450.0;50
1934;4309308001003;3231.5;492
1935;4310801001001;4516.5;362
1936;4313375001001;1185.0;160
1937;4313409001001;2245.0;177
1938;4313409001002;3500.0;220
1939;4313409001003;2750.0;285
1940;4313409001004;3081.0;243
1941;4313409001005;14839.0;1829
1942;4313409001006;605.0;72
1943;4313409001007;1525.0;150
1944;4313409001008;9654.0;734
1945;4313409001009;180.0;32
1946;4313409001010;879.0;186
1947;4313409001011;3815.5;400
1948;4313409001012;7576.0;1113
1949;4313409001013;4968.0;558
1950;4313409001014;3666.0;439
1951;4313409001015;703.0;122
1952;4314803001001;5223.5;411
1953;4314902999001;1479.0;108
1954;4314902999002;569.0;143
1955;4314902999003;748.0;186
1956;4314902999004;2243.0;237
1957;4314902999005;56666.0;6249
1958;4314902999006;3154.0;809
1959;4314902999007;3369.0;452
1960;4314902999008;9016.0;600
1961;4314902999009;14044.5;1943
1962;4314902999010;6961.0;971
1963;4314902999011;9373.0;534
1964;4314902999012;612.0;139
1965;4314902999013;5362.0;876
1966;4314902999014;4069.5;728
1967;4314902999015;1115.0;219
1968;4314902999016;7301.0;1855
1969;4314902999017;906.0;246
1970;4314902999018;3903.0;691
1971;4314902999019;12402.0;1056
1972;4314902999020;1442.0;242
1973;4314902999021;13050.5;1142
1974;4314902999022;642.0;144
1975;4314902999023;11915.0;1303
1976;4314902999024;2419.5;203
1977;4314902999025;911.0;165
1978;4314902999026;834.0;156
1979;4314902999027;854.0;91
1980;4314902999028;609.0;144
1981;4314902999029;9938.5;749
1982;4314902999030;19545.0;2390
1983;4314902999031;7461.0;892
1984;4314902999032;3622.0;633
1985;4314902999033;5884.0;969
1986;4314902999034;1392.0;268
1987;4314902999035;851.0;165
1988;4314902999036;3345.0;364
1989;4314902999037;5521.0;525
1990;4314902999038;3044.0;448
1991;4314902999039;1957.0;314
1992;4314902999040;851.0;147
1993;4314902999041;2400.0;541
1994;4314902999042;2503.0;473
1995;4314902999043;301.0;57
1996;4314902999044;24395.0;2502
1997;4314902999045;4415.0;852
1998;4314902999046;13146.0;3313
1999;4314902999047;7020.0;1459
2000;4314902999048;4095.0;772
2001;4314902999049;6806.5;851
2002;4318705001001;1447.0;162
2003;4318705001002;5532.0;654
2004;4318705001003;190.0;48
2005;4318705001004;509.0;119
2006;4318705001005;3661.0;178
2007;4318705001006;672.0;107
2008;4318705001007;1818.0;168
2009;4318705001008;2346.0;163
2010;4318705001009;9906.0;735
2011;4318705001010;5735.5;1083
2012;4319901001001;7963.5;544
2013;4319901001002;2459.0;156
2014;4319901001003;1852.0;184
2015;4319901001004;8072.0;420
2016;4320008001001;617.0;123
2017;4320008001002;2005.0;181
2018;4320008001003;802.0;172
2019;4320008001004;417.0;85
2020;4320008001005;3320.0;88
2021;4320008001006;4813.5;559
2022;4323002001001;974.0;157
2023;4323002001002;705.5;167
2024;4323002001003;185.0;49
2025;4323002001004;361.0;76
2026;4323002001005;1991.5;374
2027;4323002001006;2389.0;233
2028;4323002001007;280.5;52
2029;4323002001008;266.0;99
2030;4323002001009;533.0;77
2031;4323002001010;500.0;89
2032;4323002001011;223.0;18
2033;5200050001001;142.0;29
2034;5200258001001;60.0;13
2035;5200258001002;301.0;88
2036;5200258001003;113.0;30
2037;5201405999001;1031.0;176
2038;5201405999002;1363.0;190
2039;5201405999003;559.0;58
2040;5201405999004;1019.0;140
2041;5201405999005;1869.0;131
2042;5201405999006;3084.0;506
2043;5201405999007;2177.0;214
2044;5201405999008;850.0;110
2045;5201405999009;217.0;50
2046;5201405999010;5188.0;399
2047;5201405999011;1181.0;75
2048;5201405999012;414.0;95
2049;5201405999013;1726.0;247
2050;5201405999014;697.0;91
2051;5201405999015;1131.0;200
2052;5205497001001;233.0;31
2053;5208004001001;583.0;149
2054;5208004001002;860.0;218
2055;5208004001003;1490.0;439
2056;5208004001004;223.0;67
2057;5208707999001;18308.5;1989
2058;5208707999002;17366.0;2695
2059;5208707999003;11672.0;1788
2060;5208707999004;7466.5;959
2061;5208707999005;3005.0;449
2062;5208707999006;4428.0;630
2063;5208707999007;10690.0;554
2064;5208707999008;6476.0;521
2065;5208707999009;2399.0;417
2066;5208707999010;4632.0;635
2067;5208707999011;13732.0;1511
2068;5208707999012;3541.0;670
2069;5208707999013;5794.0;295
2070;5208707999014;4245.0;819
2071;5208707999015;1105.0;241
2072;5208707999016;10715.5;1378
2073;5208707999017;19039.0;3685
2074;5208707999018;4522.0;434
2075;5208707999019;10872.5;1820
2076;5208707999020;1445.0;264
2077;5208707999021;5405.5;303
2078;5208707999022;8349.5;819
2079;5208707999023;2787.0;246
2080;5208707999024;574.0;54
2081;5208707999025;1884.0;277
2082;5208707999026;1664.0;191
2083;5208707999027;2114.0;208
2084;5208707999028;150.0;46
2085;5208707999029;2735.0;458
2086;5208707999030;1285.0;233
2087;5208707999031;626.0;168
2088;5208707999032;564.0;155
2089;5208707999033;6014.0;703
2090;5208707999034;478.0;101
2091;5208707999035;5533.0;756
2092;5208707999036;11943.0;223
2093;5208707999037;59.0;12
2094;5208707999038;4502.5;804
2095;5208707999039;1399.0;248
2096;5208806001001;2010.0;321
2097;5212501001001;222.0;48
2098;5212501001002;189.0;42
2099;5212501001003;380.0;83
2100;5212501001004;737.0;123
2101;5212501001005;892.0;125
2102;5212501001006;5173.0;765
2103;5212501001007;591.0;90
2104;5214507001001;852.0;278
2105;5215231001001;802.5;196
2106;5215603001001;764.0;86
2107;5217609001001;1215.0;321
2108;5219753001001;663.0;181
2109;5220454001001;1825.5;245
2110;5221403001001;1323.0;164
2111;5221403001002;1032.0;128
2112;5221403001003;948.0;115
2113;5221403001004;757.0;78
2114;5221858001001;191.0;58
2115;5221858001002;2394.0;405
2116;5221858001003;786.0;153
2117;5221858001004;51.0;11
2118;5221858001005;19.0;10
2119;5300108999001;24721.0;2405
2120;5300108999002;14279.0;1074
2121;5300108999003;3069.0;480
2122;5300108999004;1398.0;405
2123;5300108999005;10852.0;1304
2124;5300108999006;36715.5;3577
2125;5300108999007;3231.0;495
2126;5300108999008;1799.0;277
2127;5300108999009;1661.0;329
2128;5300108999010;4175.0;461
2129;5300108999011;35698.0;2676
2130;5300108999012;11494.0;536
2131;5300108999013;1807.0;227
2132;5300108999014;572.0;67
2133;5300108999015;243.0;63
2134;5300108999016;194.0;40
2135;5300108999017;431.0;109
2136;5300108999018;1556.0;280
2137;5300108999019;2504.0;240
2138;5300108999020;4988.0;513
2139;5300108999021;2952.0;287
2140;5300108999022;1914.0;311
2141;5300108999023;394.0;99
2142;5300108999024;232.0;40
2143;5300108999025;510.0;57
2144;5300108999026;773.0;106
2145;5300108999027;555.0;130
2146;5300108999028;2855.0;529
2147;5300108999029;4212.0;672
2148;5300108999030;4109.0;724
2149;5300108999031;8123.0;1239
2150;5300108999032;2250.5;347
2151;5300108999033;1437.0;202
2152;5300108999034;30.0;14
2153;5300108999035;4481.0;612
2154;5300108999036;3158.0;674
2155;5300108999037;2148.0;346
2156;5300108999038;1219.0;192
2157;5300108999039;263.0;43
2158;5300108999040;321.0;80
2159;5300108999041;1829.0;340
2160;5300108999042;2.0;2
2161;5300108999043;381.0;57
2162;5300108999044;152.0;39
2163;5300108999045;642.0;147
2164;5300108999046;130.0;34
2165;5300108999047;246.0;49
2166;5300108999048;261.0;54
2167;5300108999049;91.0;30
2168;5300108999050;945.0;280
2169;5300108999051;1039.0;300
2170;5300108999052;911.0;136
2171;5300108999053;798.0;155
2172;5300108999054;86.0;35
2173;5300108999055;2843.0;556
2174;5300108999056;7933.0;418
2175;5300108999057;492.0;37
2176;5300108999058;331.0;75
2177;5300108999059;17.0;12
2178;5300108999060;945.0;177
2179;5300108999061;925.0;193
2180;5300108999062;1754.0;277
2181;5300108999063;442.0;73
2182;5300108999064;75.0;24
2183;5300108999065;553.0;65
2184;5300108999066;576.0;109
2185;5300108999067;207.0;63
2186;5300108999068;1305.0;165
2187;5300108999069;1704.0;227
2188;5300108999070;42.0;17
2189;5300108999071;320.0;84
2190;5300108999072;146.0;14
2191;5300108999073;514.0;132
2192;5300108999074;29915.0;1253
2193;5300108999075;822.0;186
2194;5300108999076;701.0;132
2195;5300108999077;1536.0;332
2196;5300108999078;8349.0;623
2197;5300108999079;755.0;61
2198;5300108999080;2098.0;278
2199;5300108999081;1591.0;368
2200;5300108999082;2602.0;509
2201;5300108999083;1404.0;324
2202;5300108999084;1770.0;302
2203;5300108999085;955.0;222
2204;5300108999086;707.0;118
2205;5300108999087;652.0;119
2206;5300108999088;288.0;65
2207;5300108999089;284.0;59
2208;5300108999090;1400.0;119
2209;5300108999091;1964.0;257
2210;5300108999092;805.0;122
2211;5300108999093;166.0;49
2212;5300108999094;368.0;96
2213;5300108999095;285.0;81
2214;5300108999096;224.0;38
2215;5300108999097;1501.0;272
2216;5300108999098;256.0;87
2217;5300108999099;341.0;111
2218;5300108999100;392.0;104
2219;5300108999101;309.0;62
2220;5300108999102;4153.0;828
2221;5300108999103;7.0;4
2222;5300108999104;243.0;59
2223;5300108999105;8617.0;990
2224;5300108999106;2236.0;370
