AP;num_firms
1302603999001;6304
1302603999002;1793
1302603999003;407
1302603999004;510
1302603999005;475
1302603999006;1596
1302603999007;909
1302603999008;729
1302603999009;1124
1302603999010;631
1302603999011;790
1302603999012;390
1302603999013;352
1302603999014;362
1302603999015;1177
1302603999016;311
1302603999017;690
1302603999018;363
1302603999019;952
1302603999020;208
1302603999021;1896
1302603999022;2778
1302603999023;848
1302603999024;1604
1302603999025;1512
1302603999026;353
1302603999027;277
1302603999028;616
1302603999029;1789
1302603999030;323
1302603999031;679
1302603999032;1294
1302603999033;603
1302603999034;88
1302603999035;286
1302603999036;1113
1302603999037;311
1302603999038;160
1302603999039;84
1500800999001;308
1500800999002;208
1500800999003;344
1500800999004;938
1500800999005;559
1500800999006;297
1500800999007;1558
1500800999008;419
1500800999009;150
1500800999010;774
1500800999011;134
1500800999012;120
1500800999013;115
1500800999014;148
1500800999015;180
1501303001001;1362
1501303001002;148
1501402999001;5641
1501402999002;601
1501402999003;627
1501402999004;572
1501402999006;267
1501402999007;2575
1501402999008;1384
1501402999009;2834
1501402999010;1511
1501402999011;236
1501402999012;161
1501402999013;567
1501402999014;366
1501402999015;682
1501402999016;775
1501402999017;1088
1501402999018;461
1501402999019;109
1501402999020;59
1501402999021;126
1501402999022;316
1501402999023;246
1501402999024;65
1501402999025;684
1501402999026;1538
1501402999027;639
1501402999028;276
1501402999029;968
1501402999030;497
1501402999031;337
1501402999032;306
1501402999033;334
1501402999034;225
1501402999035;97
1501402999036;501
1501402999037;117
1501402999038;98
1501501001001;805
1504422001001;1067
1600303999001;2434
1600303999002;680
1600303999003;290
1600303999004;265
1600303999005;416
1600303999006;362
1600303999007;338
1600303999008;1033
1600303999009;450
1600303999010;1120
1600303999011;237
1600303999012;380
1600303999013;935
1600303999014;94
1600600001001;1565
2107506001001;1237
2109452001001;373
2111201001005;1242
2111201001010;968
2111300999001;889
2111300999002;803
2111300999003;411
2111300999004;1097
2111300999005;1579
2111300999006;505
2111300999007;326
2111300999008;439
2111300999009;578
2111300999010;363
2111300999011;897
2111300999012;1190
2111300999013;749
2111300999014;982
2111300999015;212
2111300999016;175
2111300999017;996
2111300999018;554
2111300999019;250
2111300999020;511
2111300999021;312
2111300999022;817
2111300999023;141
2111300999024;1064
2111300999025;136
2111300999026;92
2111300999027;399
2111300999028;11
2111300999029;1876
2111300999030;955
2111300999031;234
2111300999032;1127
2111300999033;954
2111300999034;3205
2111300999035;318
2111300999036;3543
2112209999001;691
2112209999002;893
2112209999003;153
2112209999004;195
2112209999005;252
2112209999006;3
2203305001001;177
2211001999001;825
2211001999002;861
2211001999003;489
2211001999004;214
2211001999005;315
2211001999006;73
2211001999007;635
2211001999008;701
2211001999009;289
2211001999010;336
2211001999011;655
2211001999012;5665
2211001999013;1144
2211001999014;1164
2211001999015;627
2211001999016;957
2211001999017;1474
2211001999018;187
2211001999019;172
2211001999020;710
2211001999021;239
2211001999022;1033
2211001999023;3846
2211001999024;877
2211001999025;338
2211001999026;409
2211001999027;375
2211001999028;226
2211001999029;506
2211001999030;173
2211001999031;60
2211001999032;44
2301000001005;1556
2301000001099;144
2301901001001;1042
2303709001001;1034
2303709001002;978
2303709001003;637
2303709001004;581
2303709005001;317
2303709005002;268
2303709005003;265
2303709005004;242
2303709005005;432
2303709501001;39
2304202001005;3243
2304202001099;6
2304285001001;2642
2304400999001;1515
2304400999002;1400
2304400999003;797
2304400999004;328
2304400999005;491
2304400999006;604
2304400999007;410
2304400999008;545
2304400999009;1419
2304400999010;1719
2304400999011;1123
2304400999012;881
2304400999013;1230
2304400999014;1961
2304400999015;3001
2304400999016;1443
2304400999017;10909
2304400999018;3768
2304400999019;8235
2304400999020;2207
2304400999021;1229
2304400999022;3986
2304400999023;1671
2304400999024;416
2304400999025;729
2304400999026;1746
2304400999027;782
2304400999028;802
2304400999029;1133
2304400999030;590
2304400999031;722
2304400999032;414
2304400999033;398
2304400999034;422
2304400999035;1533
2304400999036;2187
2304400999037;594
2304400999038;1491
2304400999039;1069
2304400999040;901
2304400999041;507
2304400999042;407
2304400999043;991
2304400999044;1827
2304400999045;1090
2304400999046;517
2304400999047;950
2304400999048;331
2304400999049;959
2304400999050;2414
2304400999051;930
2304400999052;739
2304400999053;579
2304400999054;980
2304400999055;1559
2304400999056;508
2304400999057;1478
2304400999058;534
2304400999059;433
2304400999060;801
2304400999061;596
2304400999062;701
2304400999063;492
2304400999064;638
2304400999065;2554
2304400999066;1483
2304400999067;589
2304400999068;502
2304400999069;882
2304400999070;914
2304400999071;765
2306256001001;582
2307304999001;1124
2307304999002;400
2307304999003;718
2307304999004;571
2307304999005;2147
2307304999006;735
2307304999007;915
2307304999008;226
2307304999009;514
2307304999010;680
2307650999001;867
2307650999002;1171
2307650999003;1017
2307650999004;859
2307650999005;961
2307700001005;1756
2307700001099;3
2309706001001;729
2403251001001;887
2403251001002;668
2403251001003;1288
2403251001004;1309
2403251001005;1473
2403608001001;333
2407104001001;1232
2407104001002;147
2408102999001;1350
2408102999002;513
2408102999003;829
2408102999004;574
2408102999005;884
2408102999006;5408
2408102999007;2211
2408102999008;1611
2408102999009;949
2408102999010;951
2408102999011;2472
2408102999012;2402
2408102999013;577
2408102999014;4613
2408102999015;4570
2408102999016;639
2408102999017;646
2408102999018;612
2408102999019;398
2408102999020;1254
2408102999021;1083
2408201001001;443
2412005001005;149
2412005001099;994
2412203001001;653
2501807001001;176
2501807001002;371
2501807001003;604
2501807001004;423
2503209001001;1945
2504009999001;4114
2504009999002;1017
2504009999003;238
2504009999004;386
2504009999005;486
2504009999006;1224
2504009999007;827
2504009999008;806
2504009999009;426
2504009999010;469
2504009999011;229
2504009999012;356
2504009999013;402
2504009999014;317
2504009999015;302
2504009999016;400
2504009999017;88
2504900001001;106
2507507999001;1744
2507507999002;147
2507507999003;613
2507507999004;5247
2507507999005;618
2507507999006;493
2507507999007;401
2507507999008;396
2507507999009;1656
2507507999010;276
2507507999011;409
2507507999012;646
2507507999013;721
2507507999014;807
2507507999015;582
2507507999016;2138
2507507999017;251
2507507999018;1576
2507507999019;327
2507507999020;340
2507507999021;1257
2507507999022;895
2507507999023;1757
2507507999024;2336
2507507999025;357
2507507999026;300
2508307001001;333
2512507001001;259
2512507001002;364
2513703001001;410
2513703001002;251
2513703001003;183
2513703001004;710
2513703001005;344
2600054001001;497
2600054001002;264
2600054001003;179
2600054001004;170
2600054001005;219
2602902001005;2308
2602902001099;1208
2603454001001;265
2603454001002;637
2603454001003;464
2603454001004;161
2603454001005;72
2603454001006;415
2605202001001;914
2606804001001;609
2606804001002;386
2606804001003;300
2606804001004;157
2607604001001;311
2607752001001;232
2607901001001;258
2607901001002;684
2607901001003;772
2607901001004;1176
2607901001005;456
2607901001006;260
2607901001007;381
2607901001008;967
2607901001009;500
2607901001010;598
2607901001011;422
2607901001012;290
2607901001013;107
2607901001014;79
2607901001015;865
2607901001016;1004
2607901002001;149
2607901002002;356
2607901002003;318
2607901002004;157
2607901002005;227
2607901002006;348
2607901003001;472
2607901003002;77
2607901003003;473
2607901003004;455
2609402001001;944
2609600999001;351
2609600999002;580
2609600999003;883
2609600999004;316
2609600999005;382
2609600999006;630
2609600999007;3126
2609600999008;1144
2609600999009;231
2609600999010;793
2610608001001;646
2610707999001;492
2610707999002;509
2610707999003;401
2610707999004;309
2610707999005;400
2610707999006;75
2610707999007;209
2610707999008;511
2610707999009;348
2610707999010;374
2610707999011;179
2610707999012;952
2611101999001;4109
2611101999002;1352
2611101999003;2368
2611101999004;985
2611101999005;3
2611101999006;47
2611606999001;4789
2611606999002;4564
2611606999003;4971
2611606999004;426
2611606999005;1397
2611606999006;1181
2611606999007;316
2611606999008;200
2611606999009;452
2611606999010;227
2611606999011;166
2611606999012;1989
2611606999013;2507
2611606999014;1287
2611606999015;1452
2611606999016;1310
2611606999017;250
2611606999018;151
2611606999019;146
2611606999020;263
2611606999021;207
2611606999022;161
2611606999023;289
2611606999024;1233
2611606999025;654
2611606999026;694
2611606999027;1071
2611606999028;706
2611606999029;1805
2611606999030;1244
2611606999031;283
2611606999032;419
2611606999033;1442
2611606999034;620
2611606999035;654
2611606999036;159
2611606999037;467
2611606999038;451
2611606999039;469
2611606999040;717
2611606999041;4076
2611606999042;1002
2611606999043;4167
2611606999044;2242
2611606999045;1737
2611606999046;1095
2611606999047;685
2611606999048;484
2611606999049;569
2611606999050;98
2611606999051;789
2611606999052;179
2611606999053;236
2613701001001;673
2613701001002;231
2613701001003;134
2613701001004;69
2702207001001;45
2704302999001;876
2704302999002;822
2704302999003;559
2704302999004;442
2704302999005;905
2704302999006;5318
2704302999007;317
2704302999008;224
2704302999009;167
2704302999010;1149
2704302999011;809
2704302999012;1894
2704302999013;495
2704302999014;517
2704302999015;1402
2704302999016;81
2704302999017;928
2704302999018;3070
2704302999019;875
2704302999020;290
2704302999021;1378
2704302999022;303
2704302999023;1345
2704302999024;183
2707701001001;1044
2707909001001;103
2708907001001;200
2800308999001;4562
2800308999002;3300
2800308999003;1290
2800308999004;1343
2800308999005;1069
2800308999006;645
2800308999007;321
2800308999008;668
2800308999009;656
2800308999010;833
2800308999011;1767
2800308999012;627
2800308999013;155
2800308999014;914
2800308999015;341
2800308999016;591
2800308999017;206
2800308999018;109
2800308999019;112
2800308999020;569
2800308999021;541
2800308999022;192
2800605001001;375
2803609001001;353
2804003001001;232
2804805001001;476
2804805001002;110
2804805001003;52
2804805001004;983
2804805001005;261
2804805001006;84
2806701001001;1267
2905701001001;454
2905701001002;1060
2905701001003;1153
2905701001004;2749
2905701001005;1203
2905701501001;279
2905701502001;34
2906501001001;1899
2910057001001;1898
2910800999001;596
2910800999002;973
2910800999003;715
2910800999004;283
2910800999005;1492
2910800999006;1005
2910800999007;6321
2910800999008;607
2910800999009;373
2910800999010;160
2910800999011;959
2910800999012;774
2910800999013;1445
2910800999014;3019
2910800999015;1423
2910800999016;979
2910800999017;775
2910800999018;14
2910800999019;36
2913606999001;3005
2913606999002;594
2913606999003;371
2913606999004;230
2913606999005;450
2913606999006;673
2913606999007;428
2913606999008;4
2914802999001;3016
2914802999002;728
2914802999003;775
2914802999004;1300
2914802999005;466
2914802999006;309
2914802999007;867
2914802999008;140
2914802999009;584
2914802999010;316
2916104001001;317
2918407001005;6220
2919207001001;7287
2919207001002;565
2919207001003;459
2919207001004;1452
2919207001005;717
2919926001001;397
2921005001001;1132
2927408999001;175
2927408999002;1347
2927408999003;333
2927408999004;96
2927408999005;1193
2927408999006;729
2927408999007;890
2927408999008;88
2927408999009;583
2927408999010;728
2927408999011;555
2927408999012;4168
2927408999013;234
2927408999014;1129
2927408999015;1281
2927408999016;1800
2927408999017;8899
2927408999018;5155
2927408999019;58
2927408999020;373
2927408999021;1207
2927408999022;1756
2927408999023;1851
2927408999024;1530
2927408999025;605
2927408999026;744
2927408999027;579
2927408999028;629
2927408999029;1539
2927408999030;430
2927408999031;252
2927408999032;238
2927408999033;389
2927408999034;300
2927408999035;8448
2927408999036;3684
2927408999037;2332
2927408999038;640
2927408999039;508
2927408999040;499
2927408999041;174
2927408999042;230
2927408999043;160
2927408999044;202
2927408999045;152
2927408999046;86
2927408999047;616
2927408999048;353
2927408999049;101
2927408999050;199
2927408999051;910
2927408999052;547
2927408999053;188
2927408999054;210
2927408999055;893
2927408999056;1100
2927408999057;222
2927408999058;354
2927408999059;337
2927408999060;123
2927408999061;1860
2927408999062;1226
2927408999063;711
2927408999064;599
2927408999065;305
2927408999066;758
2927408999067;3040
2927408999068;525
2927408999069;788
2927408999070;414
2927408999071;462
2927408999072;665
2927408999073;240
2927408999074;904
2927408999075;496
2927408999076;204
2927408999077;280
2927408999078;839
2927408999079;725
2927408999080;210
2927408999081;540
2927408999082;189
2927408999083;264
2927408999084;246
2927408999085;651
2927408999086;193
2927408999087;81
2927408999088;52
2929206001001;544
2929503001001;655
2930709001001;3511
2930709001002;133
3106200999001;2490
3106200999002;5137
3106200999003;3336
3106200999004;478
3106200999005;3408
3106200999006;25418
3106200999007;6085
3106200999008;980
3106200999009;1711
3106200999010;2089
3106200999011;1486
3106200999012;1519
3106200999013;162
3106200999014;3001
3106200999015;930
3106200999016;383
3106200999017;933
3106200999018;3484
3106200999019;825
3106200999020;928
3106200999021;2122
3106200999022;5301
3106200999023;3782
3106200999024;5192
3106200999025;2157
3106200999026;2492
3106200999027;231
3106200999028;607
3106200999029;3362
3106200999030;3977
3106200999031;845
3106200999032;373
3106200999033;1857
3106200999034;1551
3106200999035;782
3106200999036;397
3106200999037;1467
3106200999038;4819
3106200999039;1696
3106200999040;1446
3106200999041;1297
3106200999042;983
3106200999043;1128
3106200999044;1969
3106200999045;1841
3106200999046;326
3106200999047;2856
3106200999048;2129
3106200999049;4108
3106200999050;3473
3106200999051;1010
3106200999052;2235
3106200999053;1028
3106200999054;17379
3106200999055;2925
3106200999056;271
3106200999057;1468
3106200999058;1609
3106705001001;221
3106705001002;346
3106705001003;326
3106705001004;575
3106705001005;774
3106705001006;725
3106705001007;248
3106705001008;279
3106705001009;3323
3106705001010;550
3106705001011;939
3106705001012;718
3106705001013;1470
3109006001001;1318
3110004001001;1580
3112505001001;400
3115904001001;138
3117876001001;320
3118601001001;986
3118601001002;621
3118601001003;1029
3118601001004;1109
3118601001005;822
3118601001006;515
3118601001007;941
3118601001008;628
3118601001009;423
3118601001010;501
3118601001011;203
3118601001012;1517
3118601001013;680
3118601001014;943
3118601001015;379
3118601001016;566
3118601001017;1234
3118601002001;1089
3118601002002;955
3118601002003;669
3118601002004;963
3118601002005;991
3118601002006;946
3118601002007;854
3118601002008;1011
3118601002009;1181
3118601002010;540
3118601002011;1574
3119401501001;2736
3119401502001;1612
3124104001001;1862
3129806501001;1862
3129806502001;663
3130101001001;1107
3131158001001;396
3131307001001;3024
3131307001002;1038
3131307001003;814
3131307001004;1207
3131307001005;1749
3131307001006;291
3131307002001;428
3131307002002;1207
3131307002003;384
3131307002004;1179
3136652001001;673
3136702001001;3083
3136702001002;1211
3136702001003;556
3136702001004;446
3136702001005;355
3136702001006;338
3136702001007;1286
3136702001008;3249
3136702001009;2608
3136702001010;343
3136702001011;5567
3136702001012;482
3136702001013;760
3136702001014;590
3136702001015;1058
3136702001016;1031
3136702001017;1360
3136702001018;1398
3136702001019;504
3136702001020;309
3136702001021;975
3136702001022;327
3136702001023;958
3136702001024;852
3137601001001;2216
3140159001001;214
3140704001001;1158
3140803001001;820
3141108001001;1568
3144805001001;4584
3149309001001;2415
3153608001001;332
3153905001001;385
3154606001001;771
3154606001002;456
3154606001003;799
3154606001004;371
3154606002001;388
3154606002002;191
3154606002003;277
3154606002004;225
3154606002005;588
3154606002006;210
3154804001001;1808
3156700501001;1300
3156700502001;1228
3157807001001;1158
3157807001002;778
3157807001003;198
3157807002001;417
3157807002002;1008
3157807002003;143
3157807002004;291
3157807002005;244
3158953001001;672
3162922001001;515
3162955001001;578
3165537001001;815
3167202001001;602
3167202001002;4040
3167202001003;591
3167202001004;523
3167202001005;701
3167202001006;1936
3167202001007;581
3167202001008;1030
3168705001001;3465
3170206001001;580
3170206001002;232
3170206001003;1123
3170206001004;756
3170206001005;997
3170206001006;1398
3170206001007;2558
3170206001008;554
3170206001009;3056
3170206001010;1817
3170206001011;5803
3170206001012;2440
3170206001013;3615
3170206001014;841
3170206001015;1418
3170206001016;865
3170206001017;438
3170206001018;765
3170206001019;394
3170206001020;924
3170206001021;648
3170206001022;428
3170206001023;1304
3170206001024;1223
3170206001025;378
3170206001026;640
3170206001027;1047
3171204001001;2064
3201308001001;189
3201308001002;60
3201308001003;1128
3201308001004;554
3201308001005;159
3201308002001;610
3201308002002;535
3201308002003;666
3201308002004;366
3201308002005;338
3201308002006;424
3201308002007;726
3201308002008;505
3201308002009;1764
3201308002010;1137
3202405001001;1900
3202405001002;1301
3202405001003;1204
3202405001004;1420
3202405001005;144
3205002999001;659
3205002999002;1241
3205002999003;892
3205002999004;621
3205002999005;376
3205002999006;250
3205002999007;637
3205002999008;1203
3205002999009;1512
3205002999010;3480
3205002999011;2143
3205002999012;1032
3205101001001;1544
3205200999001;1936
3205200999002;867
3205200999003;303
3205200999004;3041
3205200999005;2660
3205200999006;302
3205200999007;1113
3205200999008;1003
3205200999009;680
3205200999010;1028
3205200999011;436
3205200999012;463
3205200999013;313
3205200999014;340
3205200999015;1324
3205200999016;910
3205200999017;453
3205200999018;497
3205200999019;1043
3205309999001;4139
3205309999002;742
3205309999003;3522
3205309999004;1533
3205309999005;8784
3205309999006;6279
3205309999007;368
3205309999008;430
3300308001005;2843
3300308001099;220
3300407001001;387
3300407001002;928
3300407001003;399
3300407001004;473
3300407001005;201
3300407001006;2277
3300407001007;1063
3300407001008;590
3300456999001;1025
3300456999002;303
3300456999003;567
3300456999004;293
3300456999005;169
3300456999006;160
3300456999007;165
3300456999008;151
3300456999009;419
3300456999010;151
3300456999011;254
3300456999012;187
3300456999013;335
3300456999014;102
3300456999015;498
3300456999016;171
3300456999017;154
3300456999018;189
3300456999019;183
3300456999020;240
3301009999001;3
3301009999004;3
3301009999006;797
3301009999007;213
3301009999008;271
3301009999009;722
3301009999010;1596
3301009999011;5591
3301009999012;244
3301009999013;674
3301009999014;834
3301009999015;522
3301009999016;427
3301009999017;517
3301009999018;376
3301009999019;296
3301009999020;366
3301009999021;134
3301009999022;429
3301702999001;1530
3301702999002;261
3301702999003;82
3301702999004;1203
3301702999005;504
3301702999006;291
3301702999007;858
3301702999008;1955
3301702999009;289
3301702999010;201
3301702999011;532
3301702999012;182
3301702999013;91
3301702999014;136
3301702999015;178
3301702999016;149
3301702999017;153
3301702999018;231
3301702999019;202
3301702999020;166
3301702999021;244
3301702999022;373
3301702999023;232
3301702999024;386
3301702999025;414
3301702999026;154
3301702999027;157
3301702999028;256
3301702999029;817
3301702999030;328
3301702999031;294
3301702999032;226
3301702999033;226
3301702999034;219
3301702999035;603
3301702999036;287
3301702999037;136
3301702999038;456
3301702999039;479
3301702999040;276
3301702999041;121
3301702999042;256
3301702999043;325
3301702999044;177
3301702999045;243
3301702999046;93
3301702999047;131
3301702999048;483
3301702999049;216
3301702999050;453
3301850001001;1711
3301900001001;558
3301900001002;118
3301900001003;1937
3301900001004;341
3301900001005;200
3301900001006;330
3301900001007;397
3301900001008;86
3301900001009;119
3302007001001;385
3302007001002;560
3302007001003;1333
3302007001004;686
3302270001001;217
3302270001002;121
3302270001003;335
3302270001004;164
3302502001001;326
3302502001002;1969
3302502001003;233
3302502001004;1409
3302502001005;222
3302502001006;322
3302502001007;42
3302502001008;130
3302502001009;114
3302502001010;103
3302502001011;283
3302601001001;947
3302700001001;729
3302700001002;1011
3302700001003;397
3302700001004;759
3302700001005;212
3303203001001;326
3303203001002;447
3303203001003;1306
3303203001004;371
3303203001005;224
3303203002001;327
3303203002002;194
3303203002003;190
3303302999001;1275
3303302999002;841
3303302999003;658
3303302999004;317
3303302999005;709
3303302999006;590
3303302999007;3321
3303302999008;1166
3303302999009;466
3303302999010;1272
3303302999011;127
3303302999012;407
3303302999013;389
3303302999014;1131
3303302999015;257
3303302999016;467
3303302999017;7341
3303302999018;827
3303302999019;1375
3303500999001;416
3303500999002;576
3303500999003;279
3303500999004;214
3303500999005;414
3303500999006;155
3303500999007;4088
3303500999008;392
3303500999009;475
3303500999010;624
3303500999011;201
3303500999012;247
3303500999013;131
3303500999014;205
3303500999015;182
3303500999016;235
3303500999017;142
3303500999018;249
3303500999019;258
3303500999020;177
3303500999021;714
3303500999022;243
3303500999023;858
3303500999024;330
3303500999025;141
3303500999026;161
3303500999027;308
3303500999028;201
3303500999029;214
3303500999030;148
3303500999031;336
3303500999032;110
3303500999033;100
3303500999034;230
3303500999035;305
3303500999036;48
3303500999037;84
3303500999038;141
3303500999039;150
3303500999040;172
3303500999041;261
3303500999042;183
3303500999043;280
3303500999044;336
3303609001001;1205
3303906001001;418
3303906001002;783
3303906001003;1031
3303906001004;739
3303906001005;502
3303906001006;1240
3303906001007;265
3303906001008;2990
3303906001009;345
3303906002001;751
3303906002002;491
3303906002003;1238
3303906501001;1272
3303906502001;1426
3303906503001;152
3303955001001;618
3304003001001;731
3304144501001;585
3304144502001;787
3304144503001;466
3304557999001;373
3304557999002;381
3304557999003;597
3304557999004;565
3304557999005;1303
3304557999006;892
3304557999007;1246
3304557999008;525
3304557999009;423
3304557999010;487
3304557999011;663
3304557999012;1379
3304557999013;20091
3304557999014;177
3304557999015;1482
3304557999016;788
3304557999017;2415
3304557999018;2951
3304557999019;3246
3304557999020;1772
3304557999021;924
3304557999022;1575
3304557999023;1278
3304557999024;408
3304557999025;1040
3304557999026;1318
3304557999027;1209
3304557999028;2204
3304557999029;224
3304557999030;585
3304557999031;37685
3304557999032;5808
3304557999033;400
3304557999034;603
3304557999035;429
3304557999036;281
3304557999037;902
3304557999038;2471
3304557999039;1532
3304557999040;2804
3304557999041;3126
3304557999042;2474
3304557999043;758
3304557999044;750
3304557999045;895
3304557999046;1142
3304557999047;1056
3304557999048;525
3304557999049;761
3304557999050;486
3304557999051;746
3304557999052;2856
3304557999053;602
3304557999054;385
3304557999055;790
3304557999056;750
3304557999057;964
3304557999058;357
3304557999059;1859
3304557999060;1162
3304557999061;1888
3304557999062;346
3304557999063;3234
3304557999064;1590
3304557999065;426
3304557999066;849
3304557999067;1179
3304557999068;1027
3304557999069;1687
3304557999070;1820
3304557999071;789
3304557999072;180
3304557999073;1219
3304557999074;59
3304557999075;1071
3304557999076;493
3304557999077;4499
3304557999078;2226
3304557999079;1173
3304557999080;1008
3304557999081;1109
3304557999082;800
3304557999083;2453
3304557999084;325
3304557999085;1279
3304557999086;797
3304557999087;2050
3304557999088;415
3304557999089;1383
3304557999090;1462
3304557999091;2234
3304557999092;5549
3304557999093;693
3304557999094;776
3304557999095;3907
3304557999096;468
3304557999097;335
3304557999098;405
3304557999099;1362
3304557999100;834
3304557999101;1191
3304557999102;121
3304557999103;831
3304557999104;164
3304557999105;276
3304557999106;786
3304557999107;4024
3304557999108;1974
3304557999109;756
3304557999110;1089
3304557999111;1042
3304557999112;498
3304557999113;373
3304557999114;1423
3304557999115;944
3304557999116;1519
3304557999117;1137
3304557999118;1130
3304557999119;1947
3304557999120;1008
3304557999121;734
3304557999122;1376
3304557999123;781
3304557999124;1953
3304557999125;502
3304557999126;569
3304557999127;153
3304557999128;224
3304557999129;354
3304557999130;418
3304557999131;236
3304557999132;6246
3304557999133;501
3304557999134;483
3304557999135;420
3304557999136;1616
3304557999137;1106
3304557999138;89
3304557999139;1361
3304557999140;487
3304557999141;1923
3304557999142;303
3304557999143;905
3304557999144;221
3304557999145;481
3304557999146;961
3304557999147;899
3304557999148;1126
3304557999149;205
3304557999150;1327
3304557999151;372
3304557999152;700
3304557999153;3235
3304557999154;1013
3304557999155;4409
3304557999156;529
3304557999157;2324
3304557999158;3131
3304557999159;4149
3304557999160;1321
3304557999161;839
3304557999162;261
3304557999163;235
3304557999164;463
3304557999165;1275
3304557999166;757
3304557999167;3197
3304557999168;358
3304557999169;1113
3304557999170;290
3304904001001;348
3304904001002;190
3304904001003;311
3304904001004;110
3304904001005;353
3304904001006;205
3304904001007;210
3304904001008;1279
3304904001009;184
3304904001010;1745
3304904001011;287
3304904001012;65
3304904001013;641
3304904001014;496
3304904001015;1142
3304904001016;192
3304904001017;92
3304904001018;156
3304904002001;214
3304904002002;400
3304904002003;336
3304904002004;141
3304904002005;192
3304904002006;289
3304904002007;108
3304904002008;515
3304904003001;266
3304904003002;279
3304904003003;499
3304904003004;390
3304904003005;208
3304904003006;29
3304904003007;274
3304904003008;204
3304904003009;183
3304904004001;603
3304904004002;429
3304904004003;319
3304904004004;698
3304904004005;357
3304904004006;133
3304904004007;349
3304904004008;192
3304904005001;280
3304904005002;342
3304904005003;91
3304904005004;362
3305109999001;279
3305109999002;133
3305109999003;373
3305109999004;112
3305109999005;569
3305109999006;429
3305109999007;195
3305109999008;1027
3305109999009;309
3305109999010;2491
3305109999011;1206
3305109999012;878
3305554001001;944
3305554001002;143
3306305999001;562
3306305999002;342
3306305999003;358
3306305999004;296
3306305999005;3052
3306305999006;334
3306305999007;709
3306305999008;196
3306305999009;629
3306305999010;1138
3306305999011;1986
3306305999012;194
3501152001001;414
3501608001001;1880
3501608001002;1031
3501608001003;1929
3501608001004;1933
3501608001005;1586
3501608001006;480
3501608001007;3361
3501608001008;1119
3501608001009;955
3502754001001;989
3502903001001;1415
3503901001001;2863
3504107001001;8193
3504107001002;246
3504602001001;1155
3505708001001;1048
3505708001002;858
3505708001003;4655
3505708001004;7274
3505708001005;825
3505708004001;811
3505708004002;619
3505708501001;1113
3505708502001;1318
3506359001001;2410
3507001001001;2798
3507100001001;793
3508405001001;1813
3508504001001;1996
3508504001002;643
3508504001003;192
3509007001001;2638
3509205001001;2703
3509502001001;444
3509502001002;873
3509502001003;1165
3509502001004;860
3509502001005;1963
3509502001006;2012
3509502001007;194
3509502001008;740
3509502001009;638
3509502001010;1816
3509502001011;2089
3509502001012;1129
3509502001013;1938
3509502001014;892
3509502001015;535
3509502001016;249
3509502001017;295
3509502001018;2692
3509502001019;1954
3509502001020;662
3509502001021;477
3509502001022;1186
3509502001023;3336
3509502001024;3928
3509502001025;697
3509502001026;531
3509502001027;305
3509502001028;1532
3509502001029;818
3509502001030;2380
3509502001031;646
3509502001032;545
3509502001033;337
3509502001034;1779
3509502001035;1406
3509502001036;1951
3509502001037;2103
3509502001038;1602
3509502001039;2351
3509502001040;2381
3509502001041;682
3509502001042;1019
3509502001043;4104
3509502001044;4051
3509502001045;1752
3509502001046;495
3509502001047;1249
3509502001048;981
3509502001049;1139
3509601001001;1941
3510609001001;548
3510609001002;438
3510609001003;51
3510609001004;167
3510609001005;400
3510609001006;789
3510609001007;154
3510609001008;615
3510609001009;359
3510609001010;405
3510609001011;2480
3510609003001;337
3510609003002;320
3510609003003;371
3510609003004;392
3510609501001;731
3511300001001;790
3512803001001;3293
3513009001001;3585
3513009001002;866
3513009001003;910
3513009001004;1469
3513009001005;3102
3513009501001;853
3513504001001;144
3513504001002;45
3513504001003;692
3513504001004;408
3513504001005;1997
3513801999001;474
3513801999002;1512
3513801999003;2412
3513801999004;1015
3513801999005;976
3513801999006;495
3513801999007;718
3513801999008;352
3513801999009;579
3513801999010;489
3513801999011;551
3513801999012;219
3513801999013;378
3513801999014;313
3513801999015;288
3513801999016;234
3513801999017;999
3513801999018;394
3515004001001;262
3515004001002;255
3515004001003;168
3515004001004;312
3515004001005;554
3515004001006;267
3515004001007;423
3515004001008;354
3515004001009;1133
3515004001010;1332
3515103001005;1453
3515103001099;182
3515707001001;306
3515707001002;203
3515707001003;136
3515707001004;288
3515707001005;1956
3515707501001;239
3515707502001;163
3516309001001;149
3516309001002;168
3516309001003;161
3516309001004;990
3516309001005;202
3516309001006;361
3516408001001;175
3516408001002;214
3516408001003;1187
3516408001004;361
3516408001005;501
3517505001001;1190
3518305001001;1579
3518701001001;1053
3518701001002;546
3518701001003;505
3518701001004;531
3518701001005;291
3518701001006;1652
3518701001007;2264
3518701002001;370
3518701002002;623
3518701002003;384
3518701002004;729
3518701002005;796
3518800999001;9047
3518800999002;1170
3518800999003;710
3518800999004;337
3518800999005;756
3518800999006;1184
3518800999007;611
3518800999008;400
3518800999009;473
3518800999010;805
3518800999011;444
3518800999012;365
3518800999013;542
3518800999014;464
3518800999015;481
3518800999016;1109
3518800999017;1380
3518800999018;597
3518800999019;1193
3518800999020;665
3518800999021;545
3518800999022;1189
3518800999023;1318
3518800999024;674
3518800999025;402
3518800999026;378
3518800999027;255
3518800999028;191
3518800999029;454
3518800999030;548
3518800999031;284
3518800999032;381
3518800999033;269
3518800999034;666
3518800999035;740
3518800999036;245
3518800999037;283
3518800999038;185
3518800999039;334
3518800999040;485
3518800999041;586
3518800999042;458
3518800999043;290
3518800999044;623
3518800999045;464
3518800999046;479
3518800999047;764
3518800999048;632
3518800999049;993
3518800999050;1477
3518800999051;409
3518800999052;503
3518800999053;282
3518800999054;357
3518800999055;319
3518800999056;198
3518800999057;401
3518800999058;519
3519071001001;1209
3519071001002;727
3519071001003;1005
3519071001004;655
3519071001005;209
3519071001006;258
3519071001007;874
3519071001008;1632
3520509001001;846
3520509001002;414
3520509001003;4327
3520509001004;1008
3520509001005;930
3520509001006;3399
3520509001007;712
3521002001001;813
3522109001001;1407
3522109001002;233
3522109001003;729
3522109001004;801
3522208001001;752
3522208001002;1026
3522208001003;806
3522208001004;348
3522208001005;455
3522208001006;317
3522505001001;182
3522505001002;236
3522505001003;2551
3522505001004;217
3522505001005;208
3522505001006;374
3522505001007;404
3523107001001;449
3523107001002;324
3523107001003;1116
3523107001004;354
3523107001005;252
3523107001006;435
3523107001007;309
3523107001008;440
3523107001009;370
3523107001010;373
3523107001011;399
3523107001012;2158
3523404001001;3050
3523404001002;789
3523404001003;1912
3523909001001;1170
3523909001002;1181
3523909001003;1702
3523909001004;649
3523909001005;3743
3523909001006;640
3523909001007;482
3524006001001;2182
3524402001001;326
3524402001002;652
3524402001003;3638
3524402001004;1529
3524402001005;358
3524402001006;1065
3524402001007;286
3524402001008;359
3524402501001;349
3524709001001;2757
3525003001001;255
3525003001002;562
3525003001003;1833
3525003001004;562
3525102001001;2168
3525904999001;551
3525904999002;1690
3525904999003;622
3525904999004;504
3525904999005;1869
3525904999006;292
3525904999007;876
3525904999008;560
3525904999009;714
3525904999010;855
3525904999011;3899
3525904999012;2140
3525904999013;2094
3525904999014;742
3525904999015;1781
3525904999016;358
3525904999017;1369
3525904999018;1228
3526209001001;1563
3527306001001;1655
3528403001001;1616
3528502001001;3440
3529401001001;214
3529401001002;584
3529401001003;361
3529401001004;162
3529401001005;2723
3529401001006;844
3529401001007;94
3529401001008;451
3529401001009;86
3529401001010;361
3529401001011;578
3529401001012;160
3529401001013;129
3529401001014;385
3529401001015;359
3529401001016;1430
3530300001001;3314
3530607001001;455
3530607001002;429
3530607001003;1226
3530607001004;447
3530607001005;242
3530607001006;604
3530607001007;202
3530607001008;2980
3530607001009;435
3530607001010;6326
3530607001011;437
3530607001012;70
3530607001013;667
3530607001014;222
3530607001015;1006
3531100001001;1754
3531803001001;1857
3532009001001;896
3532405001001;679
3533403001001;2445
3534401999001;421
3534401999002;252
3534401999003;406
3534401999004;326
3534401999005;436
3534401999006;281
3534401999007;599
3534401999008;325
3534401999009;327
3534401999010;596
3534401999011;767
3534401999012;767
3534401999013;1307
3534401999014;5104
3534401999015;248
3534401999016;367
3534401999017;398
3534401999018;307
3534401999019;371
3534401999020;499
3534401999021;1018
3534401999022;618
3534401999023;1173
3534401999024;363
3534401999025;4541
3534401999026;740
3534401999027;846
3534401999028;495
3534401999029;359
3534401999030;482
3534401999031;172
3534401999032;170
3536505001001;4458
3537107001001;2594
3538006001001;2449
3538006001002;889
3538006001003;1860
3538006501001;766
3538600001001;1413
3539103001001;1564
3539806001001;2947
3539806001002;822
3539806001003;1395
3539806001004;5599
3540606001001;2733
3541000001001;351
3541000001002;426
3541000001003;508
3541000001004;748
3541000001005;2404
3541000001006;2005
3541000001007;2450
3541000002001;1262
3541000002002;421
3543303001005;3997
3543303001099;566
3543402999001;1831
3543402999002;1129
3543402999003;1882
3543402999004;396
3543402999005;1432
3543402999006;2052
3543402999007;5406
3543402999008;2603
3543402999009;1431
3543402999010;1125
3543402999011;1773
3543402999012;940
3543402999013;835
3543402999014;677
3543402999015;2417
3543402999016;824
3543402999017;6574
3543402999018;736
3543402999019;1631
3543402999020;1139
3543402999021;2199
3543402999022;494
3543402999023;406
3543402999024;573
3543402999025;2679
3543402999026;896
3544103001001;933
3545209001001;943
3545209001002;624
3545209001003;1521
3545209001004;1294
3545209001005;891
3545308001001;1172
3545803001001;2221
3545803001002;609
3545803001003;501
3545803001004;678
3545803001005;260
3545803001006;445
3545803001007;2615
3546801001001;2076
3547304001001;19460
3547809999001;1038
3547809999002;467
3547809999003;479
3547809999004;578
3547809999005;571
3547809999006;440
3547809999007;823
3547809999008;562
3547809999009;964
3547809999010;1006
3547809999011;1185
3547809999012;309
3547809999013;177
3547809999014;337
3547809999015;1263
3547809999016;496
3547809999017;2838
3547809999018;610
3547809999019;845
3547809999020;1938
3547809999021;4553
3547809999022;2690
3547809999023;1213
3547809999024;991
3547809999025;1154
3547809999026;553
3547809999027;552
3547809999028;224
3547809999029;405
3547809999030;665
3547809999031;575
3547809999032;278
3547809999033;358
3547809999034;333
3547809999035;256
3547809999036;288
3547809999037;179
3547809999038;63
3547809999039;484
3547809999040;167
3547809999041;243
3547809999042;144
3547809999043;259
3548500999001;2490
3548500999002;1807
3548500999003;609
3548500999004;246
3548500999005;2050
3548500999006;1507
3548500999007;596
3548500999008;5761
3548500999009;116
3548500999010;288
3548500999011;472
3548500999012;303
3548500999013;485
3548500999014;3563
3548500999015;1661
3548500999016;1893
3548500999017;799
3548500999018;615
3548500999019;128
3548500999020;510
3548500999021;1222
3548500999022;335
3548500999023;685
3548500999024;473
3548500999025;987
3548500999026;566
3548500999027;965
3548708999001;502
3548708999002;347
3548708999003;361
3548708999004;342
3548708999005;646
3548708999006;471
3548708999007;1628
3548708999008;610
3548708999009;321
3548708999010;798
3548708999011;4579
3548708999012;933
3548708999013;3696
3548708999014;2279
3548708999015;2203
3548708999016;205
3548708999017;557
3548708999018;1034
3548708999019;1406
3548708999020;675
3548708999021;806
3548708999022;814
3548708999023;528
3548708999024;1295
3548708999025;970
3548708999026;1636
3548708999027;1435
3548708999028;1417
3548708999029;875
3548708999030;1317
3548708999031;204
3548708999032;78
3548708999033;169
3548708999034;185
3548708999035;25
3548708999036;405
3548708999037;437
3548807001001;1385
3548807001002;994
3548807001003;1844
3548807001004;3873
3548807001005;1147
3548807001006;1570
3548807001007;3258
3549805001001;1564
3549805001002;1855
3549805001003;341
3549805001004;692
3549805001005;1150
3549805001006;2579
3549805001007;760
3549805001008;1051
3549805001009;640
3549805001010;2657
3549805001011;1359
3549805001012;965
3549805001013;996
3549805001014;1273
3549805001015;1179
3549805001016;658
3549805001017;3002
3549805001018;3090
3549805001019;3999
3549805001020;1026
3549805501001;902
3549904001001;959
3549904001002;256
3549904001003;408
3549904001004;666
3549904001005;547
3549904001006;1185
3549904001007;866
3549904001008;3071
3549904001009;530
3549904001010;1718
3549904001011;1069
3549904001012;422
3549904001013;266
3549904001014;179
3549904001015;985
3549904001016;1123
3549904001017;2809
3549904001018;988
3549904001019;1135
3549904001020;1691
3549904001021;379
3549904001022;2685
3549904001023;2326
3549904001024;1024
3549904001025;2816
3549904001026;317
3549953001001;1107
3550308999001;63479
3550308999002;3379
3550308999003;8432
3550308999004;6685
3550308999005;5333
3550308999006;3068
3550308999007;10263
3550308999008;3986
3550308999009;1346
3550308999010;1832
3550308999011;1068
3550308999012;2319
3550308999013;1414
3550308999014;1496
3550308999015;3989
3550308999016;5729
3550308999017;2220
3550308999018;2869
3550308999019;4763
3550308999020;3674
3550308999021;2245
3550308999022;1704
3550308999023;4161
3550308999024;3758
3550308999025;2114
3550308999026;2822
3550308999027;2557
3550308999028;4230
3550308999029;2956
3550308999030;4089
3550308999031;2107
3550308999032;3365
3550308999033;3448
3550308999034;5342
3550308999035;8483
3550308999036;4803
3550308999037;5388
3550308999038;3007
3550308999039;4554
3550308999040;2406
3550308999041;1913
3550308999042;3091
3550308999043;3087
3550308999044;4849
3550308999045;2275
3550308999046;1451
3550308999047;3989
3550308999048;3408
3550308999049;2192
3550308999050;2990
3550308999051;1656
3550308999052;1568
3550308999053;719
3550308999054;1587
3550308999055;2168
3550308999056;2279
3550308999057;4946
3550308999058;4122
3550308999059;1986
3550308999060;1667
3550308999061;1384
3550308999062;3418
3550308999063;1491
3550308999064;1183
3550308999065;1853
3550308999066;1683
3550308999067;3430
3550308999068;1609
3550308999069;1930
3550308999070;1379
3550308999071;2060
3550308999072;1982
3550308999073;4166
3550308999074;3724
3550308999075;2059
3550308999076;2131
3550308999077;4241
3550308999078;12845
3550308999079;2071
3550308999080;5530
3550308999081;13495
3550308999082;4589
3550308999083;2089
3550308999084;2010
3550308999085;2216
3550308999086;1652
3550308999087;2322
3550308999088;2816
3550308999089;3957
3550308999090;4238
3550308999091;4684
3550308999092;1832
3550308999093;1001
3550308999094;968
3550308999095;828
3550308999096;1161
3550308999097;1159
3550308999098;716
3550308999099;2257
3550308999100;2124
3550308999101;2689
3550308999102;1938
3550308999103;1617
3550308999104;2329
3550308999105;994
3550308999106;1082
3550308999107;1367
3550308999108;948
3550308999109;698
3550308999110;1210
3550308999111;570
3550308999112;3617
3550308999113;616
3550308999114;676
3550308999115;1291
3550308999116;1352
3550308999117;1203
3550308999118;1069
3550308999119;1130
3550308999120;1668
3550308999121;1906
3550308999122;1930
3550308999123;1144
3550308999124;2017
3550308999125;1758
3550308999126;1229
3550308999127;606
3550308999128;1181
3550308999129;1059
3550308999130;1810
3550308999131;1501
3550308999132;1743
3550308999133;692
3550308999134;1006
3550308999135;1535
3550308999136;492
3550308999137;1323
3550308999138;457
3550308999139;1108
3550308999140;2469
3550308999141;790
3550308999142;1071
3550308999143;848
3550308999144;1203
3550308999145;2689
3550308999146;3005
3550308999147;3096
3550308999148;2783
3550308999149;1672
3550308999150;1261
3550308999151;2709
3550308999152;1714
3550308999153;1012
3550308999154;1249
3550308999155;4684
3550308999156;2909
3550308999157;1835
3550308999158;4724
3550308999159;3509
3550308999160;4061
3550308999161;8640
3550308999162;10343
3550308999163;4844
3550308999164;2494
3550308999165;3155
3550308999166;4248
3550308999167;2777
3550308999168;7427
3550308999169;1366
3550308999170;1985
3550308999171;2180
3550308999172;1330
3550308999173;1981
3550308999174;1190
3550308999175;915
3550308999176;2100
3550308999177;883
3550308999178;952
3550308999179;1500
3550308999180;329
3550308999181;841
3550308999182;1308
3550308999183;1779
3550308999184;1297
3550308999185;1577
3550308999186;561
3550308999187;858
3550308999188;693
3550308999189;916
3550308999190;686
3550308999191;561
3550308999192;1175
3550308999193;265
3550308999194;592
3550308999195;252
3550308999196;1375
3550308999197;881
3550308999198;621
3550308999199;834
3550308999200;585
3550308999201;493
3550308999202;1300
3550308999203;982
3550308999204;1089
3550308999205;1627
3550308999206;870
3550308999207;1819
3550308999208;1100
3550308999209;677
3550308999210;527
3550308999211;1759
3550308999212;761
3550308999213;887
3550308999214;1190
3550308999215;905
3550308999216;793
3550308999217;913
3550308999218;707
3550308999219;429
3550308999220;887
3550308999221;686
3550308999222;741
3550308999223;823
3550308999224;1050
3550308999225;885
3550308999226;935
3550308999227;780
3550308999228;717
3550308999229;895
3550308999230;1061
3550308999231;2025
3550308999232;818
3550308999233;940
3550308999234;944
3550308999235;984
3550308999236;1117
3550308999237;1454
3550308999238;482
3550308999239;738
3550308999240;804
3550308999241;852
3550308999242;1446
3550308999243;837
3550308999244;1182
3550308999245;736
3550308999246;938
3550308999247;623
3550308999248;948
3550308999249;858
3550308999250;808
3550308999251;906
3550308999252;699
3550308999253;673
3550308999254;510
3550308999255;404
3550308999256;1366
3550308999257;658
3550308999258;533
3550308999259;741
3550308999260;368
3550308999261;624
3550308999262;1129
3550308999263;1045
3550308999264;780
3550308999265;1149
3550308999266;365
3550308999267;818
3550308999268;367
3550308999269;841
3550308999270;502
3550308999271;1884
3550308999272;733
3550308999273;1158
3550308999274;2032
3550308999275;2797
3550308999276;1308
3550308999277;1475
3550308999278;7046
3550308999279;5652
3550308999280;6862
3550308999281;944
3550308999282;2429
3550308999283;2678
3550308999284;2458
3550308999285;2082
3550308999286;1601
3550308999287;2741
3550308999288;1279
3550308999289;1129
3550308999290;1646
3550308999291;1200
3550308999292;619
3550308999293;1412
3550308999294;1432
3550308999295;328
3550308999296;1152
3550308999297;1442
3550308999298;553
3550308999299;167
3550308999300;399
3550308999301;916
3550308999302;876
3550308999303;1187
3550308999304;508
3550308999305;619
3550308999306;463
3550308999307;368
3550308999308;707
3550308999309;611
3550308999310;343
3550308999311;1148
3550308999312;1413
3550308999313;506
3550308999314;617
3550308999315;269
3550308999316;649
3550308999317;748
3550308999318;1031
3550308999319;347
3550308999320;386
3550308999321;947
3550308999322;569
3550308999323;1681
3550308999324;1195
3550308999325;823
3550308999326;773
3550308999327;683
3550308999328;693
3550308999329;1449
3550308999330;1036
3550308999331;998
3550308999332;691
3550308999333;377
3550308999334;453
3550308999335;769
3550308999336;521
3550308999337;487
3550308999338;434
3550308999339;434
3550308999340;758
3550308999341;1508
3550308999342;500
3550308999343;299
3550308999344;571
3550308999345;1290
3550308999346;1233
3550308999347;2611
3550308999348;1914
3550308999349;945
3550308999350;767
3550308999351;785
3550308999352;653
3550308999353;320
3550308999354;518
3550308999355;424
3550308999356;351
3550308999357;1035
3550308999358;556
3550308999359;375
3550308999360;566
3550308999361;1001
3550308999362;1646
3550308999363;349
3550308999364;821
3550308999365;714
3550308999366;346
3550308999367;787
3550308999368;728
3550308999369;1531
3550308999370;1230
3550308999371;607
3550308999372;671
3550308999373;697
3550308999374;458
3550308999375;1455
3550308999376;679
3550308999377;997
3550308999378;538
3550308999379;3204
3550308999380;798
3550308999381;675
3550308999382;448
3550308999383;83
3550308999384;337
3550308999385;513
3550308999386;828
3550308999387;401
3550308999388;482
3550308999389;864
3550308999390;550
3550308999391;550
3550308999392;1403
3550308999393;365
3550308999394;595
3550308999395;473
3550308999396;321
3550308999397;389
3550308999398;300
3550308999399;599
3550308999400;350
3550308999401;388
3550308999402;354
3550308999403;557
3550308999404;272
3550308999405;515
3550308999406;175
3550308999407;876
3550308999408;186
3550308999409;1006
3550308999410;525
3550308999411;524
3550308999412;824
3550308999413;728
3550308999414;368
3550308999415;262
3550308999416;392
3550308999417;419
3550308999418;287
3550308999419;236
3550308999420;341
3550308999421;358
3550308999422;478
3550308999423;483
3550308999424;1157
3550308999425;776
3550308999426;331
3550308999427;277
3550308999428;346
3550308999429;1829
3550308999430;420
3550308999431;658
3550308999432;580
3550308999433;454
3550308999434;1430
3550308999435;665
3550308999436;261
3550308999437;422
3550308999438;593
3550308999439;462
3550308999440;677
3550308999441;405
3550308999442;357
3550308999443;303
3550308999444;211
3550308999445;392
3550308999446;596
3550308999447;601
3550308999448;359
3550308999449;803
3550308999450;515
3550308999451;353
3550308999452;421
3550308999453;459
3550308999454;510
3550308999455;242
3550308999456;3757
3550605001005;3766
3550605001099;252
3551009999001;985
3551009999002;327
3551009999003;575
3551009999004;488
3551009999005;228
3551009999006;402
3551009999007;641
3551009999008;2443
3551009999009;689
3551009999010;831
3551009999011;180
3551009999012;201
3551009999013;344
3551009999014;245
3551009999015;330
3551009999016;376
3551504001001;2079
3551702001001;612
3551702001002;1027
3551702001003;893
3551702001004;2537
3551702001005;1353
3552205001001;818
3552205001002;617
3552205001003;911
3552205001004;869
3552205001005;1200
3552205001006;533
3552205001007;574
3552205001008;1699
3552205001009;1697
3552205001010;743
3552205001011;2495
3552205001012;2802
3552205001013;2230
3552205001014;7450
3552205001015;1108
3552205001016;1721
3552205001017;2468
3552205001018;1900
3552403001001;1504
3552403001002;454
3552403001003;1101
3552403001004;1600
3552403002001;1033
3552403002002;529
3552403002003;547
3552403002004;622
3552403002005;671
3552502001001;405
3552502001002;1210
3552502001003;1987
3552502001004;792
3552502001005;2962
3552502001006;545
3552502002001;171
3552502002002;252
3552502002003;331
3552502002004;196
3552502501001;703
3552809001001;388
3552809001002;496
3552809001003;879
3552809001004;164
3552809001005;184
3552809001006;1151
3552809001007;1684
3552809001008;1779
3552809001009;1402
3554102001001;697
3554102001002;434
3554102001003;546
3554102001004;401
3554102001005;430
3554102001006;1278
3554102001007;752
3554102001008;3372
3554102001009;2611
3554102001010;551
3554102501001;1236
3554805001001;1518
3556206001001;906
3556206001002;1070
3556206001003;741
3556206001004;2382
3556206001005;2382
3556453001001;1934
3556503001001;977
3556503001002;1379
3556503001003;430
3556701001001;4646
3557006001001;884
3557006001002;1105
3557006001003;573
3557006001004;220
3557006001005;524
4100400001001;991
4100400001002;589
4100400001003;605
4100400001004;467
4101804001001;2499
4101804001002;421
4101804001003;1215
4101804001004;828
4101804001005;603
4103701001001;884
4103701001002;201
4103701001003;1898
4103701001004;560
4103701001005;1067
4104006001001;2000
4104204001005;4911
4104204001099;205
4104253001001;856
4105805001001;1760
4105805001002;848
4105805001003;650
4105805001004;674
4105805001005;562
4105805001006;1063
4105805001007;958
4105805001008;1382
4105805001009;494
4106902999001;18766
4106902999002;3965
4106902999003;4246
4106902999004;3625
4106902999005;2609
4106902999006;1746
4106902999007;1540
4106902999008;903
4106902999009;5313
4106902999010;1182
4106902999011;1343
4106902999012;2913
4106902999013;2728
4106902999014;3152
4106902999015;1356
4106902999016;912
4106902999017;1265
4106902999018;3372
4106902999019;2240
4106902999020;1514
4106902999021;2415
4106902999022;1865
4106902999023;2531
4106902999024;1904
4106902999025;890
4106902999026;3362
4106902999027;4581
4106902999028;3527
4106902999029;2490
4106902999030;2614
4106902999031;3255
4106902999032;2828
4106902999033;3159
4106902999034;1707
4106902999035;3082
4106902999036;1279
4106902999037;881
4106902999038;1324
4106902999039;1335
4106902999040;2697
4106902999041;3420
4106902999042;1647
4106902999043;1819
4106902999044;3364
4106902999045;152
4106902999046;402
4106902999047;2700
4106902999048;3311
4106902999049;2832
4106902999050;2015
4106902999051;1971
4106902999052;540
4106902999053;542
4106902999054;1153
4106902999055;1168
4106902999056;1147
4106902999057;1801
4106902999058;1887
4106902999059;768
4107652001001;2981
4107900001001;323
4109807001001;1942
4111258001001;856
4113700999001;435
4113700999002;540
4113700999003;1118
4113700999004;1130
4113700999005;1253
4113700999006;1925
4113700999007;1788
4113700999008;945
4113700999009;6619
4113700999010;1830
4113700999011;5720
4113700999012;1232
4113700999013;1261
4113700999014;632
4113700999015;884
4113700999016;643
4113700999017;166
4113700999018;2670
4113700999019;1410
4113700999020;2540
4113700999021;2344
4113700999022;370
4113700999023;9
4114203001001;2018
4114807001001;2161
4115200001001;854
4115200001002;1356
4115200001003;2264
4115200001004;2024
4115200001005;1886
4115200001006;9443
4115200001007;860
4115200001008;1438
4115200001009;941
4115200001010;1826
4115200001011;2260
4115200001012;1267
4115200001013;3311
4115200001014;705
4117503001001;1087
4119152001001;1103
4119152001002;387
4119152001003;2153
4119152001004;659
4119152001005;2296
4119152001006;655
4119509001001;1140
4119509001002;888
4120804001001;1083
4122206001001;1214
4122404001001;3762
4125506001001;723
4125506001002;1329
4125506001003;932
4125506001004;2834
4125506001005;3083
4125506001006;2915
4125506001007;44
4125506001008;1462
4126256001001;1142
4126256001002;1291
4126256001003;332
4126256001004;342
4201307001001;1534
4202305001001;2231
4205407999001;2679
4205407999002;8439
4205407999003;483
4205407999004;657
4205407999005;2040
4205407999006;1946
4205407999007;821
4205407999008;680
4205407999009;856
4205407999010;2990
4205407999011;1341
4205407999012;891
4205407999013;1794
4205407999014;1554
4205407999015;1412
4205407999016;2141
4205407999017;1060
4205407999018;424
4205407999019;1274
4205407999020;1197
4205803001001;986
4206009001001;513
4206504001001;2026
4208906001001;3492
4208906001002;147
4208906001003;584
4208906001004;1679
4208906001005;1835
4208906001006;1340
4209102999001;311
4209102999002;760
4209102999003;419
4209102999004;1206
4209102999005;762
4209102999006;1250
4209102999007;2278
4209102999008;1346
4209102999009;920
4209102999010;745
4209102999011;2811
4209102999012;5424
4209102999013;2567
4209102999014;1141
4209102999015;660
4209102999016;290
4209102999017;353
4209102999018;540
4209102999019;855
4209102999020;596
4209102999021;609
4209102999022;499
4209102999023;311
4209102999024;1212
4211900001001;1864
4211900001002;1650
4211900001003;1556
4211900001004;1335
4211900501001;504
4212304001001;352
4215703001001;1191
4216602001001;1493
4216602001002;694
4216602001003;1878
4216602002001;1598
4216602002002;985
4216602002003;1170
4216602002004;1556
4216602501001;4093
4217402001001;752
4300604001001;1499
4300604001002;363
4300604001003;831
4300604001004;343
4300604001005;368
4300604001006;470
4300604001007;295
4300604001008;833
4300604501001;343
4300877001001;348
4303103001001;535
4303103001002;573
4303103001003;595
4303103001004;2025
4303103001005;1391
4303103001006;1410
4303103001007;1173
4303905001001;4626
4304606001001;604
4304606001002;816
4304606001003;692
4304606001004;382
4304606001005;158
4304606001006;431
4304606001007;452
4304606001008;661
4304606001009;1788
4304606001010;2700
4304606001011;1841
4304606001012;1384
4304606001013;1654
4304606001014;1022
4304606001015;3419
4304689001001;420
4305108999001;1860
4305108999002;1771
4305108999003;3120
4305108999004;952
4305108999005;3039
4305108999006;1495
4305108999007;2076
4305108999008;1750
4305108999009;794
4305108999010;2613
4305108999011;1525
4305108999012;1348
4305108999013;5610
4305108999014;1607
4305108999015;1574
4305108999016;1248
4305108999017;882
4305108999018;762
4305108999019;418
4305108999020;9
4306403001001;1862
4306767001001;1536
4307609001001;2854
4307708001001;578
4307708001002;699
4307708001003;2362
4307708001004;1131
4307906001001;5053
4309209001001;629
4309209001002;825
4309209001003;1415
4309209001004;1072
4309209001005;1057
4309209001006;519
4309209001007;938
4309209001008;2697
4309209001009;919
4309209001010;474
4309209501001;740
4309308001001;1385
4309308001002;323
4309308001003;2622
4310801001001;1518
4311627001001;194
4312476001001;375
4313375001001;1086
4313409001001;672
4313409001002;865
4313409001003;1451
4313409001004;920
4313409001005;5255
4313409001006;417
4313409001007;591
4313409001008;2057
4313409001009;132
4313409001010;738
4313409001011;1276
4313409001012;2651
4313409001013;1706
4313409001014;1686
4313409001015;600
4314407001001;309
4314407001002;910
4314407001003;2944
4314407001004;1598
4314407001005;531
4314407001006;545
4314407001007;976
4314407001008;3259
4314407001009;234
4314407001010;628
4314407001011;164
4314407001012;759
4314407001013;735
4314407001014;1314
4314407001015;757
4314407001016;365
4314407001017;786
4314407501001;263
4314803001001;1838
4314902999001;545
4314902999002;506
4314902999003;1044
4314902999004;1018
4314902999005;14806
4314902999006;2267
4314902999007;2135
4314902999008;2118
4314902999009;5278
4314902999010;2237
4314902999011;1616
4314902999012;961
4314902999013;2953
4314902999014;3113
4314902999015;1427
4314902999016;5752
4314902999017;1506
4314902999018;3411
4314902999019;2905
4314902999020;836
4314902999021;3214
4314902999022;667
4314902999023;5038
4314902999024;631
4314902999025;715
4314902999026;757
4314902999027;559
4314902999028;740
4314902999029;2208
4314902999030;5993
4314902999031;2602
4314902999032;2120
4314902999033;4078
4314902999034;1116
4314902999035;805
4314902999036;1421
4314902999037;2318
4314902999038;2003
4314902999039;1527
4314902999040;727
4314902999041;2194
4314902999042;2380
4314902999043;639
4314902999044;6855
4314902999045;2214
4314902999046;9162
4314902999047;4775
4314902999048;4529
4314902999049;2739
4315602001001;468
4315602001002;842
4315602001003;1270
4315602001004;919
4315602001005;519
4315602001006;335
4315602001007;3311
4315602001008;1142
4315602001009;285
4315602501001;3
4318705001001;536
4318705001002;2447
4318705001003;338
4318705001004;579
4318705001005;869
4318705001006;504
4318705001007;612
4318705001008;605
4318705001009;2530
4318705001010;2731
4319901001001;2477
4319901001002;531
4319901001003;626
4319901001004;1427
4320008001001;478
4320008001002;841
4320008001003;825
4320008001004;575
4320008001005;306
4320008001006;1949
4323002001001;669
4323002001002;924
4323002001003;332
4323002001004;401
4323002001005;1338
4323002001006;1278
4323002001007;319
4323002001008;630
4323002001009;346
4323002001010;600
4323002001011;159
5002704999001;379
5002704999002;361
5002704999003;499
5002704999004;406
5002704999005;622
5002704999006;562
5002704999007;382
5002704999008;586
5002704999009;348
5002704999010;769
5002704999011;394
5002704999012;799
5002704999013;370
5002704999014;215
5002704999015;1686
5002704999016;3326
5002704999017;4629
5002704999018;450
5002704999019;1387
5002704999020;674
5002704999021;533
5002704999022;1020
5002704999023;900
5002704999024;782
5002704999025;922
5002704999026;190
5002704999027;198
5002704999028;1564
5002704999029;558
5002704999030;4955
5002704999031;1917
5002704999032;2477
5103403999001;449
5103403999002;2890
5103403999003;1238
5103403999004;2204
5103403999005;2086
5103403999006;4012
5103403999007;2542
5103403999008;1550
5103403999009;1165
5103403999010;2523
5103403999011;647
5103403999012;995
5103403999013;95
5103403999014;334
5103403999015;1542
5103403999016;529
5103403999017;1963
5103403999018;527
5103403999019;978
5103403999020;246
5103403999021;55
5103403999022;733
5103403999023;390
5108402999001;333
5108402999002;433
5108402999003;660
5108402999004;1139
5108402999005;2447
5108402999006;748
5108402999007;708
5108402999008;1149
5108402999009;296
5200050001001;401
5200258001001;175
5200258001002;681
5200258001003;1505
5200258001004;23
5201405999001;711
5201405999002;662
5201405999003;209
5201405999004;845
5201405999005;837
5201405999006;1697
5201405999007;995
5201405999008;735
5201405999009;272
5201405999010;1745
5201405999011;236
5201405999012;561
5201405999013;825
5201405999014;504
5201405999015;830
5205497001001;894
5208004001001;555
5208004001002;896
5208004001003;1902
5208004001004;305
5208707999001;4301
5208707999002;5711
5208707999003;4233
5208707999004;1942
5208707999005;1809
5208707999006;1469
5208707999007;1335
5208707999008;2112
5208707999009;1360
5208707999010;1974
5208707999011;4015
5208707999012;2802
5208707999013;1429
5208707999014;3012
5208707999015;910
5208707999016;3553
5208707999017;9287
5208707999018;1049
5208707999019;4917
5208707999020;879
5208707999021;1050
5208707999022;2276
5208707999023;681
5208707999024;305
5208707999025;900
5208707999026;1035
5208707999027;877
5208707999028;167
5208707999029;1585
5208707999030;1118
5208707999031;586
5208707999032;785
5208707999033;2589
5208707999034;449
5208707999035;2032
5208707999036;1032
5208707999037;169
5208707999038;2492
5208707999039;1153
5208806001001;1038
5212501001001;238
5212501001002;283
5212501001003;953
5212501001004;728
5212501001005;523
5212501001006;1730
5212501001007;260
5214507001001;1782
5215231001001;850
5215603001001;953
5217609001001;1308
5219753001001;1088
5220454001001;1983
5221403001001;544
5221403001002;1047
5221403001003;339
5221403001004;347
5221858001001;541
5221858001002;790
5221858001003;575
5221858001004;780
5221858001005;152
5300108999001;4650
5300108999002;2611
5300108999003;1251
5300108999004;838
5300108999005;4039
5300108999006;7137
5300108999007;936
5300108999008;518
5300108999009;520
5300108999010;1612
5300108999011;8283
5300108999012;1068
5300108999013;1001
5300108999014;332
5300108999015;410
5300108999016;285
5300108999017;539
5300108999018;826
5300108999019;1053
5300108999020;4606
5300108999021;2648
5300108999022;790
5300108999023;306
5300108999024;202
5300108999025;164
5300108999026;254
5300108999027;330
5300108999028;1030
5300108999029;1551
5300108999030;2672
5300108999031;2416
5300108999032;991
5300108999033;968
5300108999034;165
5300108999035;1508
5300108999036;1824
5300108999037;1263
5300108999038;989
5300108999039;386
5300108999040;420
5300108999041;870
5300108999042;198
5300108999043;601
5300108999044;185
5300108999045;488
5300108999046;386
5300108999047;397
5300108999048;140
5300108999049;123
5300108999050;1453
5300108999051;1009
5300108999052;658
5300108999053;827
5300108999054;394
5300108999055;1517
5300108999056;1284
5300108999057;1040
5300108999058;269
5300108999059;169
5300108999060;511
5300108999061;676
5300108999062;625
5300108999063;216
5300108999064;203
5300108999065;284
5300108999066;243
5300108999067;175
5300108999068;325
5300108999069;759
5300108999070;145
5300108999071;283
5300108999072;171
5300108999073;334
5300108999074;3720
5300108999075;544
5300108999076;403
5300108999077;842
5300108999078;2152
5300108999079;1286
5300108999080;784
5300108999081;1516
5300108999082;7129
5300108999083;623
5300108999084;1234
5300108999085;934
5300108999086;661
5300108999087;476
5300108999088;412
5300108999089;364
5300108999090;1009
5300108999091;749
5300108999092;744
5300108999093;344
5300108999094;854
5300108999095;507
5300108999096;390
5300108999097;2132
5300108999098;545
5300108999099;720
5300108999100;656
5300108999101;372
5300108999102;1783
5300108999103;106
5300108999104;432
5300108999105;2873
5300108999106;1855
